-- phpMyAdmin SQL Dump
-- version 4.6.6deb5
-- https://www.phpmyadmin.net/
--
-- Host: localhost:3306
-- Generation Time: May 02, 2019 at 07:01 AM
-- Server version: 5.7.26-0ubuntu0.18.04.1
-- PHP Version: 7.2.17-0ubuntu0.18.04.1

SET SQL_MODE = "NO_AUTO_VALUE_ON_ZERO";
SET time_zone = "+00:00";


/*!40101 SET @OLD_CHARACTER_SET_CLIENT=@@CHARACTER_SET_CLIENT */;
/*!40101 SET @OLD_CHARACTER_SET_RESULTS=@@CHARACTER_SET_RESULTS */;
/*!40101 SET @OLD_COLLATION_CONNECTION=@@COLLATION_CONNECTION */;
/*!40101 SET NAMES utf8mb4 */;

--
-- Database: `mwr_consultant`
--

-- --------------------------------------------------------

--
-- Table structure for table `app_version`
--

CREATE TABLE `app_version` (
  `id` int(11) NOT NULL,
  `app` varchar(255) NOT NULL,
  `android_ver` varchar(255) NOT NULL,
  `ios_ver` varchar(255) NOT NULL,
  `android_update_status` int(11) NOT NULL,
  `ios_update_status` int(11) NOT NULL,
  `created_date` datetime NOT NULL,
  `last_force_update_android` varchar(255) NOT NULL,
  `last_force_update_ios` varchar(255) NOT NULL
) ENGINE=InnoDB DEFAULT CHARSET=utf8 ROW_FORMAT=COMPACT;

--
-- Dumping data for table `app_version`
--

INSERT INTO `app_version` (`id`, `app`, `android_ver`, `ios_ver`, `android_update_status`, `ios_update_status`, `created_date`, `last_force_update_android`, `last_force_update_ios`) VALUES
(1, 'mwr_consultant', '1.0.4', '1.0.6', 0, 0, '2018-10-16 00:00:00', '1.0.3', '1.0.1');

-- --------------------------------------------------------

--
-- Table structure for table `keys`
--

CREATE TABLE `keys` (
  `id` int(11) NOT NULL,
  `user_id` int(11) NOT NULL,
  `key` varchar(40) NOT NULL,
  `level` int(2) NOT NULL,
  `ignore_limits` tinyint(1) NOT NULL DEFAULT '0',
  `is_private_key` tinyint(1) NOT NULL DEFAULT '0',
  `ip_addresses` text,
  `date_created` datetime NOT NULL
) ENGINE=InnoDB DEFAULT CHARSET=utf8;

--
-- Dumping data for table `keys`
--

INSERT INTO `keys` (`id`, `user_id`, `key`, `level`, `ignore_limits`, `is_private_key`, `ip_addresses`, `date_created`) VALUES
(1, 1, '123456789', 0, 0, 0, NULL, '2018-11-16 00:00:00'),
(2, 0, 'w4gog44044c8c8sg4080ksoogs0ogsooc0sks48g', 1, 1, 0, NULL, '0000-00-00 00:00:00'),
(3, 0, '04c8gksowk0csk0gwo44k8ww0okc0g48gw8ck0sc', 1, 1, 0, NULL, '0000-00-00 00:00:00'),
(4, 0, '8osokcsco0s8sgs8kg4w48wkck4ww0848ckwckwc', 1, 1, 0, NULL, '0000-00-00 00:00:00'),
(5, 0, 'og0k8ogk0k4swcsg0s4so8os4c884gccwg4ck8c0', 1, 1, 0, NULL, '0000-00-00 00:00:00'),
(6, 0, 'kwgg08s48os8w0sgcksw8wkco084owwskcg0c8ws', 1, 1, 0, NULL, '0000-00-00 00:00:00'),
(7, 0, 'co8o444kgckgg0ks0808cg40k4cow8gc0go0wosc', 1, 1, 0, NULL, '0000-00-00 00:00:00'),
(8, 0, 'goc8c8g4o8wk888o0s8ok8kkkgskc4o404gk4ocg', 1, 1, 0, NULL, '0000-00-00 00:00:00'),
(9, 0, 'cococcswgso4kccw8kw8osc00o8sg0ogcwogkc8w', 1, 1, 0, NULL, '0000-00-00 00:00:00'),
(10, 0, 'os08084wso080g008w0ooc8sog0skcwwkwcsscw0', 1, 1, 0, NULL, '0000-00-00 00:00:00'),
(11, 0, 'o0gwo0skw4gkwo04gskkkwgk8kg408g4s4sc4oos', 1, 1, 0, NULL, '0000-00-00 00:00:00'),
(12, 0, 'g0848kokwgcwwsocssogogk40ss8o4cc840gc4kk', 1, 1, 0, NULL, '0000-00-00 00:00:00'),
(13, 0, 'cc4kcwckk0w08c8wwggwowwsow48o084gwoo84ss', 1, 1, 0, NULL, '0000-00-00 00:00:00'),
(14, 0, '0ow800808c4wgs4ckkkkscos00o8cscgogwscwss', 1, 1, 0, NULL, '0000-00-00 00:00:00'),
(15, 0, 'g4kgckkkg0g0o0kgkok44o00ws0ok84o0s4sg8ok', 1, 1, 0, NULL, '0000-00-00 00:00:00'),
(16, 0, 'ssgs0socwwcs8c480sg04o8c8go0s4ok0kg88g4w', 1, 1, 0, NULL, '0000-00-00 00:00:00'),
(17, 0, 's40wkgo0g4ssw8sk4g4sc0csk8gwk0ss088gkos0', 1, 1, 0, NULL, '0000-00-00 00:00:00'),
(18, 0, 'ggkc4cg8wog8wk04c80wwskgscggg8kgok4gsock', 1, 1, 0, NULL, '0000-00-00 00:00:00'),
(19, 0, 'scwc8occk08gw8c4k48c8cc4scgkg00s0owkg4gs', 1, 1, 0, NULL, '0000-00-00 00:00:00'),
(20, 0, 'gcwg0gwg8gcwk4k4c8gc4sc4kgcoogs4kwsw8sok', 1, 1, 0, NULL, '0000-00-00 00:00:00'),
(21, 0, 'ggo0k0kg8kcsg44cksgsggogsg0so04o8wgcwg04', 1, 1, 0, NULL, '0000-00-00 00:00:00'),
(22, 0, 'gsg4k4cs0kc8osksk4w4scss8sso0skog80cw0k0', 1, 1, 0, NULL, '0000-00-00 00:00:00'),
(23, 0, '0ocgkc848cc80kw00c4okow88cwg8o4gs4o8kwww', 1, 1, 0, NULL, '0000-00-00 00:00:00'),
(24, 0, 'o0kocg4gw8owgsscg8cogocw0ksc0cso4c0os08c', 1, 1, 0, NULL, '0000-00-00 00:00:00'),
(25, 0, '4w0gsgwo8gcsgsg44gw880sgokokkoccg0k0ws00', 1, 1, 0, NULL, '0000-00-00 00:00:00'),
(26, 0, 'gokwoc8kkowgg84ogcow400s4owoskgoos0cc0oo', 1, 1, 0, NULL, '0000-00-00 00:00:00'),
(27, 0, 'wg0wcwc8kc8gk4wws008cg8s0okwc00cogc0kw8k', 1, 1, 0, NULL, '0000-00-00 00:00:00'),
(28, 0, 'g4k48oko88sw4o04g48gkkc0wos0oowgwcwscg4w', 1, 1, 0, NULL, '0000-00-00 00:00:00'),
(29, 0, 'gs8sccsswokosk0ckwgwg4ogowo004cwkgsgos4o', 1, 1, 0, NULL, '0000-00-00 00:00:00'),
(30, 0, '0ggoc4kkskw4gsks4o8wkg04c0co4w4cokc0kkc8', 1, 1, 0, NULL, '0000-00-00 00:00:00'),
(31, 0, 'cs04soos84sgw4ss4kk08s00o488og4gko44ggws', 1, 1, 0, NULL, '0000-00-00 00:00:00'),
(32, 0, '0sgkk4cokwsows8oc4skww8ss84skkk4oow8ocs4', 1, 1, 0, NULL, '0000-00-00 00:00:00'),
(33, 0, 'k880cgoswc0s408o0kgs8wgo04s0w0k0088c0g88', 1, 1, 0, NULL, '0000-00-00 00:00:00'),
(34, 0, 'w0c00o04ck8wcoock084k8cwwkk0gkkc0oggk0ow', 1, 1, 0, NULL, '0000-00-00 00:00:00'),
(35, 0, '8cc8884cg0c8wssoowk80wwcsk88g8c8sw8c8w0o', 1, 1, 0, NULL, '0000-00-00 00:00:00'),
(36, 0, 'ockog4wc80w0gg4kgwo00o04c0cckco080wkw0cc', 1, 1, 0, NULL, '0000-00-00 00:00:00'),
(37, 0, '48go4g0woogs4ks8c04oocosgs8g080c44gsgk4c', 1, 1, 0, NULL, '0000-00-00 00:00:00'),
(38, 0, 'sockgs48gkkwsww0w88okkkosc488o44ww8w0ggc', 1, 1, 0, NULL, '0000-00-00 00:00:00'),
(39, 0, '4w8k8swoc84o8scgck0ok4ss84s8800wo8ckc8kk', 1, 1, 0, NULL, '0000-00-00 00:00:00'),
(40, 0, 'k80g8k8w0ggw8s00g4o0o80c04kw88s4oo044g4g', 1, 1, 0, NULL, '0000-00-00 00:00:00'),
(41, 0, 'w080w4wkw8ggoo4cgo4sw04gs408k4400so0gsok', 1, 1, 0, NULL, '0000-00-00 00:00:00'),
(42, 0, '04s880owws048wwokko8kgsswkw444kokc4so4gw', 1, 1, 0, NULL, '0000-00-00 00:00:00'),
(43, 0, 'o4gc4w0c00kk880o4w44k48g8ssk88o8swo08kss', 1, 1, 0, NULL, '0000-00-00 00:00:00'),
(44, 0, '4wskkso80ws88w8oogcsg4ggs4c8wggws8oswccg', 1, 1, 0, NULL, '0000-00-00 00:00:00'),
(45, 0, 'gsoo4k4oo0s00sg4s0c088g0c444okosg08skc8g', 1, 1, 0, NULL, '0000-00-00 00:00:00'),
(46, 0, '8cw4844wgcwc4ogoc8k0s4ok0wkw4sss40ck8o48', 1, 1, 0, NULL, '0000-00-00 00:00:00'),
(47, 0, '8wc4ss4co0sc08wws8o888o48cg4s448kss0kkwo', 1, 1, 0, NULL, '0000-00-00 00:00:00'),
(48, 0, 'sg8k408sg0w4wocgs0skws08cgcsw84k0kg84gog', 1, 1, 0, NULL, '0000-00-00 00:00:00'),
(49, 0, 'w0cokck0sww4k8cc0cw84gkockwc808040ggswsw', 1, 1, 0, NULL, '0000-00-00 00:00:00'),
(50, 0, 'kg4soswo8c0kgwsoco00s0c8wgoccs8ok04wgcg4', 1, 1, 0, NULL, '0000-00-00 00:00:00'),
(51, 0, '880gcgg4c48kgg00c88s0c8cgcgk8k4ocg8co4go', 1, 1, 0, NULL, '0000-00-00 00:00:00'),
(52, 0, '8o08sgco8w8wwkc4g0o4wg4kcwccgw8ko4k84w00', 1, 1, 0, NULL, '0000-00-00 00:00:00'),
(53, 0, 'so4ck8gwk08gwcc4sk8s88cw04w4kc44kw0008k4', 1, 1, 0, NULL, '0000-00-00 00:00:00'),
(54, 0, 'g48wcckow8wkcks8o40w8okooc08woc4cs4084w0', 1, 1, 0, NULL, '0000-00-00 00:00:00'),
(55, 0, '8co08gcswoo4wc8cwk0w40kc4kkwwg4okowck4gs', 1, 1, 0, NULL, '0000-00-00 00:00:00'),
(56, 0, '0ks4o48w4cs00w8sk4osos00k0s444oogc40kk4c', 1, 1, 0, NULL, '0000-00-00 00:00:00'),
(57, 0, 'gw8w04kg0csg0k4og80c8skkc0cwkggow8wo4owk', 1, 1, 0, NULL, '0000-00-00 00:00:00'),
(58, 0, 'k40gwo4og4wwoow4c0koks0kso0go00084k0g84s', 1, 1, 0, NULL, '0000-00-00 00:00:00'),
(59, 0, '0o4o0kgw8ogw8w4sscosk8ksgc4ggk0o408sc0g8', 1, 1, 0, NULL, '0000-00-00 00:00:00'),
(60, 0, 'skwks8c4g4gsc884gkkoosc0kc880kgc088g8c0g', 1, 1, 0, NULL, '0000-00-00 00:00:00'),
(61, 0, 'sowgg4400gs4k080kwg8w8s4kcg8g8c8sc8wkgw0', 1, 1, 0, NULL, '0000-00-00 00:00:00'),
(62, 0, 'kksg84wks4sow808c0o8oowcgg4go4o4g80sg4sg', 1, 1, 0, NULL, '0000-00-00 00:00:00'),
(63, 0, 'k8ggwc4ggs0cgwwww008cg0woscg440kgooksckk', 1, 1, 0, NULL, '0000-00-00 00:00:00'),
(64, 0, 'c0wk4wc4kckw04o8g8ko0sk8wckgk8w8gs84ksc4', 1, 1, 0, NULL, '0000-00-00 00:00:00'),
(65, 0, 'ogc40ck8k8sgo84k08k008gskooko0ccocg8kowc', 1, 1, 0, NULL, '0000-00-00 00:00:00'),
(66, 0, 'osckccco40gs8g0g0sksgw8og0ko0gswogwc8gsc', 1, 1, 0, NULL, '0000-00-00 00:00:00'),
(67, 0, 'g0ggww8gocscsswcos80g8wswwwwcksg04ws40go', 1, 1, 0, NULL, '0000-00-00 00:00:00'),
(68, 0, 'gc48wwsccgs4o0sg4ws0ock8g840cso408wckg40', 1, 1, 0, NULL, '0000-00-00 00:00:00'),
(69, 0, 'ogwsgo8ggskso8cgw4oc0ko4owcokcwk0k80skkk', 1, 1, 0, NULL, '0000-00-00 00:00:00'),
(70, 0, 'csgk0wgscs4soscgsc8wg8w48k0sgcg4444wkg00', 1, 1, 0, NULL, '0000-00-00 00:00:00'),
(71, 0, 'cc84cwwcsww4ccso80gg8oksos4cowokkc4cw044', 1, 1, 0, NULL, '0000-00-00 00:00:00'),
(72, 0, 'o0k0s0kkwc4sgckc4kcgc8ck00s0g4cg4wsgg0ss', 1, 1, 0, NULL, '0000-00-00 00:00:00'),
(73, 0, 'kos44cs0wcckccskkgos04wko8sws0wk84w0s80k', 1, 1, 0, NULL, '0000-00-00 00:00:00'),
(74, 0, '8wccggcsgw08os080w0k0k0o04kg80cososo4cw0', 1, 1, 0, NULL, '0000-00-00 00:00:00'),
(75, 0, '88088gwg880k0coccckggk8s88k0o0cg0gw840wo', 1, 1, 0, NULL, '0000-00-00 00:00:00'),
(76, 0, '8w0s8s08cgc8sw88skccggo8w8oc448c4kckkksw', 1, 1, 0, NULL, '0000-00-00 00:00:00'),
(77, 0, '0kgwck0kwk8s0so0cg00k4s088wkgckk8cswk040', 1, 1, 0, NULL, '0000-00-00 00:00:00'),
(78, 0, 'w008oogwcs4gs04c4ogkogookw4skk4woc0g8o0s', 1, 1, 0, NULL, '0000-00-00 00:00:00'),
(79, 0, '84k4k0os0ww44g4c8scs8css0wk0wkc44k088c8w', 1, 1, 0, NULL, '0000-00-00 00:00:00'),
(80, 0, '4c4o0swscok8okgcgw00w48g00kwk88k8oksg4kk', 1, 1, 0, NULL, '0000-00-00 00:00:00'),
(81, 0, '0wokcgw44scogooo8skow8ksso04oc88ggw8kgg4', 1, 1, 0, NULL, '0000-00-00 00:00:00'),
(82, 0, 'o4kkkg00s84ggwgsgo800swww4gokwkow0kw8kws', 1, 1, 0, NULL, '0000-00-00 00:00:00'),
(83, 0, 'kw0s8wk8o88w008wsoc8ssoo4gkcc0gs4o80cwso', 1, 1, 0, NULL, '0000-00-00 00:00:00'),
(84, 0, 'ooc0ooo0swok8s448gwwswowccg0sckc888swkk0', 1, 1, 0, NULL, '0000-00-00 00:00:00'),
(85, 0, 'k48sgc0o8s4o4c0woc04sgksg84gcccsgk88swgw', 1, 1, 0, NULL, '0000-00-00 00:00:00'),
(86, 0, 'sscccs4008o4c4g88g8skck8wwcgoockko44o4og', 1, 1, 0, NULL, '0000-00-00 00:00:00'),
(87, 0, '8gokc8ow0ks4ggo80csk4ck40w8co8g8wkkcssg0', 1, 1, 0, NULL, '0000-00-00 00:00:00'),
(88, 0, '8ckggoskwg4wck0soc0sw800sg8kw0gs8wwccgo4', 1, 1, 0, NULL, '0000-00-00 00:00:00'),
(89, 0, 'wkgs0ckok4swg8sscgkkwcw0s40csw80ggw4s4k8', 1, 1, 0, NULL, '0000-00-00 00:00:00'),
(90, 0, 'ks4k008go4ocgk8cgcw4s8gcowos4sskwoo4owsw', 1, 1, 0, NULL, '0000-00-00 00:00:00'),
(91, 0, 'ocscgks44o8sw08gw0g0cwwwscogk08s0ok0o08g', 1, 1, 0, NULL, '0000-00-00 00:00:00'),
(92, 0, '00o8os8ks004okwocc00cgog4kc00k8w0k0440wk', 1, 1, 0, NULL, '0000-00-00 00:00:00'),
(93, 0, '8wcskwwcgwg04g4wogg0ckgkko0gso4kwosc4ksw', 1, 1, 0, NULL, '0000-00-00 00:00:00'),
(94, 0, 'wscsg0oo04k8go8so4kok0sk884ok44ks0kwkskc', 1, 1, 0, NULL, '0000-00-00 00:00:00'),
(95, 0, 'scscskg80c8gkoc00ww8wc48sok88c0kg8480ogc', 1, 1, 0, NULL, '0000-00-00 00:00:00'),
(96, 0, 'gc4wss8gsgog40o80sowkk0wwk8g8kg40s0ss40o', 1, 1, 0, NULL, '0000-00-00 00:00:00'),
(97, 0, 'cwkck4s0gcwk08skgsckw00ss04oc8ccsscgkg0o', 1, 1, 0, NULL, '0000-00-00 00:00:00'),
(98, 0, '880ow0w00wsok08cgcskcwc4w0gs8w0w8csksc4k', 1, 1, 0, NULL, '0000-00-00 00:00:00'),
(99, 0, 'oc8cogcwgws40sccoc4gok4o4o0o0sc4csgggocc', 1, 1, 0, NULL, '0000-00-00 00:00:00'),
(100, 0, '84c0okow88w0408swocco4so8g4kcwowwgcc0cws', 1, 1, 0, NULL, '0000-00-00 00:00:00'),
(101, 0, '8wooo8coo4w8s044w0kw8ckw4440k4oscg0gs044', 1, 1, 0, NULL, '0000-00-00 00:00:00'),
(102, 0, '8sksgos0gko8skkw0g0skoks4wc4c8k00gw8k4ow', 1, 1, 0, NULL, '0000-00-00 00:00:00'),
(103, 0, 's8ockcco8s048wo84cg8c444gcs88sck0wwc8s8k', 1, 1, 0, NULL, '0000-00-00 00:00:00'),
(104, 0, '0wskkokgkc8cc8wskk84ocsok0cww88ccs48k8g8', 1, 1, 0, NULL, '0000-00-00 00:00:00'),
(105, 0, '4g0skw0woo48wowkkcg4osk4c8040ow40g4swcos', 1, 1, 0, NULL, '0000-00-00 00:00:00'),
(106, 0, 'kwgwcs00gc44oo8wc0k0kw404sok8ck0skwsc0cs', 1, 1, 0, NULL, '0000-00-00 00:00:00'),
(107, 0, 'gwokgsws88o800oko4cowo4okg4c8kskwow4s0wc', 1, 1, 0, NULL, '0000-00-00 00:00:00'),
(108, 0, 'ko8cokwg8o4wccwkcww4ks008sow8w484wkg80gk', 1, 1, 0, NULL, '0000-00-00 00:00:00'),
(109, 0, 'cs4wwook8swsg80wswsokc80g4ws8so40sg048cw', 1, 1, 0, NULL, '0000-00-00 00:00:00'),
(110, 0, 'ko80ow80w8kc088csoc0ksk8gws80o8kk44wk8ks', 1, 1, 0, NULL, '0000-00-00 00:00:00'),
(111, 0, 'ws0wksgk0ggcoocw0cc0kg040csgwsksg8808wc4', 1, 1, 0, NULL, '0000-00-00 00:00:00'),
(112, 0, 'kwwcc0k8o4cscso04gkwwsww8koo8ksg888400ws', 1, 1, 0, NULL, '0000-00-00 00:00:00'),
(113, 0, '04gog8owos04ck0gs0kcggggggwwggwko84sswgs', 1, 1, 0, NULL, '0000-00-00 00:00:00'),
(114, 0, 'ck880kcgsc488o0gcwg04s0k8g8scwo8o04kk8w0', 1, 1, 0, NULL, '0000-00-00 00:00:00'),
(115, 0, 'co4gssw44o440cksgsogwswcs4co0gg4scoocogk', 1, 1, 0, NULL, '0000-00-00 00:00:00'),
(116, 0, '8ww8csw08k0kssooswcgcsccw0so0k8k8ookc84g', 1, 1, 0, NULL, '0000-00-00 00:00:00'),
(117, 0, '4gk48s0g8cswskowokso80wkwgogccokksc4sg4c', 1, 1, 0, NULL, '0000-00-00 00:00:00'),
(118, 0, '00ww0408w00wskw80kwk480gk8g4k04s00kgwkkw', 1, 1, 0, NULL, '0000-00-00 00:00:00'),
(119, 0, 's4k00gso400oo0os0csco0o8s4ockwwgkwwcsogg', 1, 1, 0, NULL, '0000-00-00 00:00:00'),
(120, 0, 'k0wssw4c4w8scsw0c4wwo0swoo4w8ckowosskcco', 1, 1, 0, NULL, '0000-00-00 00:00:00'),
(121, 0, 'o8oswkooksws0ko080c4k88k404oswwk040gwc48', 1, 1, 0, NULL, '0000-00-00 00:00:00'),
(122, 0, '0gc04cskss8g0k8ccgo0o88swoc8cs8ks004ooss', 1, 1, 0, NULL, '0000-00-00 00:00:00'),
(123, 0, 'c0coc84o8sgsw0cwg4k0gc4cksgckkgw48ogkcc0', 1, 1, 0, NULL, '0000-00-00 00:00:00'),
(124, 0, '8gcc0ko0cksocc48owsc8kk444s8gg4sks0gcgwg', 1, 1, 0, NULL, '0000-00-00 00:00:00'),
(125, 0, 'cg0s4kwokw4ggcg0s40cwkwg04w4sk0800g84s8w', 1, 1, 0, NULL, '0000-00-00 00:00:00'),
(126, 0, 'wkgogscgcsgsoso8cggk0k4ww8sooog84ww0o8wc', 1, 1, 0, NULL, '0000-00-00 00:00:00'),
(127, 0, 'gosgkowsswcwkwwg4ck4c4s48wkswcck40wssksw', 1, 1, 0, NULL, '0000-00-00 00:00:00'),
(128, 0, '0gosowcswos8kggwss0swk4sc8oc8wcw8sss0g8o', 1, 1, 0, NULL, '0000-00-00 00:00:00'),
(129, 0, 'cos4c0800ogkggk4g0ckcgc08ocswccckk0s88ss', 1, 1, 0, NULL, '0000-00-00 00:00:00'),
(130, 0, 'go8kk88ks8o48gkgg0k4cw80kgs4kk8w480gsc08', 1, 1, 0, NULL, '0000-00-00 00:00:00'),
(131, 0, '484cw08kokgwgcsk0gwkw0wsogc8woo8k8084c0c', 1, 1, 0, NULL, '0000-00-00 00:00:00'),
(132, 0, '8c4c8k0s4scs0kckk0sckwg0s0kkskgwwco8gsg4', 1, 1, 0, NULL, '0000-00-00 00:00:00'),
(133, 0, 'o8c48okwc4oo448goc0wsok808cg4cwc48wc0scs', 1, 1, 0, NULL, '0000-00-00 00:00:00'),
(134, 0, '0kccscw4g4sw8sg0g0044k4oww0swsggoocwg844', 1, 1, 0, NULL, '0000-00-00 00:00:00'),
(135, 0, 's4cowsooc0w40cks0k4c8ocks00ws80occko4cog', 1, 1, 0, NULL, '0000-00-00 00:00:00'),
(136, 0, 's4cowsooc0w40cks0k4c8ocks00ws80occko4cog', 1, 1, 0, NULL, '0000-00-00 00:00:00'),
(137, 0, 'wwcw8c08o80w08s4og0o80s8c404kgg0wcsgos04', 1, 1, 0, NULL, '0000-00-00 00:00:00'),
(138, 0, 'gwgkkkwkokk00gg0sg4wc8ogsoss0ggs404c4s8s', 1, 1, 0, NULL, '0000-00-00 00:00:00'),
(139, 0, 'swkw44s0kw08wowswkos0gs8gsws00k8o44w4sg0', 1, 1, 0, NULL, '0000-00-00 00:00:00'),
(140, 0, 'kw0os8ocooocwwkos0cs8ssgcgk4k4g4www0wkoc', 1, 1, 0, NULL, '0000-00-00 00:00:00'),
(141, 0, 'kooggsgw88wwgs040gsogk4owk8w84k04s448og8', 1, 1, 0, NULL, '0000-00-00 00:00:00'),
(142, 0, 'ck8gowswoow4ogw80wk4c0o8sc0cwo84csgcsg8g', 1, 1, 0, NULL, '0000-00-00 00:00:00'),
(143, 0, 'cg0ogggogwsw40kskow8swsww80ws0gcws00kws0', 1, 1, 0, NULL, '0000-00-00 00:00:00'),
(144, 0, '84gsosccgckkowsko8oocskkco40k0s04sws44wc', 1, 1, 0, NULL, '0000-00-00 00:00:00'),
(145, 0, 'o4o04ck8wwk4gs48ww0o44kw0cg48k840cwsgg0s', 1, 1, 0, NULL, '0000-00-00 00:00:00'),
(146, 0, 'wkk0kko0c8k8kws0sk4w00wkgkw4o0gosg04ww8c', 1, 1, 0, NULL, '0000-00-00 00:00:00'),
(147, 0, 'w8c4oggk0gsogc0koocckoc0g8wcc0w0080owgwk', 1, 1, 0, NULL, '0000-00-00 00:00:00'),
(148, 0, 'ok4wco8oko0scks08sg8840o44cowkokwkco4444', 1, 1, 0, NULL, '0000-00-00 00:00:00'),
(149, 0, 'o0sg8cg884k4c844c8wg4w0gogscsc4g4w04gscg', 1, 1, 0, NULL, '0000-00-00 00:00:00'),
(150, 0, 'c4kwkgk4ooww4kg4g88sgw4s4g04k0sgss848kw8', 1, 1, 0, NULL, '0000-00-00 00:00:00'),
(151, 0, 'cwkgg8wk0404wo44kwg0wco8480wss4ggwks84k0', 1, 1, 0, NULL, '0000-00-00 00:00:00'),
(152, 0, 'kgowgkkoocso0kcg8400ook4wkkkgo0kc8s84w4w', 1, 1, 0, NULL, '0000-00-00 00:00:00'),
(153, 0, '00oks0kwgw8csogww0gcgg48wk40ogg8cgs00wco', 1, 1, 0, NULL, '0000-00-00 00:00:00'),
(154, 0, 'wg48wgs4s8c8s8wcksgwo0c0k04wc8o0ko8koosk', 1, 1, 0, NULL, '0000-00-00 00:00:00'),
(155, 0, 'ckwsgg84kgkk8gog4wo4kc000cgogggwg84s4ow8', 1, 1, 0, NULL, '0000-00-00 00:00:00'),
(156, 0, 'k08osc4ocw08sg4wgso4go0o0c44sk0w0488co8o', 1, 1, 0, NULL, '0000-00-00 00:00:00'),
(157, 0, '4wcco4880g48c0c0os8kcw84kwc4ccgckoocsgso', 1, 1, 0, NULL, '0000-00-00 00:00:00'),
(158, 0, 'c4wk4ok0ogck4kos844osoo08kog0o4800cgco0k', 1, 1, 0, NULL, '0000-00-00 00:00:00'),
(159, 0, '4ocow0cc80wkoc84co84swooksgc80ww84w8k0c4', 1, 1, 0, NULL, '0000-00-00 00:00:00'),
(160, 0, '0ck0og4sgwc4cw0s40c8k40g48ss4g8skosckg08', 1, 1, 0, NULL, '0000-00-00 00:00:00'),
(161, 0, '4og0w4o0kgwos4cwck8c44ks0sg4sgo44wgssckw', 1, 1, 0, NULL, '0000-00-00 00:00:00'),
(162, 0, 's4ow4wwc0kw4wookc4kks84ko4ks80okc084gko8', 1, 1, 0, NULL, '0000-00-00 00:00:00'),
(163, 0, 'c08ckocosg0sc0kcgc8ws4ww0ckwo484s8cgoo4o', 1, 1, 0, NULL, '0000-00-00 00:00:00'),
(164, 0, '8c880gssw4wwos4084cw04w4c04c08o8wksk4gw0', 1, 1, 0, NULL, '0000-00-00 00:00:00'),
(165, 0, 'o4og0ccc8kcw4cckgw0ookk8w80cscsw880ooo88', 1, 1, 0, NULL, '0000-00-00 00:00:00');

-- --------------------------------------------------------

--
-- Table structure for table `logs`
--

CREATE TABLE `logs` (
  `id` int(11) NOT NULL,
  `uri` varchar(255) NOT NULL,
  `method` varchar(6) NOT NULL,
  `params` text,
  `api_key` varchar(40) NOT NULL,
  `ip_address` varchar(45) NOT NULL,
  `time` int(11) NOT NULL,
  `rtime` float DEFAULT NULL,
  `authorized` varchar(1) NOT NULL,
  `response_code` smallint(3) DEFAULT '0'
) ENGINE=InnoDB DEFAULT CHARSET=utf8;

-- --------------------------------------------------------

--
-- Table structure for table `tbl_activity`
--

CREATE TABLE `tbl_activity` (
  `activity_id` int(11) NOT NULL,
  `user_id` int(11) NOT NULL,
  `contact_id` int(11) NOT NULL,
  `activity_type` tinyint(4) NOT NULL COMMENT 'began=>0,Hot=>1, In-play=>2, Unsorted=>3 Cold=>4 Unworkable=>5, message=>6, Add Notes =>7, Follow up=>8, Call=>9, Share =>10',
  `activity_data` text NOT NULL,
  `is_active` tinyint(4) NOT NULL DEFAULT '1',
  `created_date` datetime NOT NULL
) ENGINE=InnoDB DEFAULT CHARSET=latin1;

--
-- Dumping data for table `tbl_activity`
--

INSERT INTO `tbl_activity` (`activity_id`, `user_id`, `contact_id`, `activity_type`, `activity_data`, `is_active`, `created_date`) VALUES
(1, 1, 1, 1, '', 1, '0000-00-00 00:00:00'),
(2, 1, 1, 1, '', 1, '2019-01-18 13:07:53');

-- --------------------------------------------------------

--
-- Table structure for table `tbl_contact_statics`
--

CREATE TABLE `tbl_contact_statics` (
  `statics_id` int(11) NOT NULL,
  `user_id` int(11) NOT NULL,
  `hot` int(11) NOT NULL,
  `in_play` int(11) NOT NULL,
  `unsorted` int(11) NOT NULL,
  `cold` int(11) NOT NULL,
  `unworkable` int(11) NOT NULL,
  `scheduled_followup` int(11) NOT NULL,
  `notes_added` int(11) NOT NULL,
  `sms_sent` int(11) NOT NULL,
  `email_sent` int(11) NOT NULL,
  `phone_count` int(11) NOT NULL,
  `created_date` datetime NOT NULL,
  `updated_date` datetime DEFAULT NULL
) ENGINE=InnoDB DEFAULT CHARSET=latin1;

--
-- Dumping data for table `tbl_contact_statics`
--

INSERT INTO `tbl_contact_statics` (`statics_id`, `user_id`, `hot`, `in_play`, `unsorted`, `cold`, `unworkable`, `scheduled_followup`, `notes_added`, `sms_sent`, `email_sent`, `phone_count`, `created_date`, `updated_date`) VALUES
(1, 5, 0, 0, 4, 0, 0, 0, 0, 0, 0, 0, '2018-12-26 09:48:58', '2019-05-01 14:46:20'),
(2, 13, 53, 1, 212, 0, 32, 0, 0, 0, 0, 0, '2019-01-10 06:46:29', '2019-04-29 22:33:45'),
(3, 17, 0, 0, 193, 0, 0, 0, 0, 0, 0, 193, '2019-01-29 14:51:36', '2019-04-30 18:05:42'),
(4, 11, 1, 1, 190, 0, 0, 0, 0, 0, 0, 192, '2019-01-29 18:52:54', '2019-01-31 16:13:26'),
(5, 10, 2, 1, 1043, 1, 0, 0, 0, 0, 0, 0, '2019-03-26 06:55:54', '2019-03-26 06:56:07');

-- --------------------------------------------------------

--
-- Table structure for table `tbl_content_type`
--

CREATE TABLE `tbl_content_type` (
  `content_type_id` int(11) NOT NULL,
  `content_name` varchar(255) NOT NULL,
  `is_active` tinyint(4) NOT NULL DEFAULT '1'
) ENGINE=InnoDB DEFAULT CHARSET=latin1;

--
-- Dumping data for table `tbl_content_type`
--

INSERT INTO `tbl_content_type` (`content_type_id`, `content_name`, `is_active`) VALUES
(1, 'Video', 1),
(2, 'Audio', 0),
(3, 'Image', 0),
(4, 'News', 1),
(5, 'Docs', 1),
(6, 'Link', 1),
(7, 'Click to call', 0);

-- --------------------------------------------------------

--
-- Table structure for table `tbl_country`
--

CREATE TABLE `tbl_country` (
  `country_id` int(11) NOT NULL,
  `country_code` varchar(10) DEFAULT NULL,
  `latitude` varchar(9) DEFAULT NULL,
  `longitude` varchar(10) DEFAULT NULL,
  `country_name` varchar(44) DEFAULT NULL,
  `is_active` tinyint(4) NOT NULL DEFAULT '1',
  `created_date` datetime NOT NULL,
  `updated_date` datetime NOT NULL
) ENGINE=InnoDB DEFAULT CHARSET=utf8;

--
-- Dumping data for table `tbl_country`
--

INSERT INTO `tbl_country` (`country_id`, `country_code`, `latitude`, `longitude`, `country_name`, `is_active`, `created_date`, `updated_date`) VALUES
(1, 'AD', '42.546245', '1.601554', 'Andorra', 0, '0000-00-00 00:00:00', '0000-00-00 00:00:00'),
(2, 'AE', '23.424076', '53.847818', 'United Arab Emirates', 0, '0000-00-00 00:00:00', '0000-00-00 00:00:00'),
(3, 'AF', '33.93911', '67.709953', 'Afghanistan', 0, '0000-00-00 00:00:00', '0000-00-00 00:00:00'),
(4, 'AG', '17.060816', '-61.796428', 'Antigua and Barbuda', 0, '0000-00-00 00:00:00', '0000-00-00 00:00:00'),
(5, 'AI', '18.220554', '-63.068615', 'Anguilla', 0, '0000-00-00 00:00:00', '0000-00-00 00:00:00'),
(6, 'AL', '41.153332', '20.168331', 'Albania', 0, '0000-00-00 00:00:00', '0000-00-00 00:00:00'),
(7, 'AM', '40.069099', '45.038189', 'Armenia', 0, '0000-00-00 00:00:00', '0000-00-00 00:00:00'),
(8, 'AN', '12.226079', '-69.060087', 'Netherlands Antilles', 0, '0000-00-00 00:00:00', '0000-00-00 00:00:00'),
(9, 'AO', '-11.20269', '17.873887', 'Angola', 0, '0000-00-00 00:00:00', '0000-00-00 00:00:00'),
(10, 'AQ', '-75.25097', '-0.071389', 'Antarctica', 0, '0000-00-00 00:00:00', '0000-00-00 00:00:00'),
(11, 'AR', '-38.41609', '-63.616672', 'Argentina', 0, '0000-00-00 00:00:00', '0000-00-00 00:00:00'),
(12, 'AS', '-14.27097', '-170.13221', 'American Samoa', 0, '0000-00-00 00:00:00', '0000-00-00 00:00:00'),
(13, 'AT', '47.516231', '14.550072', 'Austria', 0, '0000-00-00 00:00:00', '0000-00-00 00:00:00'),
(14, 'AU', '-25.27439', '133.775136', 'Australia', 0, '0000-00-00 00:00:00', '0000-00-00 00:00:00'),
(15, 'AW', '12.52111', '-69.968338', 'Aruba', 0, '0000-00-00 00:00:00', '0000-00-00 00:00:00'),
(16, 'AZ', '40.143105', '47.576927', 'Azerbaijan', 0, '0000-00-00 00:00:00', '2019-01-31 13:38:09'),
(17, 'BA', '43.915886', '17.679076', 'Bosnia and Herzegovina', 0, '0000-00-00 00:00:00', '0000-00-00 00:00:00'),
(18, 'BB', '13.193887', '-59.543198', 'Barbados', 0, '0000-00-00 00:00:00', '0000-00-00 00:00:00'),
(19, 'BD', '23.684994', '90.356331', 'Bangladesh', 0, '0000-00-00 00:00:00', '0000-00-00 00:00:00'),
(20, 'BE', '50.503887', '4.469936', 'Belgium', 0, '0000-00-00 00:00:00', '0000-00-00 00:00:00'),
(21, 'BF', '12.238333', '-1.561593', 'Burkina Faso', 0, '0000-00-00 00:00:00', '0000-00-00 00:00:00'),
(22, 'BG', '42.733883', '25.48583', 'Bulgaria', 0, '0000-00-00 00:00:00', '0000-00-00 00:00:00'),
(23, 'BH', '25.930414', '50.637772', 'Bahrain', 0, '0000-00-00 00:00:00', '0000-00-00 00:00:00'),
(24, 'BI', '-3.373056', '29.918886', 'Burundi', 0, '0000-00-00 00:00:00', '0000-00-00 00:00:00'),
(25, 'BJ', '9.30769', '2.315834', 'Benin', 0, '0000-00-00 00:00:00', '0000-00-00 00:00:00'),
(26, 'BM', '32.321384', '-64.75737', 'Bermuda', 0, '0000-00-00 00:00:00', '0000-00-00 00:00:00'),
(27, 'BN', '4.535277', '114.727669', 'Brunei', 0, '0000-00-00 00:00:00', '0000-00-00 00:00:00'),
(28, 'BO', '-16.29015', '-63.588653', 'Bolivia', 0, '0000-00-00 00:00:00', '0000-00-00 00:00:00'),
(29, 'BR', '-14.23500', '-51.92528', 'Brazil', 0, '0000-00-00 00:00:00', '0000-00-00 00:00:00'),
(30, 'BS', '25.03428', '-77.39628', 'Bahamas', 0, '0000-00-00 00:00:00', '0000-00-00 00:00:00'),
(31, 'BT', '27.514162', '90.433601', 'Bhutan', 0, '0000-00-00 00:00:00', '0000-00-00 00:00:00'),
(32, 'BV', '-54.42319', '3.413194', 'Bouvet Island', 0, '0000-00-00 00:00:00', '0000-00-00 00:00:00'),
(33, 'BW', '-22.32847', '24.684866', 'Botswana', 0, '0000-00-00 00:00:00', '0000-00-00 00:00:00'),
(34, 'BY', '53.709807', '27.953389', 'Belarus', 0, '0000-00-00 00:00:00', '0000-00-00 00:00:00'),
(35, 'BZ', '17.189877', '-88.49765', 'Belize', 0, '0000-00-00 00:00:00', '0000-00-00 00:00:00'),
(36, 'CA', '56.130366', '-106.34677', 'Canada', 1, '0000-00-00 00:00:00', '2019-03-26 06:41:29'),
(37, 'CC', '-12.16416', '96.870956', 'Cocos [Keeling] Islands', 0, '0000-00-00 00:00:00', '0000-00-00 00:00:00'),
(38, 'CD', '-4.038333', '21.758664', 'Congo [DRC]', 0, '0000-00-00 00:00:00', '0000-00-00 00:00:00'),
(39, 'CF', '6.611111', '20.939444', 'Central African Republic', 0, '0000-00-00 00:00:00', '0000-00-00 00:00:00'),
(40, 'CG', '-0.228021', '15.827659', 'Congo [Republic]', 0, '0000-00-00 00:00:00', '0000-00-00 00:00:00'),
(41, 'CH', '46.818188', '8.227512', 'Switzerland', 0, '0000-00-00 00:00:00', '0000-00-00 00:00:00'),
(42, 'CI', '7.539989', '-5.54708', 'Côte d\'Ivoire', 0, '0000-00-00 00:00:00', '0000-00-00 00:00:00'),
(43, 'CK', '-21.23673', '-159.77767', 'Cook Islands', 0, '0000-00-00 00:00:00', '0000-00-00 00:00:00'),
(44, 'CL', '-35.67514', '-71.542969', 'Chile', 0, '0000-00-00 00:00:00', '0000-00-00 00:00:00'),
(45, 'CM', '7.369722', '12.354722', 'Cameroon', 0, '0000-00-00 00:00:00', '0000-00-00 00:00:00'),
(46, 'CN', '35.86166', '104.195397', 'China', 0, '0000-00-00 00:00:00', '0000-00-00 00:00:00'),
(47, 'CO', '4.570868', '-74.297333', 'Colombia', 0, '0000-00-00 00:00:00', '0000-00-00 00:00:00'),
(48, 'CR', '9.748917', '-83.753428', 'Costa Rica', 0, '0000-00-00 00:00:00', '0000-00-00 00:00:00'),
(49, 'CU', '21.521757', '-77.781167', 'Cuba', 0, '0000-00-00 00:00:00', '0000-00-00 00:00:00'),
(50, 'CV', '16.002082', '-24.013197', 'Cape Verde', 0, '0000-00-00 00:00:00', '0000-00-00 00:00:00'),
(51, 'CX', '-10.44752', '105.690449', 'Christmas Island', 0, '0000-00-00 00:00:00', '0000-00-00 00:00:00'),
(52, 'CY', '35.126413', '33.429859', 'Cyprus', 0, '0000-00-00 00:00:00', '0000-00-00 00:00:00'),
(53, 'CZ', '49.817492', '15.472962', 'Czech Republic', 0, '0000-00-00 00:00:00', '0000-00-00 00:00:00'),
(54, 'DE', '51.165691', '10.451526', 'Germany', 0, '0000-00-00 00:00:00', '0000-00-00 00:00:00'),
(55, 'DJ', '11.825138', '42.590275', 'Djibouti', 0, '0000-00-00 00:00:00', '0000-00-00 00:00:00'),
(56, 'DK', '56.26392', '9.501785', 'Denmark', 0, '0000-00-00 00:00:00', '0000-00-00 00:00:00'),
(57, 'DM', '15.414999', '-61.370976', 'Dominica', 0, '0000-00-00 00:00:00', '0000-00-00 00:00:00'),
(58, 'DO', '18.735693', '-70.162651', 'Dominican Republic', 0, '0000-00-00 00:00:00', '0000-00-00 00:00:00'),
(59, 'DZ', '28.033886', '1.659626', 'Algeria', 0, '0000-00-00 00:00:00', '0000-00-00 00:00:00'),
(60, 'EC', '-1.831239', '-78.183406', 'Ecuador', 0, '0000-00-00 00:00:00', '0000-00-00 00:00:00'),
(61, 'EE', '58.595272', '25.013607', 'Estonia', 0, '0000-00-00 00:00:00', '0000-00-00 00:00:00'),
(62, 'EG', '26.820553', '30.802498', 'Egypt', 0, '0000-00-00 00:00:00', '0000-00-00 00:00:00'),
(63, 'EH', '24.215527', '-12.885834', 'Western Sahara', 0, '0000-00-00 00:00:00', '0000-00-00 00:00:00'),
(64, 'ER', '15.179384', '39.782334', 'Eritrea', 0, '0000-00-00 00:00:00', '0000-00-00 00:00:00'),
(65, 'ES', '40.463667', '-3.74922', 'Spain', 0, '0000-00-00 00:00:00', '0000-00-00 00:00:00'),
(66, 'ET', '9.145', '40.489673', 'Ethiopia', 0, '0000-00-00 00:00:00', '0000-00-00 00:00:00'),
(67, 'FI', '61.92411', '25.748151', 'Finland', 0, '0000-00-00 00:00:00', '0000-00-00 00:00:00'),
(68, 'FJ', '-16.57819', '179.414413', 'Fiji', 0, '0000-00-00 00:00:00', '0000-00-00 00:00:00'),
(69, 'FK', '-51.79625', '-59.523613', 'Falkland Islands [Islas Malvinas]', 0, '0000-00-00 00:00:00', '0000-00-00 00:00:00'),
(70, 'FM', '7.425554', '150.550812', 'Micronesia', 0, '0000-00-00 00:00:00', '0000-00-00 00:00:00'),
(71, 'FO', '61.892635', '-6.911806', 'Faroe Islands', 0, '0000-00-00 00:00:00', '0000-00-00 00:00:00'),
(72, 'FR', '46.227638', '2.213749', 'France', 1, '0000-00-00 00:00:00', '2019-01-30 06:00:49'),
(73, 'GA', '-0.803689', '11.609444', 'Gabon', 0, '0000-00-00 00:00:00', '0000-00-00 00:00:00'),
(74, 'GB', '55.378051', '-3.435973', 'United Kingdom', 1, '0000-00-00 00:00:00', '2019-01-30 06:00:21'),
(75, 'GD', '12.262776', '-61.604171', 'Grenada', 0, '0000-00-00 00:00:00', '0000-00-00 00:00:00'),
(76, 'GE', '42.315407', '43.356892', 'Georgia', 0, '0000-00-00 00:00:00', '0000-00-00 00:00:00'),
(77, 'GF', '3.933889', '-53.125782', 'French Guiana', 0, '0000-00-00 00:00:00', '0000-00-00 00:00:00'),
(78, 'GG', '49.465691', '-2.585278', 'Guernsey', 0, '0000-00-00 00:00:00', '0000-00-00 00:00:00'),
(79, 'GH', '7.946527', '-1.023194', 'Ghana', 0, '0000-00-00 00:00:00', '0000-00-00 00:00:00'),
(80, 'GI', '36.137741', '-5.345374', 'Gibraltar', 0, '0000-00-00 00:00:00', '0000-00-00 00:00:00'),
(81, 'GL', '71.706936', '-42.604303', 'Greenland', 0, '0000-00-00 00:00:00', '0000-00-00 00:00:00'),
(82, 'GM', '13.443182', '-15.310139', 'Gambia', 0, '0000-00-00 00:00:00', '0000-00-00 00:00:00'),
(83, 'GN', '9.945587', '-9.696645', 'Guinea', 0, '0000-00-00 00:00:00', '0000-00-00 00:00:00'),
(84, 'GP', '16.995971', '-62.067641', 'Guadeloupe', 0, '0000-00-00 00:00:00', '0000-00-00 00:00:00'),
(85, 'GQ', '1.650801', '10.267895', 'Equatorial Guinea', 0, '0000-00-00 00:00:00', '0000-00-00 00:00:00'),
(86, 'GR', '39.074208', '21.824312', 'Greece', 0, '0000-00-00 00:00:00', '0000-00-00 00:00:00'),
(87, 'GS', '-54.42957', '-36.587909', 'South Georgia and the South Sandwich Islands', 0, '0000-00-00 00:00:00', '0000-00-00 00:00:00'),
(88, 'GT', '15.783471', '-90.230759', 'Guatemala', 0, '0000-00-00 00:00:00', '0000-00-00 00:00:00'),
(89, 'GU', '13.444304', '144.793731', 'Guam', 0, '0000-00-00 00:00:00', '0000-00-00 00:00:00'),
(90, 'GW', '11.803749', '-15.180413', 'Guinea-Bissau', 0, '0000-00-00 00:00:00', '0000-00-00 00:00:00'),
(91, 'GY', '4.860416', '-58.93018', 'Guyana', 0, '0000-00-00 00:00:00', '0000-00-00 00:00:00'),
(92, 'GZ', '31.354676', '34.308825', 'Gaza Strip', 0, '0000-00-00 00:00:00', '0000-00-00 00:00:00'),
(93, 'HK', '22.396428', '114.109497', 'Hong Kong', 0, '0000-00-00 00:00:00', '0000-00-00 00:00:00'),
(94, 'HM', '-53.08181', '73.504158', 'Heard Island and McDonald Islands', 0, '0000-00-00 00:00:00', '0000-00-00 00:00:00'),
(95, 'HN', '15.199999', '-86.241905', 'Honduras', 0, '0000-00-00 00:00:00', '0000-00-00 00:00:00'),
(96, 'HR', '45.1', '15.2', 'Croatia', 0, '0000-00-00 00:00:00', '0000-00-00 00:00:00'),
(97, 'HT', '18.971187', '-72.285215', 'Haiti', 0, '0000-00-00 00:00:00', '0000-00-00 00:00:00'),
(98, 'HU', '47.162494', '19.503304', 'Hungary', 0, '0000-00-00 00:00:00', '0000-00-00 00:00:00'),
(99, 'ID', '-0.789275', '113.921327', 'Indonesia', 0, '0000-00-00 00:00:00', '0000-00-00 00:00:00'),
(100, 'IE', '53.41291', '-8.24389', 'Ireland', 0, '0000-00-00 00:00:00', '0000-00-00 00:00:00'),
(101, 'IL', '31.046051', '34.851612', 'Israel', 0, '0000-00-00 00:00:00', '0000-00-00 00:00:00'),
(102, 'IM', '54.236107', '-4.548056', 'Isle of Man', 0, '0000-00-00 00:00:00', '0000-00-00 00:00:00'),
(103, 'IN', '20.593684', '78.96288', 'India', 0, '0000-00-00 00:00:00', '0000-00-00 00:00:00'),
(104, 'IO', '-6.343194', '71.876519', 'British Indian Ocean Territory', 0, '0000-00-00 00:00:00', '0000-00-00 00:00:00'),
(105, 'IQ', '33.223191', '43.679291', 'Iraq', 0, '0000-00-00 00:00:00', '0000-00-00 00:00:00'),
(106, 'IR', '32.427908', '53.688046', 'Iran', 0, '0000-00-00 00:00:00', '0000-00-00 00:00:00'),
(107, 'IS', '64.963051', '-19.020835', 'Iceland', 0, '0000-00-00 00:00:00', '0000-00-00 00:00:00'),
(108, 'IT', '41.87194', '12.56738', 'Italy', 0, '0000-00-00 00:00:00', '0000-00-00 00:00:00'),
(109, 'JE', '49.214439', '-2.13125', 'Jersey', 0, '0000-00-00 00:00:00', '0000-00-00 00:00:00'),
(110, 'JM', '18.109581', '-77.297508', 'Jamaica', 0, '0000-00-00 00:00:00', '0000-00-00 00:00:00'),
(111, 'JO', '30.585164', '36.238414', 'Jordan', 0, '0000-00-00 00:00:00', '0000-00-00 00:00:00'),
(112, 'JP', '36.204824', '138.252924', 'Japan', 0, '0000-00-00 00:00:00', '0000-00-00 00:00:00'),
(113, 'KE', '-0.023559', '37.906193', 'Kenya', 0, '0000-00-00 00:00:00', '0000-00-00 00:00:00'),
(114, 'KG', '41.20438', '74.766098', 'Kyrgyzstan', 0, '0000-00-00 00:00:00', '0000-00-00 00:00:00'),
(115, 'KH', '12.565679', '104.990963', 'Cambodia', 0, '0000-00-00 00:00:00', '0000-00-00 00:00:00'),
(116, 'KI', '-3.370417', '-168.73403', 'Kiribati', 0, '0000-00-00 00:00:00', '0000-00-00 00:00:00'),
(117, 'KM', '-11.87500', '43.872219', 'Comoros', 0, '0000-00-00 00:00:00', '0000-00-00 00:00:00'),
(118, 'KN', '17.357822', '-62.782998', 'Saint Kitts and Nevis', 0, '0000-00-00 00:00:00', '0000-00-00 00:00:00'),
(119, 'KP', '40.339852', '127.510093', 'North Korea', 0, '0000-00-00 00:00:00', '0000-00-00 00:00:00'),
(120, 'KR', '35.907757', '127.766922', 'South Korea', 0, '0000-00-00 00:00:00', '0000-00-00 00:00:00'),
(121, 'KW', '29.31166', '47.481766', 'Kuwait', 0, '0000-00-00 00:00:00', '0000-00-00 00:00:00'),
(122, 'KY', '19.513469', '-80.566956', 'Cayman Islands', 0, '0000-00-00 00:00:00', '0000-00-00 00:00:00'),
(123, 'KZ', '48.019573', '66.923684', 'Kazakhstan', 0, '0000-00-00 00:00:00', '0000-00-00 00:00:00'),
(124, 'LA', '19.85627', '102.495496', 'Laos', 0, '0000-00-00 00:00:00', '0000-00-00 00:00:00'),
(125, 'LB', '33.854721', '35.862285', 'Lebanon', 0, '0000-00-00 00:00:00', '0000-00-00 00:00:00'),
(126, 'LC', '13.909444', '-60.978893', 'Saint Lucia', 0, '0000-00-00 00:00:00', '0000-00-00 00:00:00'),
(127, 'LI', '47.166', '9.555373', 'Liechtenstein', 0, '0000-00-00 00:00:00', '0000-00-00 00:00:00'),
(128, 'LK', '7.873054', '80.771797', 'Sri Lanka', 0, '0000-00-00 00:00:00', '0000-00-00 00:00:00'),
(129, 'LR', '6.428055', '-9.429499', 'Liberia', 0, '0000-00-00 00:00:00', '0000-00-00 00:00:00'),
(130, 'LS', '-29.60998', '28.233608', 'Lesotho', 0, '0000-00-00 00:00:00', '0000-00-00 00:00:00'),
(131, 'LT', '55.169438', '23.881275', 'Lithuania', 0, '0000-00-00 00:00:00', '0000-00-00 00:00:00'),
(132, 'LU', '49.815273', '6.129583', 'Luxembourg', 0, '0000-00-00 00:00:00', '0000-00-00 00:00:00'),
(133, 'LV', '56.879635', '24.603189', 'Latvia', 0, '0000-00-00 00:00:00', '0000-00-00 00:00:00'),
(134, 'LY', '26.3351', '17.228331', 'Libya', 0, '0000-00-00 00:00:00', '0000-00-00 00:00:00'),
(135, 'MA', '31.791702', '-7.09262', 'Morocco', 0, '0000-00-00 00:00:00', '0000-00-00 00:00:00'),
(136, 'MC', '43.750298', '7.412841', 'Monaco', 0, '0000-00-00 00:00:00', '0000-00-00 00:00:00'),
(137, 'MD', '47.411631', '28.369885', 'Moldova', 0, '0000-00-00 00:00:00', '0000-00-00 00:00:00'),
(138, 'ME', '42.708678', '19.37439', 'Montenegro', 0, '0000-00-00 00:00:00', '0000-00-00 00:00:00'),
(139, 'MG', '-18.76694', '46.869107', 'Madagascar', 0, '0000-00-00 00:00:00', '0000-00-00 00:00:00'),
(140, 'MH', '7.131474', '171.184478', 'Marshall Islands', 0, '0000-00-00 00:00:00', '0000-00-00 00:00:00'),
(141, 'MK', '41.608635', '21.745275', 'Macedonia [FYROM]', 0, '0000-00-00 00:00:00', '0000-00-00 00:00:00'),
(142, 'ML', '17.570692', '-3.996166', 'Mali', 0, '0000-00-00 00:00:00', '0000-00-00 00:00:00'),
(143, 'MM', '21.913965', '95.956223', 'Myanmar [Burma]', 0, '0000-00-00 00:00:00', '0000-00-00 00:00:00'),
(144, 'MN', '46.862496', '103.846656', 'Mongolia', 0, '0000-00-00 00:00:00', '0000-00-00 00:00:00'),
(145, 'MO', '22.198745', '113.543873', 'Macau', 0, '0000-00-00 00:00:00', '0000-00-00 00:00:00'),
(146, 'MP', '17.33083', '145.38469', 'Northern Mariana Islands', 0, '0000-00-00 00:00:00', '0000-00-00 00:00:00'),
(147, 'MQ', '14.641528', '-61.024174', 'Martinique', 0, '0000-00-00 00:00:00', '0000-00-00 00:00:00'),
(148, 'MR', '21.00789', '-10.940835', 'Mauritania', 0, '0000-00-00 00:00:00', '0000-00-00 00:00:00'),
(149, 'MS', '16.742498', '-62.187366', 'Montserrat', 0, '0000-00-00 00:00:00', '0000-00-00 00:00:00'),
(150, 'MT', '35.937496', '14.375416', 'Malta', 0, '0000-00-00 00:00:00', '0000-00-00 00:00:00'),
(151, 'MU', '-20.34840', '57.552152', 'Mauritius', 0, '0000-00-00 00:00:00', '0000-00-00 00:00:00'),
(152, 'MV', '3.202778', '73.22068', 'Maldives', 0, '0000-00-00 00:00:00', '0000-00-00 00:00:00'),
(153, 'MW', '-13.25430', '34.301525', 'Malawi', 0, '0000-00-00 00:00:00', '0000-00-00 00:00:00'),
(154, 'MX', '23.634501', '-102.55278', 'Mexico', 0, '0000-00-00 00:00:00', '0000-00-00 00:00:00'),
(155, 'MY', '4.210484', '101.975766', 'Malaysia', 0, '0000-00-00 00:00:00', '0000-00-00 00:00:00'),
(156, 'MZ', '-18.66569', '35.529562', 'Mozambique', 0, '0000-00-00 00:00:00', '0000-00-00 00:00:00'),
(157, 'NA', '-22.95764', '18.49041', 'Namibia', 0, '0000-00-00 00:00:00', '0000-00-00 00:00:00'),
(158, 'NC', '-20.90430', '165.618042', 'New Caledonia', 0, '0000-00-00 00:00:00', '0000-00-00 00:00:00'),
(159, 'NE', '17.607789', '8.081666', 'Niger', 0, '0000-00-00 00:00:00', '0000-00-00 00:00:00'),
(160, 'NF', '-29.04083', '167.954712', 'Norfolk Island', 0, '0000-00-00 00:00:00', '0000-00-00 00:00:00'),
(161, 'NG', '9.081999', '8.675277', 'Nigeria', 0, '0000-00-00 00:00:00', '0000-00-00 00:00:00'),
(162, 'NI', '12.865416', '-85.207229', 'Nicaragua', 0, '0000-00-00 00:00:00', '0000-00-00 00:00:00'),
(163, 'NL', '52.132633', '5.291266', 'Netherlands', 0, '0000-00-00 00:00:00', '0000-00-00 00:00:00'),
(164, 'NO', '60.472024', '8.468946', 'Norway', 0, '0000-00-00 00:00:00', '0000-00-00 00:00:00'),
(165, 'NP', '28.394857', '84.124008', 'Nepal', 0, '0000-00-00 00:00:00', '0000-00-00 00:00:00'),
(166, 'NR', '-0.522778', '166.931503', 'Nauru', 0, '0000-00-00 00:00:00', '0000-00-00 00:00:00'),
(167, 'NU', '-19.05444', '-169.86723', 'Niue', 0, '0000-00-00 00:00:00', '0000-00-00 00:00:00'),
(168, 'NZ', '-40.90055', '174.885971', 'New Zealand', 0, '0000-00-00 00:00:00', '0000-00-00 00:00:00'),
(169, 'OM', '21.512583', '55.923255', 'Oman', 0, '0000-00-00 00:00:00', '0000-00-00 00:00:00'),
(170, 'PA', '8.537981', '-80.782127', 'Panama', 0, '0000-00-00 00:00:00', '0000-00-00 00:00:00'),
(171, 'PE', '-9.189967', '-75.015152', 'Peru', 0, '0000-00-00 00:00:00', '0000-00-00 00:00:00'),
(172, 'PF', '-17.67974', '-149.40684', 'French Polynesia', 0, '0000-00-00 00:00:00', '0000-00-00 00:00:00'),
(173, 'PG', '-6.314993', '143.95555', 'Papua New Guinea', 0, '0000-00-00 00:00:00', '0000-00-00 00:00:00'),
(174, 'PH', '12.879721', '121.774017', 'Philippines', 0, '0000-00-00 00:00:00', '0000-00-00 00:00:00'),
(175, 'PK', '30.375321', '69.345116', 'Pakistan', 0, '0000-00-00 00:00:00', '0000-00-00 00:00:00'),
(176, 'PL', '51.919438', '19.145136', 'Poland', 0, '0000-00-00 00:00:00', '0000-00-00 00:00:00'),
(177, 'PM', '46.941936', '-56.27111', 'Saint Pierre and Miquelon', 0, '0000-00-00 00:00:00', '0000-00-00 00:00:00'),
(178, 'PN', '-24.70361', '-127.43930', 'Pitcairn Islands', 0, '0000-00-00 00:00:00', '0000-00-00 00:00:00'),
(179, 'PR', '18.220833', '-66.590149', 'Puerto Rico', 0, '0000-00-00 00:00:00', '0000-00-00 00:00:00'),
(180, 'PS', '31.952162', '35.233154', 'Palestinian Territories', 0, '0000-00-00 00:00:00', '0000-00-00 00:00:00'),
(181, 'PT', '39.399872', '-8.224454', 'Portugal', 0, '0000-00-00 00:00:00', '0000-00-00 00:00:00'),
(182, 'PW', '7.51498', '134.58252', 'Palau', 0, '0000-00-00 00:00:00', '0000-00-00 00:00:00'),
(183, 'PY', '-23.44250', '-58.443832', 'Paraguay', 0, '0000-00-00 00:00:00', '0000-00-00 00:00:00'),
(184, 'QA', '25.354826', '51.183884', 'Qatar', 0, '0000-00-00 00:00:00', '0000-00-00 00:00:00'),
(185, 'RE', '-21.11514', '55.536384', 'Réunion', 0, '0000-00-00 00:00:00', '0000-00-00 00:00:00'),
(186, 'RO', '45.943161', '24.96676', 'Romania', 0, '0000-00-00 00:00:00', '0000-00-00 00:00:00'),
(187, 'RS', '44.016521', '21.005859', 'Serbia', 0, '0000-00-00 00:00:00', '0000-00-00 00:00:00'),
(188, 'RU', '61.52401', '105.318756', 'Russia', 0, '0000-00-00 00:00:00', '0000-00-00 00:00:00'),
(189, 'RW', '-1.940278', '29.873888', 'Rwanda', 0, '0000-00-00 00:00:00', '0000-00-00 00:00:00'),
(190, 'SA', '23.885942', '45.079162', 'Saudi Arabia', 0, '0000-00-00 00:00:00', '0000-00-00 00:00:00'),
(191, 'SB', '-9.64571', '160.156194', 'Solomon Islands', 0, '0000-00-00 00:00:00', '0000-00-00 00:00:00'),
(192, 'SC', '-4.679574', '55.491977', 'Seychelles', 0, '0000-00-00 00:00:00', '0000-00-00 00:00:00'),
(193, 'SD', '12.862807', '30.217636', 'Sudan', 0, '0000-00-00 00:00:00', '0000-00-00 00:00:00'),
(194, 'SE', '60.128161', '18.643501', 'Sweden', 0, '0000-00-00 00:00:00', '0000-00-00 00:00:00'),
(195, 'SG', '1.352083', '103.819836', 'Singapore', 0, '0000-00-00 00:00:00', '0000-00-00 00:00:00'),
(196, 'SH', '-24.14347', '-10.030696', 'Saint Helena', 0, '0000-00-00 00:00:00', '0000-00-00 00:00:00'),
(197, 'SI', '46.151241', '14.995463', 'Slovenia', 0, '0000-00-00 00:00:00', '0000-00-00 00:00:00'),
(198, 'SJ', '77.553604', '23.670272', 'Svalbard and Jan Mayen', 0, '0000-00-00 00:00:00', '0000-00-00 00:00:00'),
(199, 'SK', '48.669026', '19.699024', 'Slovakia', 0, '0000-00-00 00:00:00', '0000-00-00 00:00:00'),
(200, 'SL', '8.460555', '-11.779889', 'Sierra Leone', 0, '0000-00-00 00:00:00', '0000-00-00 00:00:00'),
(201, 'SM', '43.94236', '12.457777', 'San Marino', 0, '0000-00-00 00:00:00', '0000-00-00 00:00:00'),
(202, 'SN', '14.497401', '-14.452362', 'Senegal', 0, '0000-00-00 00:00:00', '0000-00-00 00:00:00'),
(203, 'SO', '5.152149', '46.199616', 'Somalia', 0, '0000-00-00 00:00:00', '0000-00-00 00:00:00'),
(204, 'SR', '3.919305', '-56.027783', 'Suriname', 0, '0000-00-00 00:00:00', '0000-00-00 00:00:00'),
(205, 'ST', '0.18636', '6.613081', 'São Tomé and Príncipe', 0, '0000-00-00 00:00:00', '0000-00-00 00:00:00'),
(206, 'SV', '13.794185', '-88.89653', 'El Salvador', 0, '0000-00-00 00:00:00', '0000-00-00 00:00:00'),
(207, 'SY', '34.802075', '38.996815', 'Syria', 0, '0000-00-00 00:00:00', '0000-00-00 00:00:00'),
(208, 'SZ', '-26.52250', '31.465866', 'Swaziland', 0, '0000-00-00 00:00:00', '0000-00-00 00:00:00'),
(209, 'TC', '21.694025', '-71.797928', 'Turks and Caicos Islands', 0, '0000-00-00 00:00:00', '0000-00-00 00:00:00'),
(210, 'TD', '15.454166', '18.732207', 'Chad', 0, '0000-00-00 00:00:00', '0000-00-00 00:00:00'),
(211, 'TF', '-49.28036', '69.348557', 'French Southern Territories', 0, '0000-00-00 00:00:00', '0000-00-00 00:00:00'),
(212, 'TG', '8.619543', '0.824782', 'Togo', 0, '0000-00-00 00:00:00', '0000-00-00 00:00:00'),
(213, 'TH', '15.870032', '100.992541', 'Thailand', 0, '0000-00-00 00:00:00', '0000-00-00 00:00:00'),
(214, 'TJ', '38.861034', '71.276093', 'Tajikistan', 0, '0000-00-00 00:00:00', '0000-00-00 00:00:00'),
(215, 'TK', '-8.967363', '-171.85588', 'Tokelau', 0, '0000-00-00 00:00:00', '0000-00-00 00:00:00'),
(216, 'TL', '-8.874217', '125.727539', 'Timor-Leste', 0, '0000-00-00 00:00:00', '0000-00-00 00:00:00'),
(217, 'TM', '38.969719', '59.556278', 'Turkmenistan', 0, '0000-00-00 00:00:00', '0000-00-00 00:00:00'),
(218, 'TN', '33.886917', '9.537499', 'Tunisia', 0, '0000-00-00 00:00:00', '0000-00-00 00:00:00'),
(219, 'TO', '-21.17898', '-175.19824', 'Tonga', 0, '0000-00-00 00:00:00', '0000-00-00 00:00:00'),
(220, 'TR', '38.963745', '35.243322', 'Turkey', 0, '0000-00-00 00:00:00', '0000-00-00 00:00:00'),
(221, 'TT', '10.691803', '-61.222503', 'Trinidad and Tobago', 0, '0000-00-00 00:00:00', '0000-00-00 00:00:00'),
(222, 'TV', '-7.109535', '177.64933', 'Tuvalu', 0, '0000-00-00 00:00:00', '0000-00-00 00:00:00'),
(223, 'TW', '23.69781', '120.960515', 'Taiwan', 0, '0000-00-00 00:00:00', '0000-00-00 00:00:00'),
(224, 'TZ', '-6.369028', '34.888822', 'Tanzania', 0, '0000-00-00 00:00:00', '0000-00-00 00:00:00'),
(225, 'UA', '48.379433', '31.16558', 'Ukraine', 0, '0000-00-00 00:00:00', '0000-00-00 00:00:00'),
(226, 'UG', '1.373333', '32.290275', 'Uganda', 0, '0000-00-00 00:00:00', '0000-00-00 00:00:00'),
(227, 'UM', '', '', 'U.S. Minor Outlying Islands', 0, '0000-00-00 00:00:00', '0000-00-00 00:00:00'),
(228, 'USA', '37.09024', '-95.712891', 'United States', 1, '0000-00-00 00:00:00', '2019-01-30 06:00:34'),
(229, 'UY', '-32.52277', '-55.765835', 'Uruguay', 0, '0000-00-00 00:00:00', '0000-00-00 00:00:00'),
(230, 'UZ', '41.377491', '64.585262', 'Uzbekistan', 0, '0000-00-00 00:00:00', '0000-00-00 00:00:00'),
(231, 'VA', '41.902916', '12.453389', 'Vatican City', 0, '0000-00-00 00:00:00', '0000-00-00 00:00:00'),
(232, 'VC', '12.984305', '-61.287228', 'Saint Vincent and the Grenadines', 0, '0000-00-00 00:00:00', '0000-00-00 00:00:00'),
(233, 'VE', '6.42375', '-66.58973', 'Venezuela', 0, '0000-00-00 00:00:00', '0000-00-00 00:00:00'),
(234, 'VG', '18.420695', '-64.639968', 'British Virgin Islands', 0, '0000-00-00 00:00:00', '0000-00-00 00:00:00'),
(235, 'VI', '18.335765', '-64.896335', 'U.S. Virgin Islands', 0, '0000-00-00 00:00:00', '0000-00-00 00:00:00'),
(236, 'VN', '14.058324', '108.277199', 'Vietnam', 0, '0000-00-00 00:00:00', '0000-00-00 00:00:00'),
(237, 'VU', '-15.37670', '166.959158', 'Vanuatu', 0, '0000-00-00 00:00:00', '0000-00-00 00:00:00'),
(238, 'WF', '-13.76875', '-177.15609', 'Wallis and Futuna', 0, '0000-00-00 00:00:00', '0000-00-00 00:00:00'),
(239, 'WS', '-13.75902', '-172.10462', 'Samoa', 0, '0000-00-00 00:00:00', '0000-00-00 00:00:00'),
(240, 'XK', '42.602636', '20.902977', 'Kosovo', 0, '0000-00-00 00:00:00', '0000-00-00 00:00:00'),
(241, 'YE', '15.552727', '48.516388', 'Yemen', 0, '0000-00-00 00:00:00', '0000-00-00 00:00:00'),
(242, 'YT', '-12.8275', '45.166244', 'Mayotte', 0, '0000-00-00 00:00:00', '0000-00-00 00:00:00'),
(243, 'ZA', '-30.55948', '22.937506', 'South Africa', 0, '0000-00-00 00:00:00', '0000-00-00 00:00:00'),
(244, 'ZM', '-13.13389', '27.849332', 'Zambia', 0, '0000-00-00 00:00:00', '0000-00-00 00:00:00'),
(245, 'ZW', '-19.01543', '29.154857', 'Zimbabwe', 0, '0000-00-00 00:00:00', '0000-00-00 00:00:00');

-- --------------------------------------------------------

--
-- Table structure for table `tbl_guest_pass`
--

CREATE TABLE `tbl_guest_pass` (
  `guest_id` int(11) NOT NULL,
  `user_id` int(11) NOT NULL,
  `voucher_code` varchar(255) NOT NULL,
  `status` tinyint(4) NOT NULL DEFAULT '1' COMMENT '0=>pending,1=>avilable',
  `status_name` varchar(255) NOT NULL,
  `created_date` datetime DEFAULT NULL,
  `send_date` datetime DEFAULT NULL,
  `next_active_date` datetime DEFAULT NULL
) ENGINE=InnoDB DEFAULT CHARSET=latin1;

--
-- Dumping data for table `tbl_guest_pass`
--

INSERT INTO `tbl_guest_pass` (`guest_id`, `user_id`, `voucher_code`, `status`, `status_name`, `created_date`, `send_date`, `next_active_date`) VALUES
(8736, 13, 'YUT563', 1, 'available', '2019-05-01 06:58:02', NULL, NULL),
(8737, 13, 'HRS162', 1, 'available', '2019-05-01 06:58:02', NULL, NULL),
(8738, 13, 'HXT470', 1, 'available', '2019-05-01 06:58:02', NULL, NULL),
(8739, 13, 'XXU517', 1, 'available', '2019-05-01 06:58:02', NULL, NULL),
(8740, 13, 'AVY562', 1, 'available', '2019-05-01 06:58:02', NULL, NULL),
(8741, 13, 'UVF021', 1, 'available', '2019-05-01 06:58:02', NULL, NULL),
(8742, 13, 'QVE543', 1, 'available', '2019-05-01 06:58:02', NULL, NULL),
(8743, 13, 'NJB204', 1, 'available', '2019-05-01 06:58:02', NULL, NULL),
(8744, 13, 'KSX437', 1, 'available', '2019-05-01 06:58:02', NULL, NULL),
(8745, 13, 'AFS484', 1, 'available', '2019-05-01 06:58:02', NULL, NULL),
(8746, 13, 'EJU571', 1, 'available', '2019-05-01 06:58:02', NULL, NULL),
(8747, 13, 'BHC117', 1, 'available', '2019-05-01 06:58:02', NULL, NULL),
(8748, 13, 'GEC801', 1, 'available', '2019-05-01 06:58:02', NULL, NULL),
(8749, 13, 'QSX857', 1, 'available', '2019-05-01 06:58:02', NULL, NULL),
(8750, 13, 'DBG403', 1, 'available', '2019-05-01 06:58:02', NULL, NULL),
(8751, 13, 'NBB566', 1, 'available', '2019-05-01 06:58:02', NULL, NULL),
(8752, 13, 'ECV753', 1, 'available', '2019-05-01 06:58:02', NULL, NULL),
(8753, 13, 'WSC065', 1, 'available', '2019-05-01 06:58:02', NULL, NULL),
(8754, 13, 'QWP464', 1, 'available', '2019-05-01 06:58:02', NULL, NULL),
(8755, 13, 'DFT847', 1, 'available', '2019-05-01 06:58:02', NULL, NULL),
(8756, 13, 'MBX833', 1, 'available', '2019-05-01 06:58:02', NULL, NULL),
(8757, 13, 'QWT236', 1, 'available', '2019-05-01 06:58:02', NULL, NULL),
(8758, 13, 'UAP474', 1, 'available', '2019-05-01 06:58:02', NULL, NULL),
(8759, 13, 'YNP001', 1, 'available', '2019-05-01 06:58:02', NULL, NULL),
(8760, 13, 'PGN265', 1, 'available', '2019-05-01 06:58:02', NULL, NULL),
(8761, 13, 'XRV086', 1, 'available', '2019-05-01 06:58:02', NULL, NULL),
(8762, 13, 'GDT870', 1, 'available', '2019-05-01 06:58:02', NULL, NULL),
(8763, 13, 'TGV638', 1, 'available', '2019-05-01 06:58:02', NULL, NULL),
(8764, 13, 'CQU063', 1, 'available', '2019-05-01 06:58:02', NULL, NULL),
(8765, 13, 'TJA730', 1, 'available', '2019-05-01 06:58:02', NULL, NULL),
(8766, 13, 'WJD136', 1, 'available', '2019-05-01 06:58:02', NULL, NULL),
(8767, 13, 'WSB716', 1, 'available', '2019-05-01 06:58:02', NULL, NULL),
(8768, 13, 'TCS436', 1, 'available', '2019-05-01 06:58:02', NULL, NULL),
(8769, 13, 'GVY510', 1, 'available', '2019-05-01 06:58:02', NULL, NULL),
(8770, 13, 'VVX424', 1, 'available', '2019-05-01 06:58:02', NULL, NULL),
(8771, 13, 'SNU503', 1, 'available', '2019-05-01 06:58:02', NULL, NULL),
(8772, 13, 'XQY175', 1, 'available', '2019-05-01 06:58:02', NULL, NULL),
(8773, 13, 'VFK035', 1, 'available', '2019-05-01 06:58:02', NULL, NULL),
(8774, 13, 'RGB245', 1, 'available', '2019-05-01 06:58:02', NULL, NULL),
(8775, 13, 'CFE024', 1, 'available', '2019-05-01 06:58:02', NULL, NULL),
(8776, 13, 'UKJ415', 1, 'available', '2019-05-01 06:58:02', NULL, NULL),
(8777, 13, 'XBB246', 1, 'available', '2019-05-01 06:58:02', NULL, NULL),
(8778, 13, 'RTM270', 1, 'available', '2019-05-01 06:58:02', NULL, NULL),
(8779, 13, 'MJA146', 1, 'available', '2019-05-01 06:58:02', NULL, NULL),
(8780, 13, 'EVG433', 1, 'available', '2019-05-01 06:58:02', NULL, NULL),
(8781, 13, 'EGC612', 1, 'available', '2019-05-01 06:58:02', NULL, NULL),
(8782, 13, 'NHT243', 1, 'available', '2019-05-01 06:58:02', NULL, NULL),
(8783, 13, 'QUM234', 1, 'available', '2019-05-01 06:58:02', NULL, NULL),
(8784, 13, 'AMQ306', 1, 'available', '2019-05-01 06:58:02', NULL, NULL),
(8785, 13, 'RSP306', 1, 'available', '2019-05-01 06:58:02', NULL, NULL),
(8786, 13, 'KGU414', 1, 'available', '2019-05-01 06:58:02', NULL, NULL),
(8787, 13, 'VWQ164', 1, 'available', '2019-05-01 06:58:02', NULL, NULL),
(8788, 13, 'FDV556', 1, 'available', '2019-05-01 06:58:02', NULL, NULL),
(8789, 13, 'FXM637', 1, 'available', '2019-05-01 06:58:02', NULL, NULL),
(8790, 13, 'VVF313', 1, 'available', '2019-05-01 06:58:02', NULL, NULL),
(8791, 13, 'SEF071', 1, 'available', '2019-05-01 06:58:02', NULL, NULL),
(8792, 13, 'PBR844', 1, 'available', '2019-05-01 06:58:02', NULL, NULL),
(8793, 13, 'XVS117', 1, 'available', '2019-05-01 06:58:02', NULL, NULL),
(8794, 13, 'WAC701', 1, 'available', '2019-05-01 06:58:02', NULL, NULL),
(8795, 13, 'ERW862', 1, 'available', '2019-05-01 06:58:02', NULL, NULL),
(10716, 5, 'NXM706', 1, 'available', '2019-05-01 02:44:33', NULL, NULL),
(10717, 5, 'JGV256', 1, 'available', '2019-05-01 02:44:33', NULL, NULL),
(10718, 5, 'PXT872', 1, 'available', '2019-05-01 02:44:33', NULL, NULL),
(10719, 5, 'TGS052', 1, 'available', '2019-05-01 02:44:33', NULL, NULL),
(10720, 5, 'XAN802', 1, 'available', '2019-05-01 02:44:33', NULL, NULL),
(10721, 5, 'CWP627', 1, 'available', '2019-05-01 02:44:33', NULL, NULL),
(10722, 5, 'UYU885', 1, 'available', '2019-05-01 02:44:33', NULL, NULL),
(10723, 5, 'QBB878', 1, 'available', '2019-05-01 02:44:33', NULL, NULL),
(10724, 5, 'QHX644', 1, 'available', '2019-05-01 02:44:33', NULL, NULL),
(10725, 5, 'WMH170', 1, 'available', '2019-05-01 02:44:33', NULL, NULL),
(10726, 5, 'DYM003', 1, 'available', '2019-05-01 02:44:33', NULL, NULL),
(10727, 5, 'USM834', 1, 'available', '2019-05-01 02:44:33', NULL, NULL),
(10728, 5, 'XJG431', 1, 'available', '2019-05-01 02:44:33', NULL, NULL),
(10729, 5, 'BPF437', 1, 'available', '2019-05-01 02:44:33', NULL, NULL),
(10730, 5, 'FKG226', 1, 'available', '2019-05-01 02:44:33', NULL, NULL),
(10731, 5, 'XQU142', 1, 'available', '2019-05-01 02:44:33', NULL, NULL),
(10732, 5, 'UPH276', 1, 'available', '2019-05-01 02:44:33', NULL, NULL),
(10733, 5, 'XMC621', 1, 'available', '2019-05-01 02:44:33', NULL, NULL),
(10734, 5, 'QMW703', 1, 'available', '2019-05-01 02:44:33', NULL, NULL),
(10735, 5, 'ERV776', 1, 'available', '2019-05-01 02:44:33', NULL, NULL),
(10736, 5, 'PGR388', 1, 'available', '2019-05-01 02:44:33', NULL, NULL),
(10737, 5, 'XJC487', 1, 'available', '2019-05-01 02:44:33', NULL, NULL),
(10738, 5, 'CNE036', 1, 'available', '2019-05-01 02:44:33', NULL, NULL),
(10739, 5, 'PFC724', 1, 'available', '2019-05-01 02:44:33', NULL, NULL),
(10740, 5, 'KHR403', 1, 'available', '2019-05-01 02:44:33', NULL, NULL),
(10741, 5, 'EFW462', 1, 'available', '2019-05-01 02:44:33', NULL, NULL),
(10742, 5, 'HSU763', 1, 'available', '2019-05-01 02:44:33', NULL, NULL),
(10743, 5, 'WXD387', 1, 'available', '2019-05-01 02:44:33', NULL, NULL),
(10744, 5, 'SQP580', 1, 'available', '2019-05-01 02:44:33', NULL, NULL),
(10745, 5, 'HST172', 1, 'available', '2019-05-01 02:44:33', NULL, NULL),
(10746, 5, 'YNE563', 1, 'available', '2019-05-01 02:44:33', NULL, NULL),
(10747, 5, 'KRU866', 1, 'available', '2019-05-01 02:44:33', NULL, NULL),
(10748, 5, 'BBY177', 1, 'available', '2019-05-01 02:44:33', NULL, NULL),
(10749, 5, 'EAF488', 1, 'available', '2019-05-01 02:44:33', NULL, NULL),
(10750, 5, 'PMM848', 1, 'available', '2019-05-01 02:44:33', NULL, NULL),
(10751, 5, 'WKA465', 1, 'available', '2019-05-01 02:44:33', NULL, NULL),
(10752, 5, 'NWS156', 1, 'available', '2019-05-01 02:44:33', NULL, NULL),
(10753, 5, 'SKX576', 1, 'available', '2019-05-01 02:44:33', NULL, NULL),
(10754, 5, 'KYE841', 1, 'available', '2019-05-01 02:44:33', NULL, NULL),
(10755, 5, 'CDT085', 1, 'available', '2019-05-01 02:44:33', NULL, NULL),
(10756, 5, 'CSU223', 1, 'available', '2019-05-01 02:44:33', NULL, NULL),
(10757, 5, 'BPC351', 1, 'available', '2019-05-01 02:44:33', NULL, NULL),
(10758, 5, 'UHK558', 1, 'available', '2019-05-01 02:44:33', NULL, NULL),
(10759, 5, 'HCA365', 1, 'available', '2019-05-01 02:44:33', NULL, NULL),
(10760, 5, 'QNJ455', 1, 'available', '2019-05-01 02:44:33', NULL, NULL),
(10761, 5, 'BFT062', 1, 'available', '2019-05-01 02:44:33', NULL, NULL),
(10762, 5, 'BEN357', 1, 'available', '2019-05-01 02:44:33', NULL, NULL),
(10763, 5, 'DQY811', 1, 'available', '2019-05-01 02:44:33', NULL, NULL),
(10764, 5, 'KRJ686', 1, 'available', '2019-05-01 02:44:33', NULL, NULL),
(10765, 5, 'DMW058', 1, 'available', '2019-05-01 02:44:33', NULL, NULL),
(10766, 5, 'QRY688', 1, 'available', '2019-05-01 02:44:33', NULL, NULL),
(10767, 5, 'NUD453', 1, 'available', '2019-05-01 02:44:33', NULL, NULL),
(10768, 5, 'PUV726', 1, 'available', '2019-05-01 02:44:33', NULL, NULL),
(10769, 5, 'JEW164', 1, 'available', '2019-05-01 02:44:33', NULL, NULL),
(10770, 5, 'JSR054', 1, 'available', '2019-05-01 02:44:33', NULL, NULL),
(10771, 5, 'QXT631', 1, 'available', '2019-05-01 02:44:33', NULL, NULL),
(10772, 5, 'JXW755', 1, 'available', '2019-05-01 02:44:33', NULL, NULL),
(10773, 5, 'QYM634', 1, 'available', '2019-05-01 02:44:33', NULL, NULL),
(10774, 5, 'CQM040', 1, 'available', '2019-05-01 02:44:33', NULL, NULL),
(10775, 5, 'WCX135', 1, 'available', '2019-05-01 02:44:33', NULL, NULL),
(10776, 5, 'EAG416', 1, 'available', '2019-05-01 02:44:33', NULL, NULL),
(10777, 5, 'YJY012', 1, 'available', '2019-05-01 02:44:33', NULL, NULL),
(10778, 5, 'XUU210', 1, 'available', '2019-05-01 02:44:33', NULL, NULL),
(10779, 5, 'HDE741', 1, 'available', '2019-05-01 02:44:33', NULL, NULL),
(10780, 5, 'GXV861', 1, 'available', '2019-05-01 02:44:33', NULL, NULL),
(10781, 5, 'RCA640', 1, 'available', '2019-05-01 02:44:33', NULL, NULL),
(10782, 5, 'NRT781', 1, 'available', '2019-05-01 02:44:33', NULL, NULL),
(10783, 5, 'DRA358', 1, 'available', '2019-05-01 02:44:33', NULL, NULL),
(10784, 5, 'YHK435', 1, 'available', '2019-05-01 02:44:33', NULL, NULL),
(10785, 5, 'JPW440', 1, 'available', '2019-05-01 02:44:33', NULL, NULL),
(10786, 5, 'YBR050', 1, 'available', '2019-05-01 02:44:33', NULL, NULL),
(10787, 5, 'FWT250', 1, 'available', '2019-05-01 02:44:33', NULL, NULL),
(10788, 5, 'JMW772', 1, 'available', '2019-05-01 02:44:33', NULL, NULL),
(10789, 5, 'PMG106', 1, 'available', '2019-05-01 02:44:33', NULL, NULL),
(10790, 5, 'QSQ775', 1, 'available', '2019-05-01 02:44:33', NULL, NULL),
(10791, 5, 'WJP220', 1, 'available', '2019-05-01 02:44:33', NULL, NULL),
(10792, 5, 'MDV301', 1, 'available', '2019-05-01 02:44:33', NULL, NULL),
(10793, 5, 'UMQ354', 1, 'available', '2019-05-01 02:44:33', NULL, NULL),
(10794, 5, 'YYD042', 1, 'available', '2019-05-01 02:44:33', NULL, NULL),
(10795, 5, 'WMD885', 1, 'available', '2019-05-01 02:44:33', NULL, NULL);

-- --------------------------------------------------------

--
-- Table structure for table `tbl_label`
--

CREATE TABLE `tbl_label` (
  `label_id` int(11) NOT NULL,
  `label_key` varchar(500) NOT NULL,
  `label_value` varchar(500) NOT NULL,
  `label_type` int(11) NOT NULL,
  `is_active` tinyint(4) NOT NULL DEFAULT '1',
  `created_date` datetime NOT NULL
) ENGINE=InnoDB DEFAULT CHARSET=latin1;

--
-- Dumping data for table `tbl_label`
--

INSERT INTO `tbl_label` (`label_id`, `label_key`, `label_value`, `label_type`, `is_active`, `created_date`) VALUES
(1, 'prospector', 'Prospector', 1, 1, '2018-11-28 00:00:00'),
(2, 'media_library', 'Media Library', 1, 1, '2018-11-28 00:00:00'),
(3, 'your_next_rank', 'Your Next Rank', 2, 1, '2018-11-28 00:00:00'),
(4, 'daily_guarantee', 'Daily Guarantee', 2, 1, '2018-11-28 00:00:00'),
(5, 'welcome', 'Welcome', 3, 1, '2018-11-28 00:00:00'),
(6, 'login', 'Login', 3, 1, '2018-11-28 00:00:00'),
(7, 'login', 'Login', 4, 1, '2018-11-28 00:00:00'),
(8, 'email', 'Email', 4, 1, '2018-11-28 00:00:00'),
(9, 'password', 'Password', 4, 1, '2018-11-28 00:00:00'),
(10, 'forgot_password', 'Forgot password', 4, 1, '2018-11-28 00:00:00'),
(11, 'home', 'Home', 1, 1, '2018-11-28 00:00:00'),
(12, 'enroll_member', 'Enroll Member', 1, 1, '2018-11-28 00:00:00'),
(13, 'mwr_academy', 'MWR Academy', 1, 1, '2018-11-28 00:00:00'),
(14, 'book_travel', 'Book Travel', 1, 1, '2018-11-28 00:00:00'),
(15, 'links', 'Links', 1, 1, '2018-11-28 00:00:00'),
(16, 'my_dashboard', 'My Dashboard', 1, 1, '2018-11-28 00:00:00'),
(17, 'organization_size', 'Organization size', 2, 1, '2018-11-28 00:00:00'),
(18, 'qualification_pts', 'Qualification pts.', 2, 1, '2018-11-28 00:00:00'),
(19, 'life_experience_points', 'Life Experience® Loyalty Dollars', 2, 1, '0000-00-00 00:00:00'),
(20, 'to_the_rank_of_manager', 'to the rank of Manager', 2, 1, '0000-00-00 00:00:00'),
(21, 'luxury_vehicle_club', 'Luxury Vehicle Club', 2, 1, '2018-11-28 00:00:00'),
(22, 'total', 'Total', 2, 1, '0000-00-00 00:00:00'),
(23, 'last_activity', 'Last activity', 2, 1, '0000-00-00 00:00:00'),
(24, 'days_ago', 'days ago', 2, 1, '0000-00-00 00:00:00'),
(25, 'id', 'ID', 5, 1, '0000-00-00 00:00:00'),
(26, 'biz_center', 'Biz Center', 5, 1, '0000-00-00 00:00:00'),
(27, 'notifications', 'Notifications', 5, 1, '0000-00-00 00:00:00'),
(28, 'about', 'About', 5, 1, '0000-00-00 00:00:00'),
(29, 'contact_us', 'Contact Us', 5, 1, '0000-00-00 00:00:00'),
(30, 'language', 'Language', 5, 1, '0000-00-00 00:00:00'),
(31, 'logout', 'Logout', 5, 1, '0000-00-00 00:00:00'),
(32, 'select_contacts', 'Select Contacts', 6, 1, '2018-12-03 00:00:00'),
(33, 'search_contacts', 'Search contacts', 6, 1, '2018-12-03 00:00:00'),
(34, 'hot', 'Hot', 7, 1, '0000-00-00 00:00:00'),
(35, 'in_play', 'In Play', 7, 1, '0000-00-00 00:00:00'),
(36, 'unsorted', 'Unsorted', 7, 1, '0000-00-00 00:00:00'),
(37, 'cold', 'Cold', 7, 1, '0000-00-00 00:00:00'),
(38, 'unworkable', 'Unworkable', 7, 1, '0000-00-00 00:00:00'),
(39, 'all', 'All', 7, 1, '0000-00-00 00:00:00'),
(40, 'sort', 'Sort', 8, 1, '0000-00-00 00:00:00'),
(41, 'edit status', 'Edit Status', 8, 1, '0000-00-00 00:00:00'),
(42, 'schedule_follow_up', 'Schedule Follow-up', 8, 1, '0000-00-00 00:00:00'),
(43, 'contact', 'Contact', 8, 1, '0000-00-00 00:00:00'),
(44, 'add_note', 'Add Note', 8, 1, '0000-00-00 00:00:00'),
(45, 'notes', 'Notes', 8, 1, '0000-00-00 00:00:00'),
(46, 'note', 'Note', 8, 1, '0000-00-00 00:00:00'),
(47, 'show_all', 'SHOW ALL', 8, 1, '0000-00-00 00:00:00'),
(48, 'activity', 'Activity', 8, 1, '0000-00-00 00:00:00'),
(49, 'status', 'Status', 8, 1, '0000-00-00 00:00:00'),
(50, 'send_enrollment_link', 'Send Enrollment Link', 8, 1, '2018-12-03 00:00:00'),
(51, 'follow_up', 'Follow Up', 9, 1, '0000-00-00 00:00:00'),
(52, 'appointment_message', 'Your Appointment will begin at', 9, 1, '0000-00-00 00:00:00'),
(53, 'on', 'On', 9, 1, '0000-00-00 00:00:00'),
(54, 'confirm', 'Confirm', 9, 1, '0000-00-00 00:00:00'),
(56, 'prospector', 'Prospector', 10, 1, '0000-00-00 00:00:00'),
(57, 'statistics', 'Statistics', 10, 1, '0000-00-00 00:00:00'),
(58, 'prospector_sorted', 'Prospector sorted', 10, 1, '0000-00-00 00:00:00'),
(59, 'sort_contacts', 'Sort Contacts', 10, 1, '0000-00-00 00:00:00'),
(60, 'open', 'Open', 10, 1, '0000-00-00 00:00:00'),
(61, 'activity', 'Activity', 10, 1, '0000-00-00 00:00:00'),
(62, 'show_all', 'SHOW ALL', 10, 1, '0000-00-00 00:00:00'),
(63, 'note', 'Note', 10, 1, '0000-00-00 00:00:00'),
(64, 'add_new_contact', 'Add New Contact', 10, 1, '0000-00-00 00:00:00'),
(65, 'invite_member', 'Invite Member', 11, 1, '0000-00-00 00:00:00'),
(66, 'first_name', 'First Name', 11, 1, '0000-00-00 00:00:00'),
(67, 'last_name', 'Last Name', 11, 1, '0000-00-00 00:00:00'),
(68, 'phone', 'Phone', 11, 1, '0000-00-00 00:00:00'),
(69, 'email', 'Email', 11, 1, '0000-00-00 00:00:00'),
(70, 'country', 'Country', 11, 1, '0000-00-00 00:00:00'),
(71, 'type', 'Type', 11, 1, '0000-00-00 00:00:00'),
(72, 'send_invite', 'Send Invite', 11, 1, '0000-00-00 00:00:00'),
(73, '10_in_play', '10 in Play', 10, 1, '2018-12-04 00:00:00'),
(74, 'My_Team', 'My Team', 10, 1, '2018-12-04 00:00:00'),
(75, 'To_Do', 'To Do', 10, 1, '2018-12-04 00:00:00'),
(76, 'my_profile', 'My Profile', 5, 1, '2018-12-18 00:00:00'),
(77, 'id', 'ID', 2, 1, '2018-12-18 00:00:00'),
(78, 'prospector_activity', 'Prospector Activity', 2, 1, '2018-12-18 00:00:00'),
(79, 'sync_contacts', 'Sync Contacts', 10, 1, '2018-12-18 00:00:00'),
(80, 'you_havent_synced_your_contacts_yet', 'You haven’t synced your contacts yet!', 10, 1, '2018-12-18 00:00:00'),
(81, 'status', 'Status', 10, 1, '2018-12-18 00:00:00'),
(82, 'followup_scheduled', 'Follow-up scheduled', 10, 1, '2018-12-18 00:00:00'),
(83, 'contact', 'Contact', 10, 1, '2018-12-18 00:00:00'),
(84, 'settings', 'Settings', 5, 1, '2018-12-19 00:00:00'),
(85, 'followup_scheduled', 'Follow-up Scheduled', 8, 1, '2018-12-20 20:00:00'),
(86, 'you_change_the_status_of', 'You changed the status of', 8, 1, '2018-12-20 20:07:00'),
(87, 'to', 'to', 8, 1, '2018-12-20 20:12:00'),
(88, 'all_notes', 'All Notes', 8, 1, '2018-12-25 00:00:00'),
(89, 'all_activities', 'All Activities', 8, 1, '2018-12-25 00:00:00'),
(90, 'media', 'Media', 12, 1, '2019-01-07 00:00:00'),
(91, 'video', 'Video', 12, 1, '2019-01-07 00:00:00'),
(92, 'links', 'Links', 12, 1, '2019-01-07 00:00:00'),
(93, 'documents', 'Documents', 12, 1, '2019-01-07 00:00:00'),
(94, 'news', 'News', 12, 1, '2019-01-07 00:00:00'),
(95, 'updates_from_mwr_life', 'Updates from MWR Life', 5, 1, '2019-01-08 00:00:00'),
(96, 'no_prospects_available', 'No Prospects Available', 6, 1, '2019-01-08 00:00:00'),
(97, 'activity', 'Activity', 5, 1, '2019-01-08 00:00:00'),
(98, 'no', 'No', 12, 1, '2019-01-09 00:00:00'),
(99, 'available', 'available', 12, 1, '2019-01-09 00:00:00'),
(100, 'choose_a_way_to_contact', 'Choose a way to contact', 6, 1, '2019-01-10 00:00:00'),
(101, 'choose_a_method', 'Choose a method', 6, 1, '2019-01-10 00:00:00'),
(102, 'call', 'Call', 6, 1, '2019-01-10 00:00:00'),
(103, 'message', 'Message', 6, 1, '2019-01-10 00:00:00'),
(104, 'email', 'Email', 6, 1, '2019-01-10 00:00:00'),
(105, 'share_media', 'Share Media', 6, 1, '2019-01-10 00:00:00'),
(106, 'cancel', 'Cancel', 6, 1, '2019-01-10 00:00:00'),
(107, 'view_profile', 'View profile', 8, 1, '2019-01-10 00:00:00'),
(108, 'scheduleFollowup', 'Schedule Follow-up', 9, 1, '2019-01-10 00:00:00'),
(109, 'done', 'Done', 9, 1, '2019-01-10 00:00:00'),
(110, 'enter', 'Enter', 11, 1, '2019-01-10 00:00:00'),
(111, 'select', 'Select', 11, 1, '2019-01-10 00:00:00'),
(112, 'enroll_member', 'Enroll Member', 11, 1, '2019-01-10 00:00:00'),
(113, 'select_membership', 'Select Membership', 11, 1, '2019-01-10 00:00:00'),
(114, 'lifestyle_consultant', 'Lifestyle Consultant', 11, 1, '2019-01-10 00:00:00'),
(115, 'pro_customer', 'PRO Customer', 11, 1, '2019-01-10 00:00:00'),
(116, 'vip_customer', 'VIP Customer', 11, 1, '2019-01-10 00:00:00'),
(117, 'lite_customer', 'Lite Customer', 11, 1, '2019-01-10 00:00:00'),
(118, 'enroll', 'Enroll', 11, 1, '2019-01-10 00:00:00'),
(119, 'please_enter_valid_email', 'Please enter valid email', 11, 1, '2019-01-10 00:00:00'),
(120, 'open_file', 'Open File', 12, 1, '2019-01-10 00:00:00'),
(121, 'open_link', 'Open Link', 12, 1, '2019-01-10 00:00:00'),
(122, 'mwr_life', 'MWR Life', 5, 1, '2019-01-11 00:00:00'),
(123, 'w_commercial_blvd', '2101 W Commercial Blvd,', 5, 1, '2019-01-11 00:00:00'),
(124, 'fort_lauderdale', 'Fort Lauderdale, FL 33309', 5, 1, '2019-01-11 00:00:00'),
(125, 'version', 'Version', 5, 1, '2019-01-11 00:00:00'),
(126, 'all_contacts', 'All Contacts', 10, 1, '2019-01-11 00:00:00'),
(127, 'edit', 'Edit', 10, 1, '2019-01-11 00:00:00'),
(128, 'delete', 'Delete', 10, 1, '2019-01-11 00:00:00'),
(129, 'back', 'Back', 10, 1, '2019-01-11 00:00:00'),
(130, 'next', 'Next', 10, 1, '2019-01-11 00:00:00'),
(131, 'my_link', 'My Link', 11, 1, '2019-01-16 00:00:00'),
(132, 'please_select_membership_type', 'Please select membership type', 11, 1, '2019-01-18 00:00:00'),
(133, 'all_to_do', 'All To Do', 8, 1, '2019-01-19 00:00:00'),
(134, 'edit', 'Edit', 8, 1, '2019-01-19 00:00:00'),
(135, 'delete', 'Delete', 8, 1, '2019-01-19 00:00:00'),
(136, 'confirm', 'Confirm', 8, 1, '2019-01-19 00:00:00'),
(137, 'please_enter_email_id', 'Please enter email id', 4, 1, '2019-01-19 00:00:00'),
(138, 'please_enter_password', 'Please enter your password', 4, 1, '2019-01-19 00:00:00'),
(139, 'no_activity_perform', 'No Activity Perform', 10, 1, '2019-01-19 00:00:00'),
(140, 'appointment_message_completed', 'Your Appointment completed', 9, 1, '2019-01-19 00:00:00'),
(141, 'add_your_note_here', 'Add your note here', 8, 1, '2019-01-19 00:00:00'),
(143, 'your_current_level', 'Your Current Level', 2, 1, '2019-01-19 00:00:00'),
(144, 'current_month_balance', 'Current Month Balance', 2, 1, '2019-01-19 00:00:00'),
(145, 'status_for_next_level', 'Status for Next Level', 2, 1, '2019-01-19 00:00:00'),
(146, 'content_updates', 'Content Updates', 5, 1, '2019-01-19 00:00:00'),
(147, 'select_contact', 'Select Contact', 6, 1, '2019-01-21 00:00:00'),
(148, 'contact_havent_sync', 'Contact haven\'t Sync', 2, 1, '2019-01-21 00:00:00'),
(149, 'no_record_found', 'No Record Found', 10, 1, '2019-01-22 00:00:00'),
(150, 'minutes_ago', 'minutes ago', 2, 1, '2019-01-22 00:00:00'),
(151, 'hours_ago', 'hours ago', 2, 1, '2019-01-22 00:00:00'),
(152, 'no_activity_perform', 'No Activity Perform', 2, 1, '2019-01-22 00:00:00'),
(153, 'mwr_life_all_rights_reserved', '© MWR Life - All rights reserved', 5, 1, '2019-01-23 00:00:00'),
(154, 'websites', 'Websites', 1, 1, '2019-01-23 00:00:00'),
(155, 'user_tour', 'User Tour', 5, 1, '2019-01-23 00:00:00'),
(156, 'camera', 'Camera', 5, 1, '2019-01-29 00:00:00'),
(157, 'gallery', 'Gallery', 5, 1, '2019-01-29 00:00:00'),
(158, 'cancel', 'Cancel', 5, 1, '2019-01-29 00:00:00'),
(159, 'seconds_ago', 'seconds ago', 2, 1, '2019-01-30 00:00:00'),
(160, 'scheduled_a_followup_with', 'Scheduled a Followup with', 9, 1, '2019-01-30 00:00:00'),
(161, 'viewed_the', 'viewed the', 8, 1, '2019-02-01 00:00:00'),
(162, 'notification', 'Notification', 8, 1, '2019-02-01 00:00:00'),
(163, 'social_feed', 'Social Feed', 12, 1, '2019-03-04 00:00:00'),
(164, 'Guest_Pass', 'Guest Pass', 1, 1, '2019-03-04 00:00:00'),
(165, 'open_news', 'Open News', 12, 1, '2019-03-16 00:00:00'),
(166, 'select_language', 'Select Language', 5, 1, '2019-03-22 00:00:00');

-- --------------------------------------------------------

--
-- Table structure for table `tbl_label_translation`
--

CREATE TABLE `tbl_label_translation` (
  `translation_id` int(11) NOT NULL,
  `label_id` int(11) NOT NULL,
  `language_id` int(11) NOT NULL,
  `label_translation` text CHARACTER SET utf8 NOT NULL,
  `is_active` tinyint(1) NOT NULL DEFAULT '1',
  `created_date` datetime DEFAULT NULL
) ENGINE=InnoDB DEFAULT CHARSET=latin1;

--
-- Dumping data for table `tbl_label_translation`
--

INSERT INTO `tbl_label_translation` (`translation_id`, `label_id`, `language_id`, `label_translation`, `is_active`, `created_date`) VALUES
(93, 2, 1, 'Media Library', 1, NULL),
(94, 2, 2, 'Médiathèque', 1, NULL),
(95, 2, 3, 'Biblioteca de mídia', 1, NULL),
(96, 2, 4, 'Mediateca', 1, NULL),
(97, 2, 5, 'Libreria multimediale', 1, NULL),
(98, 11, 1, 'Home', 1, NULL),
(99, 11, 2, 'Accueil', 1, NULL),
(100, 11, 3, 'Casa', 1, NULL),
(101, 11, 4, 'Casa', 1, NULL),
(102, 11, 5, 'Casa', 1, NULL),
(103, 12, 1, 'Enroll Member', 1, NULL),
(104, 12, 2, 'Inscrire un membre', 1, NULL),
(105, 12, 3, 'Inscrever Membro', 1, NULL),
(106, 12, 4, 'Inscribirse miembro', 1, NULL),
(107, 12, 5, 'Iscriviti membro', 1, NULL),
(108, 13, 1, 'MWR Academy', 1, NULL),
(109, 13, 2, 'Académie MWR', 1, NULL),
(110, 13, 3, 'Academia MWR', 1, NULL),
(111, 13, 4, 'Academia MWR', 1, NULL),
(112, 13, 5, 'MWR Academy', 1, NULL),
(113, 14, 1, 'Book Travel', 1, NULL),
(114, 14, 2, 'Réserver un voyage', 1, NULL),
(115, 14, 3, 'Viagem livro', 1, NULL),
(116, 14, 4, 'Libro de viaje', 1, NULL),
(117, 14, 5, 'Prenota il viaggio', 1, NULL),
(118, 15, 1, 'Links', 1, NULL),
(119, 15, 2, 'Liens', 1, NULL),
(120, 15, 3, 'Links', 1, NULL),
(121, 15, 4, 'Campo de golf', 1, NULL),
(122, 15, 5, 'link', 1, NULL),
(123, 16, 1, 'My Dashboard', 1, NULL),
(124, 16, 2, 'Mon tableau de bord', 1, NULL),
(125, 16, 3, 'Meu painel', 1, NULL),
(126, 16, 4, 'Mi tablero', 1, NULL),
(127, 16, 5, 'la mia scrivania', 1, NULL),
(143, 18, 1, 'Qualification pts.', 1, NULL),
(144, 18, 2, 'Points de qualification.', 1, NULL),
(145, 18, 3, 'Pontos de qualificação', 1, NULL),
(146, 18, 4, 'Calificación pts.', 1, NULL),
(147, 18, 5, 'Punti di qualificazione.', 1, NULL),
(163, 20, 1, 'to the rank of Manager', 1, NULL),
(164, 20, 2, 'au rang de manager', 1, NULL),
(165, 20, 3, 'para o posto de gerente', 1, NULL),
(166, 20, 4, 'al rango de Gerente', 1, NULL),
(167, 20, 5, 'al grado di Manager', 1, NULL),
(168, 21, 1, 'Luxury Vehicle Club', 1, NULL),
(169, 21, 2, 'Club de véhicules de luxe', 1, NULL),
(170, 21, 3, 'Clube de veículos de luxo', 1, NULL),
(171, 21, 4, 'Club de vehículos de lujo', 1, NULL),
(172, 21, 5, 'Club dei veicoli di lusso', 1, NULL),
(178, 22, 1, 'Total', 1, NULL),
(179, 22, 2, 'Totale', 1, NULL),
(180, 22, 3, 'Total', 1, NULL),
(181, 22, 4, 'Total', 1, NULL),
(182, 22, 5, 'Totale', 1, NULL),
(188, 23, 1, 'Last activity', 1, NULL),
(189, 23, 2, 'Dernière Activité', 1, NULL),
(190, 23, 3, 'Ultima atividade', 1, NULL),
(191, 23, 4, 'Última actividad', 1, NULL),
(192, 23, 5, 'L\'ultima attività', 1, NULL),
(198, 24, 1, 'days ago', 1, NULL),
(199, 24, 2, 'il y a quelques jours', 1, NULL),
(200, 24, 3, 'dias atrás', 1, NULL),
(201, 24, 4, 'hace días', 1, NULL),
(202, 24, 5, 'giorni fa', 1, NULL),
(203, 5, 1, 'Welcome', 1, NULL),
(204, 5, 2, 'Bienvenue', 1, NULL),
(205, 5, 3, 'Bem vinda', 1, NULL),
(206, 5, 4, 'Bienvenida', 1, NULL),
(207, 5, 5, 'Benvenuta', 1, NULL),
(213, 6, 1, 'Login', 1, NULL),
(214, 6, 2, 'S\'identifier', 1, NULL),
(215, 6, 3, 'Entrar', 1, NULL),
(216, 6, 4, 'Iniciar sesión', 1, NULL),
(217, 6, 5, 'Accesso', 1, NULL),
(223, 7, 1, 'Login', 1, NULL),
(224, 7, 2, 'S\'identifier', 1, NULL),
(225, 7, 3, 'Entrar', 1, NULL),
(226, 7, 4, 'Iniciar sesión', 1, NULL),
(227, 7, 5, 'Accesso', 1, NULL),
(233, 8, 1, 'Email', 1, NULL),
(234, 8, 2, 'Email', 1, NULL),
(235, 8, 3, 'O email', 1, NULL),
(236, 8, 4, 'Email', 1, NULL),
(237, 8, 5, 'E-mail', 1, NULL),
(238, 9, 1, 'Password', 1, NULL),
(239, 9, 2, 'Mot de passe', 1, NULL),
(240, 9, 3, 'Senha', 1, NULL),
(241, 9, 4, 'Contraseña', 1, NULL),
(242, 9, 5, 'Parola d\'ordine', 1, NULL),
(248, 79, 1, 'Sync Contacts', 1, NULL),
(249, 79, 2, 'Synchroniser les contacts', 1, NULL),
(250, 79, 3, 'Sincronizar contatos', 1, NULL),
(251, 79, 4, 'Sincronizar contactos', 1, NULL),
(252, 79, 5, 'Sincronizzare i contatti', 1, NULL),
(253, 80, 1, 'You haven’t synced your contacts yet!', 1, NULL),
(254, 80, 2, 'Vous n\'avez pas encore synchronisé vos contacts!', 1, NULL),
(255, 80, 3, 'Você ainda não sincronizou seus contatos!', 1, NULL),
(256, 80, 4, '¡Aún no has sincronizado tus contactos!', 1, NULL),
(257, 80, 5, 'Non hai ancora sincronizzato i tuoi contatti!', 1, NULL),
(258, 81, 1, 'Status', 1, NULL),
(259, 81, 2, 'Statut', 1, NULL),
(260, 81, 3, 'Status', 1, NULL),
(261, 81, 4, 'Estado', 1, NULL),
(262, 81, 5, 'Stato', 1, NULL),
(263, 82, 1, 'Follow-up scheduled', 1, NULL),
(264, 82, 2, 'Suivi prévu', 1, NULL),
(265, 82, 3, 'Acompanhamento agendado', 1, NULL),
(266, 82, 4, 'Seguimiento programado', 1, NULL),
(267, 82, 5, 'Follow-up programmato', 1, NULL),
(268, 83, 1, 'Contact', 1, NULL),
(269, 83, 2, 'Contact', 1, NULL),
(270, 83, 3, 'Contato', 1, NULL),
(271, 83, 4, 'Contacto', 1, NULL),
(272, 83, 5, 'Contatto', 1, NULL),
(278, 78, 1, 'Prospector Activity', 1, NULL),
(279, 78, 2, 'Activité de prospecteur', 1, NULL),
(280, 78, 3, 'Atividade do Prospector', 1, NULL),
(281, 78, 4, 'Actividad de prospector', 1, NULL),
(282, 78, 5, 'Attività del prospetto', 1, NULL),
(288, 26, 1, 'Biz Center', 1, NULL),
(289, 26, 2, 'Centre de commerce', 1, NULL),
(290, 26, 3, 'Biz Center', 1, NULL),
(291, 26, 4, 'Centro de negocios', 1, NULL),
(292, 26, 5, 'Centro Biz', 1, NULL),
(293, 27, 1, 'Notifications', 1, NULL),
(294, 27, 2, 'Les notifications', 1, NULL),
(295, 27, 3, 'Notificações', 1, NULL),
(296, 27, 4, 'Notificaciones', 1, NULL),
(297, 27, 5, 'notifiche', 1, NULL),
(298, 28, 1, 'About', 1, NULL),
(299, 28, 2, 'Sur', 1, NULL),
(300, 28, 3, 'Sobre', 1, NULL),
(301, 28, 4, 'Acerca de', 1, NULL),
(302, 28, 5, 'Di', 1, NULL),
(303, 29, 1, 'Contact Us', 1, NULL),
(304, 29, 2, 'Contactez nous', 1, NULL),
(305, 29, 3, 'Contate-Nos', 1, NULL),
(306, 29, 4, 'Contáctenos', 1, NULL),
(307, 29, 5, 'Contattaci', 1, NULL),
(308, 30, 1, 'Language', 1, NULL),
(309, 30, 2, 'La langue', 1, NULL),
(310, 30, 3, 'Língua', 1, NULL),
(311, 30, 4, 'Idioma', 1, NULL),
(312, 30, 5, 'linguaggio', 1, NULL),
(313, 31, 1, 'Logout', 1, NULL),
(314, 31, 2, 'Connectez - Out', 1, NULL),
(315, 31, 3, 'Sair', 1, NULL),
(316, 31, 4, 'Cerrar sesión', 1, NULL),
(317, 31, 5, 'Disconnettersi', 1, NULL),
(318, 76, 1, 'My Profile', 1, NULL),
(319, 76, 2, 'Mon profil', 1, NULL),
(320, 76, 3, 'Meu perfil', 1, NULL),
(321, 76, 4, 'Mi perfil', 1, NULL),
(322, 76, 5, 'Il mio profilo', 1, NULL),
(323, 32, 1, 'Select Contacts', 1, NULL),
(324, 32, 2, 'Sélectionnez Contacts', 1, NULL),
(325, 32, 3, 'Selecione Contatos', 1, NULL),
(326, 32, 4, 'Seleccione Contactos', 1, NULL),
(327, 32, 5, 'Seleziona Contatti', 1, NULL),
(328, 33, 1, 'Search contacts', 1, NULL),
(329, 33, 2, 'Rechercher des contacts', 1, NULL),
(330, 33, 3, 'Pesquisar contatos', 1, NULL),
(331, 33, 4, 'Buscar contactos', 1, NULL),
(332, 33, 5, 'Cerca contatti', 1, NULL),
(333, 34, 1, 'Hot', 1, NULL),
(334, 34, 2, 'Chaude', 1, NULL),
(335, 34, 3, 'Quente', 1, NULL),
(336, 34, 4, 'Caliente', 1, NULL),
(337, 34, 5, 'Calda', 1, NULL),
(338, 35, 1, 'In Play', 1, NULL),
(339, 35, 2, 'En jeu', 1, NULL),
(340, 35, 3, 'Jogando', 1, NULL),
(341, 35, 4, 'En juego', 1, NULL),
(342, 35, 5, 'In gioco', 1, NULL),
(348, 36, 1, 'Unsorted', 1, NULL),
(349, 36, 2, 'Non triés', 1, NULL),
(350, 36, 3, 'não triados', 1, NULL),
(351, 36, 4, 'Sin clasificar', 1, NULL),
(352, 36, 5, 'Unsorted', 1, NULL),
(353, 37, 1, 'Cold', 1, NULL),
(354, 37, 2, 'Du froid', 1, NULL),
(355, 37, 3, 'Fria', 1, NULL),
(356, 37, 4, 'Fría', 1, NULL),
(357, 37, 5, 'Fredda', 1, NULL),
(358, 38, 1, 'Unworkable', 1, NULL),
(359, 38, 2, 'Impraticable', 1, NULL),
(360, 38, 3, 'Impraticável', 1, NULL),
(361, 38, 4, 'Impracticable', 1, NULL),
(362, 38, 5, 'inattuabile', 1, NULL),
(363, 39, 1, 'All', 1, NULL),
(364, 39, 2, 'Toute', 1, NULL),
(365, 39, 3, 'Todas', 1, NULL),
(366, 39, 4, 'Todas', 1, NULL),
(367, 39, 5, 'Tutte', 1, NULL),
(378, 41, 1, 'Edit Status', 1, NULL),
(379, 41, 2, 'Modifier le statut', 1, NULL),
(380, 41, 3, 'Editar status', 1, NULL),
(381, 41, 4, 'Editar estado', 1, NULL),
(382, 41, 5, 'Modifica stato', 1, NULL),
(388, 43, 1, 'Contact', 1, NULL),
(389, 43, 2, 'Contact', 1, NULL),
(390, 43, 3, 'Contato', 1, NULL),
(391, 43, 4, 'Contacto', 1, NULL),
(392, 43, 5, 'Contatto', 1, NULL),
(393, 44, 1, 'Add Note', 1, NULL),
(394, 44, 2, 'Ajouter une note', 1, NULL),
(395, 44, 3, 'Adicionar nota', 1, NULL),
(396, 44, 4, 'Añadir la nota', 1, NULL),
(397, 44, 5, 'Aggiungi nota', 1, NULL),
(398, 45, 1, 'Notes', 1, NULL),
(399, 45, 2, 'Remarques', 1, NULL),
(400, 45, 3, 'Notas', 1, NULL),
(401, 45, 4, 'Notas', 1, NULL),
(402, 45, 5, 'Gli appunti', 1, NULL),
(403, 46, 1, 'Note', 1, NULL),
(404, 46, 2, 'Remarque', 1, NULL),
(405, 46, 3, 'Nota', 1, NULL),
(406, 46, 4, 'Nota', 1, NULL),
(407, 46, 5, 'Nota', 1, NULL),
(408, 47, 1, 'SHOW ALL', 1, NULL),
(409, 47, 2, 'MONTRE TOUT', 1, NULL),
(410, 47, 3, 'MOSTRE TUDO', 1, NULL),
(411, 47, 4, 'MOSTRAR TODO', 1, NULL),
(412, 47, 5, 'MOSTRA TUTTO', 1, NULL),
(413, 48, 1, 'Activity', 1, NULL),
(414, 48, 2, 'Activité', 1, NULL),
(415, 48, 3, 'Atividade', 1, NULL),
(416, 48, 4, 'Actividad', 1, NULL),
(417, 48, 5, 'Attività', 1, NULL),
(418, 49, 1, 'Status', 1, NULL),
(419, 49, 2, 'Statut', 1, NULL),
(420, 49, 3, 'Status', 1, NULL),
(421, 49, 4, 'Estado', 1, NULL),
(422, 49, 5, 'Stato', 1, NULL),
(428, 52, 1, 'Your Appointment will begin at', 1, NULL),
(429, 52, 2, 'Votre rendez-vous commencera à', 1, NULL),
(430, 52, 3, 'Seu compromisso começará em', 1, NULL),
(431, 52, 4, 'Su cita comenzará a las', 1, NULL),
(432, 52, 5, 'Il tuo appuntamento inizierà alle', 1, NULL),
(433, 53, 1, 'On', 1, NULL),
(434, 53, 2, 'Sur', 1, NULL),
(435, 53, 3, 'Em', 1, NULL),
(436, 53, 4, 'En', 1, NULL),
(437, 53, 5, 'Sopra', 1, NULL),
(438, 54, 1, 'Confirm', 1, NULL),
(439, 54, 2, 'Confirmer', 1, NULL),
(440, 54, 3, 'confirme', 1, NULL),
(441, 54, 4, 'Confirmar', 1, NULL),
(442, 54, 5, 'Confermare', 1, NULL),
(443, 56, 1, 'Prospector', 1, NULL),
(444, 56, 2, 'Prospecteur', 1, NULL),
(445, 56, 3, 'Prospector', 1, NULL),
(446, 56, 4, 'Prospector', 1, NULL),
(447, 56, 5, 'prospettore', 1, NULL),
(448, 57, 1, 'Statistics', 1, NULL),
(449, 57, 2, 'Statistiques', 1, NULL),
(450, 57, 3, 'Estatisticas', 1, NULL),
(451, 57, 4, 'Estadística', 1, NULL),
(452, 57, 5, 'statistica', 1, NULL),
(453, 58, 1, 'Prospector sorted', 1, NULL),
(454, 58, 2, 'Prospecteur trié', 1, NULL),
(455, 58, 3, 'Prospector classificado', 1, NULL),
(456, 58, 4, 'Prospector ordenado', 1, NULL),
(457, 58, 5, 'Prospettore ordinato', 1, NULL),
(458, 59, 1, 'Sort Contacts', 1, NULL),
(459, 59, 2, 'Trier les contacts', 1, NULL),
(460, 59, 3, 'Ordenar contatos', 1, NULL),
(461, 59, 4, 'Ordenar Contactos', 1, NULL),
(462, 59, 5, 'Ordina i contatti', 1, NULL),
(463, 60, 1, 'Open', 1, NULL),
(464, 60, 2, 'Ouvrir', 1, NULL),
(465, 60, 3, 'Abrir', 1, NULL),
(466, 60, 4, 'Abierta', 1, NULL),
(467, 60, 5, 'Aperta', 1, NULL),
(468, 61, 1, 'Activity', 1, NULL),
(469, 61, 2, 'Activité', 1, NULL),
(470, 61, 3, 'Atividade', 1, NULL),
(471, 61, 4, 'Actividad', 1, NULL),
(472, 61, 5, 'Attività', 1, NULL),
(473, 62, 1, 'SHOW ALL', 1, NULL),
(474, 62, 2, 'MONTRE TOUT', 1, NULL),
(475, 62, 3, 'MOSTRE TUDO', 1, NULL),
(476, 62, 4, 'MOSTRAR TODO', 1, NULL),
(477, 62, 5, 'MOSTRA TUTTO', 1, NULL),
(478, 63, 1, 'Note', 1, NULL),
(479, 63, 2, 'Remarque', 1, NULL),
(480, 63, 3, 'Nota', 1, NULL),
(481, 63, 4, 'Nota', 1, NULL),
(482, 63, 5, 'Nota', 1, NULL),
(483, 64, 1, 'Add New Contact', 1, NULL),
(484, 64, 2, 'Ajouter un nouveau contact', 1, NULL),
(485, 64, 3, 'Adicionar novo contato', 1, NULL),
(486, 64, 4, 'Añadir nuevo contacto', 1, NULL),
(487, 64, 5, 'Aggiungi nuovo contatto', 1, NULL),
(488, 73, 1, '10 in Play', 1, NULL),
(489, 73, 2, '10 en jeu', 1, NULL),
(490, 73, 3, '10 no jogo', 1, NULL),
(491, 73, 4, '10 en juego', 1, NULL),
(492, 73, 5, '10 in gioco', 1, NULL),
(493, 74, 1, 'My Team', 1, NULL),
(494, 74, 2, 'Mon équipe', 1, NULL),
(495, 74, 3, 'Meu time', 1, NULL),
(496, 74, 4, 'Mi equipo', 1, NULL),
(497, 74, 5, 'La mia squadra', 1, NULL),
(498, 75, 1, 'To Do', 1, NULL),
(499, 75, 2, 'Faire', 1, NULL),
(500, 75, 3, 'Façam', 1, NULL),
(501, 75, 4, 'Que hacer', 1, NULL),
(502, 75, 5, 'Fare', 1, NULL),
(503, 65, 1, 'Invite Member', 1, NULL),
(504, 65, 2, 'Inviter un membre', 1, NULL),
(505, 65, 3, 'Convidar membro', 1, NULL),
(506, 65, 4, 'Miembro invitado', 1, NULL),
(507, 65, 5, 'Invita un membro', 1, NULL),
(508, 67, 1, 'Last Name', 1, NULL),
(509, 67, 2, 'Nom de famille', 1, NULL),
(510, 67, 3, 'Último nome', 1, NULL),
(511, 67, 4, 'Apellido', 1, NULL),
(512, 67, 5, 'Cognome', 1, NULL),
(513, 66, 1, 'First Name', 1, NULL),
(514, 66, 2, 'Prénom', 1, NULL),
(515, 66, 3, 'Primeiro nome', 1, NULL),
(516, 66, 4, 'Nombre de pila', 1, NULL),
(517, 66, 5, 'Nome di battesimo', 1, NULL),
(518, 69, 1, 'Email', 1, NULL),
(519, 69, 2, 'Email', 1, NULL),
(520, 69, 3, 'O email', 1, NULL),
(521, 69, 4, 'Email', 1, NULL),
(522, 69, 5, 'E-mail', 1, NULL),
(523, 68, 1, 'Phone', 1, NULL),
(524, 68, 2, 'Téléphone', 1, NULL),
(525, 68, 3, 'telefone', 1, NULL),
(526, 68, 4, 'Teléfono', 1, NULL),
(527, 68, 5, 'Telefono', 1, NULL),
(528, 71, 1, 'Type', 1, NULL),
(529, 71, 2, 'Type', 1, NULL),
(530, 71, 3, 'Tipo', 1, NULL),
(531, 71, 4, 'Tipo', 1, NULL),
(532, 71, 5, 'genere', 1, NULL),
(533, 70, 1, 'Country', 1, NULL),
(534, 70, 2, 'Pays', 1, NULL),
(535, 70, 3, 'País', 1, NULL),
(536, 70, 4, 'País', 1, NULL),
(537, 70, 5, 'Nazione', 1, NULL),
(538, 72, 1, 'Send Invite', 1, NULL),
(539, 72, 2, 'Envoyer une invitation', 1, NULL),
(540, 72, 3, 'Mandar convite', 1, NULL),
(541, 72, 4, 'Enviar invitación', 1, NULL),
(542, 72, 5, 'Manda un invito', 1, NULL),
(543, 10, 1, 'Forgot Password ?', 1, NULL),
(544, 10, 2, 'Mot de passe oublié ?', 1, NULL),
(545, 10, 3, 'Esqueceu a senha ?', 1, NULL),
(546, 10, 4, 'Se te olvidó tu contraseña ?', 1, NULL),
(547, 10, 5, 'Ha dimenticato la password ?', 1, NULL),
(548, 84, 1, 'Settings', 1, NULL),
(549, 84, 2, 'Réglages', 1, NULL),
(550, 84, 3, 'Definições', 1, NULL),
(551, 84, 4, 'Ajustes', 1, NULL),
(552, 84, 5, 'impostazioni', 1, NULL),
(553, 50, 1, 'Send Enrollment Link', 1, NULL),
(554, 50, 2, 'Envoyer le lien d\'inscription', 1, NULL),
(555, 50, 3, 'Enviar link de inscrição', 1, NULL),
(556, 50, 4, 'Enviar enlace de inscripción', 1, NULL),
(557, 50, 5, 'Invia link di iscrizione', 1, NULL),
(558, 85, 1, 'Follow-up Scheduled', 1, NULL),
(559, 85, 2, 'Suivi prévu', 1, NULL),
(560, 85, 3, 'Acompanhamento agendado', 1, NULL),
(561, 85, 4, 'Seguimiento programado', 1, NULL),
(562, 85, 5, 'Follow-up programmato', 1, NULL),
(563, 86, 1, 'You changed the status of', 1, NULL),
(564, 86, 2, 'Vous avez changé le statut de', 1, NULL),
(565, 86, 3, 'Você mudou o status de', 1, NULL),
(566, 86, 4, 'Has cambiado el estado de', 1, NULL),
(567, 86, 5, 'Hai cambiato lo stato di', 1, NULL),
(568, 87, 1, 'to', 1, NULL),
(569, 87, 2, ' à', 1, NULL),
(570, 87, 3, 'para', 1, NULL),
(571, 87, 4, 'a', 1, NULL),
(572, 87, 5, 'a', 1, NULL),
(573, 88, 1, 'All Notes', 1, NULL),
(574, 88, 2, 'Toutes les notes', 1, NULL),
(575, 88, 3, 'Todas as notas', 1, NULL),
(576, 88, 4, 'Todas las notas', 1, NULL),
(577, 88, 5, 'Tutte le note', 1, NULL),
(578, 89, 1, 'All Activities', 1, NULL),
(579, 89, 2, 'Toutes les activités', 1, NULL),
(580, 89, 3, 'Todas as atividades', 1, NULL),
(581, 89, 4, 'Todas las actividades', 1, NULL),
(582, 89, 5, 'Tutte le attività', 1, NULL),
(583, 90, 1, 'Media', 1, NULL),
(584, 90, 2, 'Médias', 1, NULL),
(585, 90, 3, 'meios de comunicação', 1, NULL),
(586, 90, 4, 'Medios de comunicación', 1, NULL),
(587, 90, 5, 'Media', 1, NULL),
(588, 91, 1, 'Video', 1, NULL),
(589, 91, 2, 'Vidéo', 1, NULL),
(590, 91, 3, 'Vídeo', 1, NULL),
(591, 91, 4, 'Vídeo', 1, NULL),
(592, 91, 5, 'Video', 1, NULL),
(593, 92, 1, 'Links', 1, NULL),
(594, 92, 2, 'Liens', 1, NULL),
(595, 92, 3, 'Links', 1, NULL),
(596, 92, 4, 'Campo de golf', 1, NULL),
(597, 92, 5, 'Link', 1, NULL),
(598, 93, 1, 'Documents', 1, NULL),
(599, 93, 2, 'Les documents', 1, NULL),
(600, 93, 3, 'Documentos', 1, NULL),
(601, 93, 4, 'Documentos', 1, NULL),
(602, 93, 5, 'Documenti', 1, NULL),
(603, 94, 1, 'News', 1, NULL),
(604, 94, 2, 'Nouvelles', 1, NULL),
(605, 94, 3, 'Notícia', 1, NULL),
(606, 94, 4, 'Noticias', 1, NULL),
(607, 94, 5, 'Notizia', 1, NULL),
(608, 95, 1, 'Updates from MWR Life', 1, NULL),
(609, 95, 2, 'Mises à jour de MWR Life', 1, NULL),
(610, 95, 3, 'Atualizações da MWR Life', 1, NULL),
(611, 95, 4, 'Actualizaciones de MWR Life', 1, NULL),
(612, 95, 5, 'Aggiornamenti da MWR Life', 1, NULL),
(613, 96, 1, 'No Prospects Available', 1, NULL),
(614, 96, 2, 'Pas de perspectives disponibles', 1, NULL),
(615, 96, 3, 'Não há perspectivas disponíveis', 1, NULL),
(616, 96, 4, 'No hay perspectivas disponibles', 1, NULL),
(617, 96, 5, 'Nessuna prospettiva disponibile', 1, NULL),
(618, 97, 1, 'Activity', 1, NULL),
(619, 97, 2, 'Activité', 1, NULL),
(620, 97, 3, 'Atividade', 1, NULL),
(621, 97, 4, 'Actividad', 1, NULL),
(622, 97, 5, 'Attività', 1, NULL),
(623, 98, 1, 'No', 1, NULL),
(624, 98, 2, 'Non', 1, NULL),
(625, 98, 3, 'Não', 1, NULL),
(626, 98, 4, 'No', 1, NULL),
(627, 98, 5, 'No', 1, NULL),
(628, 99, 1, 'available', 1, NULL),
(629, 99, 2, 'disponible', 1, NULL),
(630, 99, 3, 'acessível', 1, NULL),
(631, 99, 4, 'disponible', 1, NULL),
(632, 99, 5, 'a disposizione', 1, NULL),
(633, 100, 1, 'Choose a way to contact', 1, NULL),
(634, 100, 2, 'Choisissez un moyen de contacter', 1, NULL),
(635, 100, 3, 'Escolha uma maneira de entrar em contato', 1, NULL),
(636, 100, 4, 'Elige una forma de contactar', 1, NULL),
(637, 100, 5, 'Scegli un modo per contattare', 1, NULL),
(638, 101, 1, 'Choose a method', 1, NULL),
(639, 101, 2, 'Choisissez une méthode', 1, NULL),
(640, 101, 3, 'Escolha um método', 1, NULL),
(641, 101, 4, 'Elige un método', 1, NULL),
(642, 101, 5, 'Scegli un metodo', 1, NULL),
(643, 102, 1, 'Call', 1, NULL),
(644, 102, 2, 'Appel', 1, NULL),
(645, 102, 3, 'Ligar', 1, NULL),
(646, 102, 4, 'Llamada', 1, NULL),
(647, 102, 5, 'Chiamata', 1, NULL),
(648, 103, 1, 'Message', 1, NULL),
(649, 103, 2, 'Message', 1, NULL),
(650, 103, 3, 'Mensagem', 1, NULL),
(651, 103, 4, 'Mensaje', 1, NULL),
(652, 103, 5, 'Messaggio', 1, NULL),
(658, 104, 1, 'Email', 1, NULL),
(659, 104, 2, 'Email', 1, NULL),
(660, 104, 3, 'O email', 1, NULL),
(661, 104, 4, 'Email', 1, NULL),
(662, 104, 5, 'E-mail', 1, NULL),
(663, 105, 1, 'Share Media', 1, NULL),
(664, 105, 2, 'Partager le média', 1, NULL),
(665, 105, 3, 'Compartilhar mídia', 1, NULL),
(666, 105, 4, 'Compartir Medios', 1, NULL),
(667, 105, 5, 'Condividi i media', 1, NULL),
(668, 106, 1, 'Cancel', 1, NULL),
(669, 106, 2, 'Annuler', 1, NULL),
(670, 106, 3, 'Cancelar', 1, NULL),
(671, 106, 4, 'Cancelar', 1, NULL),
(672, 106, 5, 'Annulla', 1, NULL),
(673, 51, 1, 'Follow-Up', 1, NULL),
(674, 51, 2, 'Suivre', 1, NULL),
(675, 51, 3, 'Acompanhamento', 1, NULL),
(676, 51, 4, 'Seguir', 1, NULL),
(677, 51, 5, 'Azione supplementare', 1, NULL),
(678, 107, 1, 'View profile', 1, NULL),
(679, 107, 2, 'Voir le profil', 1, NULL),
(680, 107, 3, 'Ver perfil', 1, NULL),
(681, 107, 4, 'Ver perfil', 1, NULL),
(682, 107, 5, 'Vedi profilo', 1, NULL),
(708, 108, 1, 'Schedule Follow-up', 1, NULL),
(709, 108, 2, 'Suivi de l\'horaire', 1, NULL),
(710, 108, 3, 'Agendar Acompanhamento', 1, NULL),
(711, 108, 4, 'Seguimiento de horarios', 1, NULL),
(712, 108, 5, 'Pianifica il follow-up', 1, NULL),
(718, 109, 1, 'Done', 1, NULL),
(719, 109, 2, 'Terminé', 1, NULL),
(720, 109, 3, 'Feito', 1, NULL),
(721, 109, 4, 'Hecho', 1, NULL),
(722, 109, 5, 'Fatto', 1, NULL),
(723, 110, 1, 'Enter', 1, NULL),
(724, 110, 2, 'Entrer', 1, NULL),
(725, 110, 3, 'Entrar', 1, NULL),
(726, 110, 4, 'Entrar', 1, NULL),
(727, 110, 5, 'accedere', 1, NULL),
(728, 111, 1, 'Select', 1, NULL),
(729, 111, 2, 'Sélectionner', 1, NULL),
(730, 111, 3, 'Selecione', 1, NULL),
(731, 111, 4, 'Seleccionar', 1, NULL),
(732, 111, 5, 'Selezionare', 1, NULL),
(733, 112, 1, 'Enroll Member', 1, NULL),
(734, 112, 2, 'Inscrire un membre', 1, NULL),
(735, 112, 3, 'Inscrever Membro', 1, NULL),
(736, 112, 4, 'Inscribirse miembro', 1, NULL),
(737, 112, 5, 'Iscriviti membro', 1, NULL),
(738, 113, 1, 'Select Membership', 1, NULL),
(739, 113, 2, 'Sélectionner un abonnement', 1, NULL),
(740, 113, 3, 'Selecione um membro', 1, NULL),
(741, 113, 4, 'Seleccione Membresía', 1, NULL),
(742, 113, 5, 'Seleziona abbonamento', 1, NULL),
(748, 115, 1, 'PRO Customer', 1, NULL),
(749, 115, 2, 'Client PRO', 1, NULL),
(750, 115, 3, 'Cliente PRO', 1, NULL),
(751, 115, 4, 'Cliente PRO', 1, NULL),
(752, 115, 5, 'Cliente PRO', 1, NULL),
(753, 116, 1, 'VIP Customer', 1, NULL),
(754, 116, 2, 'Client VIP', 1, NULL),
(755, 116, 3, 'Cliente VIP', 1, NULL),
(756, 116, 4, 'Cliente VIP', 1, NULL),
(757, 116, 5, 'Cliente VIP', 1, NULL),
(758, 117, 1, 'Lite Customer', 1, NULL),
(759, 117, 2, 'Client Lite', 1, NULL),
(760, 117, 3, 'Cliente Lite', 1, NULL),
(761, 117, 4, 'Cliente Lite', 1, NULL),
(762, 117, 5, 'Cliente Lite', 1, NULL),
(763, 118, 1, 'Enroll', 1, NULL),
(764, 118, 2, 'Inscrire', 1, NULL),
(765, 118, 3, 'Inscreva-se', 1, NULL),
(766, 118, 4, 'Inscribirse', 1, NULL),
(767, 118, 5, 'Iscriversi', 1, NULL),
(768, 119, 1, 'Please enter valid email', 1, NULL),
(769, 119, 2, 'S\'il vous plaît entrer email valide', 1, NULL),
(770, 119, 3, 'Por favor insira um email válido', 1, NULL),
(771, 119, 4, 'Por favor introduzca un correo electrónico válido', 1, NULL),
(772, 119, 5, 'inserire una email valida, grazie', 1, NULL),
(778, 114, 1, 'Lifestyle Consultant', 1, NULL),
(779, 114, 2, 'Consultant Lifestyle', 1, NULL),
(780, 114, 3, 'Consultor de Estilo de Vida', 1, NULL),
(781, 114, 4, 'Consultor de estilo de vida', 1, NULL),
(782, 114, 5, 'Consulente sullo stile di vita', 1, NULL),
(783, 120, 1, 'Open File', 1, NULL),
(784, 120, 2, 'Fichier ouvert', 1, NULL),
(785, 120, 3, 'Abrir arquivo', 1, NULL),
(786, 120, 4, 'Abrir documento', 1, NULL),
(787, 120, 5, 'Apri il file', 1, NULL),
(788, 121, 1, 'Open Link', 1, NULL),
(789, 121, 2, 'Ouvrir le lien', 1, NULL),
(790, 121, 3, 'Link aberto', 1, NULL),
(791, 121, 4, 'Enlace abierto', 1, NULL),
(792, 121, 5, 'Link aperto', 1, NULL),
(803, 124, 1, 'Fort Lauderdale, FL 33309', 1, NULL),
(804, 124, 2, 'Fort Lauderdale, FL 33309', 1, NULL),
(805, 124, 3, 'Fort Lauderdale, FL 33309', 1, NULL),
(806, 124, 4, 'Fort Lauderdale, FL 33309', 1, NULL),
(807, 124, 5, 'Fort Lauderdale, FL 33309', 1, NULL),
(808, 125, 1, 'Version', 1, NULL),
(809, 125, 2, 'Version', 1, NULL),
(810, 125, 3, 'Versão', 1, NULL),
(811, 125, 4, 'Versión', 1, NULL),
(812, 125, 5, 'Versione', 1, NULL),
(813, 126, 1, 'All Contacts', 1, NULL),
(814, 126, 2, 'Tous les contacts', 1, NULL),
(815, 126, 3, 'Todos os contatos', 1, NULL),
(816, 126, 4, 'Todos los contactos', 1, NULL),
(817, 126, 5, 'Tutti i contatti', 1, NULL),
(818, 127, 1, 'Edit', 1, NULL),
(819, 127, 2, 'Modifier', 1, NULL),
(820, 127, 3, 'Editar', 1, NULL),
(821, 127, 4, 'Editar', 1, NULL),
(822, 127, 5, 'Modificare', 1, NULL),
(823, 128, 1, 'Delete', 1, NULL),
(824, 128, 2, 'Effacer', 1, NULL),
(825, 128, 3, 'Excluir', 1, NULL),
(826, 128, 4, 'Borrar', 1, NULL),
(827, 128, 5, 'Elimina', 1, NULL),
(828, 129, 1, 'Back', 1, NULL),
(829, 129, 2, 'Retour', 1, NULL),
(830, 129, 3, 'De volta', 1, NULL),
(831, 129, 4, 'Espalda', 1, NULL),
(832, 129, 5, 'Indietro', 1, NULL),
(838, 131, 1, 'My Link', 1, NULL),
(839, 131, 2, 'Mon lien', 1, NULL),
(840, 131, 3, 'Meu link', 1, NULL),
(841, 131, 4, 'Mi enlace', 1, NULL),
(842, 131, 5, 'Il mio link', 1, NULL),
(858, 132, 1, 'Please select membership type', 1, NULL),
(859, 132, 2, 'Veuillez sélectionner le type d\'adhésion', 1, NULL),
(860, 132, 3, 'Por favor, selecione o tipo de associação', 1, NULL),
(861, 132, 4, 'Por favor seleccione el tipo de membresía', 1, NULL),
(862, 132, 5, 'Si prega di selezionare il tipo di abbonamento', 1, NULL),
(868, 122, 1, 'MWR Life', 1, NULL),
(869, 122, 2, 'MWR Life', 1, NULL),
(870, 122, 3, 'MWR Life', 1, NULL),
(871, 122, 4, 'MWR Life', 1, NULL),
(872, 122, 5, 'MWR Life', 1, NULL),
(873, 123, 1, '2101 W Commercial Blvd,', 1, NULL),
(874, 123, 2, '2101 W Commercial Blvd,', 1, NULL),
(875, 123, 3, '2101 W Commercial Blvd,', 1, NULL),
(876, 123, 4, '2101 W Commercial Blvd,', 1, NULL),
(877, 123, 5, '2101 W Commercial Blvd,', 1, NULL),
(878, 133, 1, 'All To Do', 1, NULL),
(879, 133, 2, 'Tout à faire', 1, NULL),
(880, 133, 3, 'Tudo para fazer', 1, NULL),
(881, 133, 4, 'Todo para hacer', 1, NULL),
(882, 133, 5, 'Tutto da fare', 1, NULL),
(883, 134, 1, 'Edit', 1, NULL),
(884, 134, 2, 'Modifier', 1, NULL),
(885, 134, 3, 'Editar', 1, NULL),
(886, 134, 4, 'Editar', 1, NULL),
(887, 134, 5, 'Modificare', 1, NULL),
(888, 135, 1, 'Delete', 1, NULL),
(889, 135, 2, 'Effacer', 1, NULL),
(890, 135, 3, 'Excluir', 1, NULL),
(891, 135, 4, 'Borrar', 1, NULL),
(892, 135, 5, 'Elimina', 1, NULL),
(893, 136, 1, 'Confirm', 1, NULL),
(894, 136, 2, 'Confirmer', 1, NULL),
(895, 136, 3, 'Confirme', 1, NULL),
(896, 136, 4, 'Confirmar', 1, NULL),
(897, 136, 5, 'Confermare', 1, NULL),
(898, 137, 1, 'Please enter email id', 1, NULL),
(899, 137, 2, 'S\'il vous plaît entrer email id', 1, NULL),
(900, 137, 3, 'Por favor, insira o ID do email', 1, NULL),
(901, 137, 4, 'Por favor ingrese su ID de correo electrónico', 1, NULL),
(902, 137, 5, 'Si prega di inserire l\'ID e-mail', 1, NULL),
(908, 147, 1, 'Select Contact', 1, NULL),
(909, 147, 2, 'Sélectionnez un contact', 1, NULL),
(910, 147, 3, 'Selecione o contato', 1, NULL),
(911, 147, 4, 'Seleccione un contacto', 1, NULL),
(912, 147, 5, 'Seleziona contatto', 1, NULL),
(913, 143, 1, 'Your Current Level', 1, NULL),
(914, 143, 2, 'Votre niveau actuel', 1, NULL),
(915, 143, 3, 'Seu nível atual', 1, NULL),
(916, 143, 4, 'Tu nivel actual', 1, NULL),
(917, 143, 5, 'Il tuo livello attuale', 1, NULL),
(918, 142, 1, 'Daily Guarantee', 1, NULL),
(919, 142, 2, 'Garantie quotidienne', 1, NULL),
(920, 142, 3, 'Garantia Diária', 1, NULL),
(921, 142, 4, 'Garantia diaria', 1, NULL),
(922, 142, 5, 'Garanzia giornaliera', 1, NULL),
(923, 144, 1, 'Current Month Balance', 1, NULL),
(924, 144, 2, 'Solde du mois en cours', 1, NULL),
(925, 144, 3, 'Saldo do mês atual', 1, NULL),
(926, 144, 4, 'Saldo del mes actual', 1, NULL),
(927, 144, 5, 'Saldo del mese corrente', 1, NULL),
(928, 145, 1, 'Status for Next Level', 1, NULL),
(929, 145, 2, 'Statut pour le niveau suivant', 1, NULL),
(930, 145, 3, 'Status para o próximo nível', 1, NULL),
(931, 145, 4, 'Estado para el siguiente nivel', 1, NULL),
(932, 145, 5, 'Stato per il livello successivo', 1, NULL),
(938, 139, 1, 'No Activity Perform', 1, NULL),
(939, 139, 2, 'Aucune activité réalisée', 1, NULL),
(940, 139, 3, 'Nenhuma atividade é executada', 1, NULL),
(941, 139, 4, 'Sin actividad realizar', 1, NULL),
(942, 139, 5, 'Nessuna attività eseguita', 1, NULL),
(953, 148, 1, 'You haven’t synced your contacts yet!', 1, NULL),
(954, 148, 2, 'Vous n\'avez pas encore synchronisé vos contacts!', 1, NULL),
(955, 148, 3, 'Você ainda não sincronizou seus contatos!', 1, NULL),
(956, 148, 4, 'Aún no has sincronizado tus contactos!', 1, NULL),
(957, 148, 5, 'Non hai ancora sincronizzato i tuoi contatti!', 1, NULL),
(958, 149, 1, 'No Record Found', 1, NULL),
(959, 149, 2, 'Aucun Enregistrement Trouvé', 1, NULL),
(960, 149, 3, 'Nenhum Registro Encontrado', 1, NULL),
(961, 149, 4, 'Ningún record fue encontrado', 1, NULL),
(962, 149, 5, 'Nessun record trovato', 1, NULL),
(1013, 150, 1, 'minutes ago', 1, NULL),
(1014, 150, 2, 'il y a minutes', 1, NULL),
(1015, 150, 3, 'minutos atrás', 1, NULL),
(1016, 150, 4, 'hace minutos', 1, NULL),
(1017, 150, 5, 'minuti fa', 1, NULL),
(1018, 151, 1, 'hours ago', 1, NULL),
(1019, 151, 2, 'il y a heures', 1, NULL),
(1020, 151, 3, 'horas atrás', 1, NULL),
(1021, 151, 4, 'horas atras', 1, NULL),
(1022, 151, 5, 'ore fa', 1, NULL),
(1023, 152, 1, 'No Activity Perform', 1, NULL),
(1024, 152, 2, 'Aucune activité réalisée', 1, NULL),
(1025, 152, 3, 'Nenhuma atividade é executada', 1, NULL),
(1026, 152, 4, 'Sin actividad realizar', 1, NULL),
(1027, 152, 5, 'Nessuna attività eseguita', 1, NULL),
(1028, 146, 1, 'Content Updates', 1, NULL),
(1029, 146, 2, 'Mises à jour du contenu', 1, NULL),
(1030, 146, 3, 'Atualizações de Conteúdo', 1, NULL),
(1031, 146, 4, 'Actualizaciones de contenido', 1, NULL),
(1032, 146, 5, 'Aggiornamenti dei contenuti', 1, NULL),
(1038, 17, 1, 'Organization size', 1, NULL),
(1039, 17, 2, 'Taille de l\'organisation', 1, NULL),
(1040, 17, 3, 'Tamanho da organização', 1, NULL),
(1041, 17, 4, 'Tamanho da organização', 1, NULL),
(1042, 17, 5, 'Dimensione dell\'organizzazione', 1, NULL),
(1043, 154, 1, 'Websites', 1, NULL),
(1044, 154, 2, 'Sites Internet', 1, NULL),
(1045, 154, 3, 'Websites', 1, NULL),
(1046, 154, 4, 'Sitios web', 1, NULL),
(1047, 154, 5, 'siti web', 1, NULL),
(1053, 153, 1, '© MWR Life - All rights reserved', 1, NULL),
(1054, 153, 2, '© MWR Life - Tous droits réservés', 1, NULL),
(1055, 153, 3, '© MWR Life - Todos os direitos reservados', 1, NULL),
(1056, 153, 4, '© MWR Life - Todos los derechos reservados', 1, NULL),
(1057, 153, 5, '© MWR Life - Tutti i diritti riservati', 1, NULL),
(1098, 130, 1, 'Next', 1, NULL),
(1099, 130, 2, 'Suivant', 1, NULL),
(1100, 130, 3, 'Próximo', 1, NULL),
(1101, 130, 4, 'Siguiente', 1, NULL),
(1102, 130, 5, 'Il prossimo', 1, NULL),
(1118, 155, 1, 'User Tour', 1, NULL),
(1119, 155, 2, 'Visite utilisateur', 1, NULL),
(1120, 155, 3, 'Tour do Usuário', 1, NULL),
(1121, 155, 4, 'Tour del usuario', 1, NULL),
(1122, 155, 5, 'Tour dell\'utente', 1, NULL),
(1133, 4, 1, 'Daily Guarantee', 1, NULL),
(1134, 4, 2, 'Garantie quotidienne', 1, NULL),
(1135, 4, 3, 'Garantia Diária', 1, NULL),
(1136, 4, 4, 'Garantia diaria', 1, NULL),
(1137, 4, 5, 'Garanzia giornaliera', 1, NULL),
(1138, 3, 1, 'Your Next Rank', 1, NULL),
(1139, 3, 2, 'Votre prochain rang', 1, NULL),
(1140, 3, 3, 'Seu próximo posto', 1, NULL),
(1141, 3, 4, 'Tu siguiente rango', 1, NULL),
(1142, 3, 5, 'Il tuo prossimo livello', 1, NULL),
(1163, 42, 1, 'Schedule Follow-up', 1, NULL),
(1164, 42, 2, 'Suivi de l\'horaire', 1, NULL),
(1165, 42, 3, 'Agendar Acompanhamento', 1, NULL),
(1166, 42, 4, 'Seguimiento de horarios', 1, NULL),
(1167, 42, 5, 'Pianifica il follow-up', 1, NULL),
(1168, 156, 1, 'Camera', 1, NULL),
(1169, 156, 2, 'Caméra', 1, NULL),
(1170, 156, 3, 'Câmera', 1, NULL),
(1171, 156, 4, 'Cámara', 1, NULL),
(1172, 156, 5, 'Telecamera', 1, NULL),
(1173, 157, 1, 'Gallery', 1, NULL),
(1174, 157, 2, 'Galerie', 1, NULL),
(1175, 157, 3, 'Galeria', 1, NULL),
(1176, 157, 4, 'Galería', 1, NULL),
(1177, 157, 5, 'Galleria', 1, NULL),
(1178, 158, 1, 'Cancel', 1, NULL),
(1179, 158, 2, 'Annuler', 1, NULL),
(1180, 158, 3, 'Cancelar', 1, NULL),
(1181, 158, 4, 'Cancelar', 1, NULL),
(1182, 158, 5, 'Annulla', 1, NULL),
(1183, 159, 1, 'seconds ago', 1, NULL),
(1184, 159, 2, 'il y a secondes', 1, NULL),
(1185, 159, 3, 'segundos atrás', 1, NULL),
(1186, 159, 4, 'hace segundos', 1, NULL),
(1187, 159, 5, 'secondi fa', 1, NULL),
(1188, 160, 1, 'Scheduled a Followup with', 1, NULL),
(1189, 160, 2, 'Planifié un suivi avec', 1, NULL),
(1190, 160, 3, 'Agendou um acompanhamento com', 1, NULL),
(1191, 160, 4, 'Programado un seguimiento con', 1, NULL),
(1192, 160, 5, 'Pianificato un seguito con', 1, NULL),
(1193, 40, 1, 'Sort', 1, NULL),
(1194, 40, 2, 'Trier', 1, NULL),
(1195, 40, 3, 'Ordenar', 1, NULL),
(1196, 40, 4, 'Ordenar', 1, NULL),
(1197, 40, 5, 'Ordinare', 1, NULL),
(1198, 161, 1, 'viewed the', 1, NULL),
(1199, 161, 2, 'vu le', 1, NULL),
(1200, 161, 3, 'viu o', 1, NULL),
(1201, 161, 4, 'visto el', 1, NULL),
(1202, 161, 5, 'visto il', 1, NULL),
(1203, 162, 1, 'Notification', 1, NULL),
(1204, 162, 2, 'Notification', 1, NULL),
(1205, 162, 3, 'Notificação', 1, NULL),
(1206, 162, 4, 'Notificación', 1, NULL),
(1207, 162, 5, 'Notifica', 1, NULL),
(1208, 19, 1, 'Life Experience® Loyalty Dollars', 1, NULL),
(1209, 19, 2, 'Points Life Experience®', 1, NULL),
(1210, 19, 3, 'Pontos Life Experience®', 1, NULL),
(1211, 19, 4, 'Puntos Life Experience®', 1, NULL),
(1212, 19, 5, 'Punti Life Experience®', 1, NULL),
(1243, 77, 1, 'ID', 1, NULL),
(1244, 77, 2, 'ID', 1, NULL),
(1245, 77, 3, 'ID', 1, NULL),
(1246, 77, 4, 'ID', 1, NULL),
(1247, 77, 5, 'ID', 1, NULL),
(1253, 25, 1, 'ID', 1, NULL),
(1254, 25, 2, 'ID', 1, NULL),
(1255, 25, 3, 'ID', 1, NULL),
(1256, 25, 4, 'ID', 1, NULL),
(1257, 25, 5, 'ID', 1, NULL),
(1273, 163, 1, 'Social Feed', 1, NULL),
(1274, 163, 2, 'Flux social', 1, NULL),
(1275, 163, 3, 'Feed social', 1, NULL),
(1276, 163, 4, 'Alimentación social', 1, NULL),
(1277, 163, 5, 'Feed sociale', 1, NULL),
(1279, 1, 1, 'Prospector', 1, NULL),
(1280, 1, 2, 'Prospecteur', 1, NULL),
(1281, 1, 3, 'Prospector', 1, NULL),
(1282, 1, 4, 'Prospector', 1, NULL),
(1283, 1, 5, 'Prospettore', 1, NULL),
(1284, 164, 1, 'Guest Pass', 1, NULL),
(1285, 164, 2, 'Guest Pass', 1, NULL),
(1286, 164, 3, 'Guest Pass', 1, NULL),
(1287, 164, 4, 'Pases de Invitado', 1, NULL),
(1288, 164, 5, 'Pass Ospite', 1, NULL),
(1289, 138, 1, 'Please enter your password', 1, NULL),
(1290, 138, 2, 'S\'il vous plait entrez votre mot de passe', 1, NULL),
(1291, 138, 3, 'Por favor, insira sua senha', 1, NULL),
(1292, 138, 4, 'Por favor, introduzca su contraseña', 1, NULL),
(1293, 138, 5, 'per favore inserisci LA TUA password', 1, NULL),
(1294, 165, 1, 'Open News', 1, NULL),
(1295, 165, 2, 'Nouvelles ouvertes', 1, NULL),
(1296, 165, 3, 'Notícias Abertas', 1, NULL),
(1297, 165, 4, 'Noticias abiertas', 1, NULL),
(1298, 165, 5, 'Notizie aperte', 1, NULL),
(1299, 166, 1, 'Select Language', 1, NULL),
(1300, 166, 2, 'Choisir la langue', 1, NULL),
(1301, 166, 3, 'Selecione o idioma', 1, NULL),
(1302, 166, 4, 'Seleccione el idioma', 1, NULL),
(1303, 166, 5, 'Seleziona la lingua', 1, NULL);

-- --------------------------------------------------------

--
-- Table structure for table `tbl_label_type`
--

CREATE TABLE `tbl_label_type` (
  `label_type` int(11) NOT NULL,
  `name` varchar(255) NOT NULL COMMENT 'like screen name, success message, error message and other label',
  `icon` varchar(100) NOT NULL,
  `is_active` tinyint(4) NOT NULL DEFAULT '1',
  `created_date` datetime NOT NULL
) ENGINE=InnoDB DEFAULT CHARSET=latin1;

--
-- Dumping data for table `tbl_label_type`
--

INSERT INTO `tbl_label_type` (`label_type`, `name`, `icon`, `is_active`, `created_date`) VALUES
(1, 'home', 'fa-home', 1, '2018-11-27 00:00:00'),
(2, 'dashboard', 'fa-dashboard', 1, '2018-11-27 00:00:00'),
(3, 'splash', 'fa-leaf', 1, '2018-11-28 00:00:00'),
(4, 'login', 'fa-lock', 1, '2018-11-28 00:00:00'),
(5, 'profile', 'fa-user', 1, '2018-12-03 00:00:00'),
(6, 'select_contact', 'fa-phone', 1, '2018-12-03 00:00:00'),
(7, 'contact_status', 'fa-phone-square', 1, '2018-12-03 00:00:00'),
(8, 'sort', 'fa-sort', 1, '2018-12-03 00:00:00'),
(9, 'follow_up', 'fa-handshake-o ', 1, '2018-12-03 00:00:00'),
(10, 'Prospector', ' fa-user-secret', 1, '2018-12-03 00:00:00'),
(11, 'invite_member', 'fa-user-plus', 1, '2018-12-03 00:00:00'),
(12, 'media', 'fa-file-video-o', 1, '2019-01-07 00:00:00');

-- --------------------------------------------------------

--
-- Table structure for table `tbl_language`
--

CREATE TABLE `tbl_language` (
  `language_id` int(11) NOT NULL,
  `language_name` varchar(255) NOT NULL,
  `language_order` int(11) NOT NULL,
  `country_flag` varchar(500) NOT NULL,
  `is_active` tinyint(4) NOT NULL DEFAULT '1',
  `created_date` datetime NOT NULL,
  `updated_date` datetime NOT NULL
) ENGINE=InnoDB DEFAULT CHARSET=latin1;

--
-- Dumping data for table `tbl_language`
--

INSERT INTO `tbl_language` (`language_id`, `language_name`, `language_order`, `country_flag`, `is_active`, `created_date`, `updated_date`) VALUES
(1, 'English', 4, 'english.png', 1, '2018-11-27 00:00:00', '2019-02-27 11:28:58'),
(2, 'French', 3, 'french.png', 1, '2018-11-27 00:00:00', '0000-00-00 00:00:00'),
(3, 'Portuguese', 5, 'Portugal.svg.png', 1, '2018-12-18 00:00:00', '0000-00-00 00:00:00'),
(4, 'Spanish', 2, 'spain.jpg', 1, '2018-12-18 00:00:00', '0000-00-00 00:00:00'),
(5, 'Italian', 1, 'itly.png', 1, '2018-12-18 00:00:00', '2019-02-25 10:06:49'),
(6, 'test', 6, 'eaa381904be63bdd89b684b96f3f31e7.jpg', 0, '2019-04-24 02:13:52', '2019-04-29 14:47:46'),
(7, 'Russian', 7, '0288f5c0456406baf1aa9098d38b4b63.jpg', 1, '2019-04-29 02:14:05', '2019-04-29 14:45:36'),
(8, 'New', 8, '', 0, '2019-04-30 11:45:57', '2019-04-30 11:57:52');

-- --------------------------------------------------------

--
-- Table structure for table `tbl_media`
--

CREATE TABLE `tbl_media` (
  `media_id` int(11) NOT NULL,
  `section_id` varchar(100) DEFAULT NULL,
  `media_name` varchar(255) NOT NULL,
  `media_type` tinyint(4) NOT NULL COMMENT 'Primary key of tbl_content_type',
  `media_data` varchar(255) NOT NULL,
  `media_description` longtext NOT NULL,
  `media_thumbnail` varchar(255) DEFAULT NULL,
  `rank_ids` varchar(100) NOT NULL,
  `country_ids` varchar(100) NOT NULL,
  `is_shareable_and_downloadable` tinyint(4) NOT NULL DEFAULT '0',
  `is_hide_from_link_section` tinyint(4) NOT NULL DEFAULT '0',
  `is_add_call_to_action_button` tinyint(4) NOT NULL DEFAULT '0',
  `call_to_action_link` varchar(255) DEFAULT NULL,
  `media_share_count` int(11) DEFAULT '0',
  `media_view_count` int(11) DEFAULT '0',
  `media_download_counts` int(11) DEFAULT '0',
  `publish_date` datetime NOT NULL,
  `unpublish_date` datetime DEFAULT NULL,
  `call_start_date` datetime DEFAULT NULL,
  `call_end_date` datetime DEFAULT NULL,
  `phone_no` varchar(255) NOT NULL DEFAULT '',
  `meeting_link` varchar(255) NOT NULL DEFAULT '',
  `pincode` varchar(255) NOT NULL DEFAULT '',
  `media_tags` varchar(255) DEFAULT NULL,
  `created_by` int(11) DEFAULT NULL,
  `created_date` datetime NOT NULL
) ENGINE=InnoDB DEFAULT CHARSET=latin1;

--
-- Dumping data for table `tbl_media`
--

INSERT INTO `tbl_media` (`media_id`, `section_id`, `media_name`, `media_type`, `media_data`, `media_description`, `media_thumbnail`, `rank_ids`, `country_ids`, `is_shareable_and_downloadable`, `is_hide_from_link_section`, `is_add_call_to_action_button`, `call_to_action_link`, `media_share_count`, `media_view_count`, `media_download_counts`, `publish_date`, `unpublish_date`, `call_start_date`, `call_end_date`, `phone_no`, `meeting_link`, `pincode`, `media_tags`, `created_by`, `created_date`) VALUES
(2, '7', 'Test', 1, 'cdc6710df9d0eb8d5553fcddb6338f7b.mp4', '<p>test</p>', '7f5de96ec51d5d6fe519211caeba1c56.jpg', '3,8', '72,228', 1, 0, 0, NULL, 17, 20, 2, '2019-04-24 16:21:00', NULL, NULL, NULL, '', '', '', '1', NULL, '2019-05-01 20:08:07'),
(3, '8', 'testtesttesttesttesttesttesttesttesttesttesttesttesttesttesttesttesttesttesttesttesttesttesttesttesttesttesttesttesttest', 4, '', '<p>test</p>', 'd13560b6e81c468741c652d65528c3a0.jpg', '3,8', '36,72,228', 1, 0, 0, NULL, 1, 6, 3, '2019-04-24 16:36:00', NULL, NULL, NULL, '', '', '', '1', NULL, '2019-05-01 02:04:50'),
(4, '5,6,7', 'test', 1, 'https://www.youtube.com/watch?v=hmZvqx0cZ-U', '<p>test</p>', 'c77e063c70ef0d2ce46da12e0af31a6d.jpg', '3', '72', 1, 0, 0, NULL, 3, 14, 0, '2019-04-24 16:44:00', NULL, NULL, NULL, '', '', '', '1,2', NULL, '2019-04-24 19:50:17');

-- --------------------------------------------------------

--
-- Table structure for table `tbl_media_tags`
--

CREATE TABLE `tbl_media_tags` (
  `tag_id` int(11) NOT NULL,
  `tag_name` varchar(255) NOT NULL,
  `is_active` tinyint(4) NOT NULL DEFAULT '1',
  `created_date` datetime NOT NULL,
  `created_by` int(11) DEFAULT NULL
) ENGINE=InnoDB DEFAULT CHARSET=latin1;

--
-- Dumping data for table `tbl_media_tags`
--

INSERT INTO `tbl_media_tags` (`tag_id`, `tag_name`, `is_active`, `created_date`, `created_by`) VALUES
(1, 'English', 1, '2019-03-16 07:22:55', NULL),
(2, 'Comp Plan', 1, '2019-01-30 06:44:20', NULL);

-- --------------------------------------------------------

--
-- Table structure for table `tbl_media_tag_translation`
--

CREATE TABLE `tbl_media_tag_translation` (
  `translation_id` int(11) NOT NULL,
  `tag_id` int(11) NOT NULL,
  `tag_name` varchar(255) CHARACTER SET utf8 NOT NULL,
  `created_date` datetime NOT NULL,
  `language_id` int(11) NOT NULL,
  `is_default` tinyint(4) NOT NULL DEFAULT '0',
  `is_active` tinyint(11) NOT NULL DEFAULT '1'
) ENGINE=InnoDB DEFAULT CHARSET=latin1;

--
-- Dumping data for table `tbl_media_tag_translation`
--

INSERT INTO `tbl_media_tag_translation` (`translation_id`, `tag_id`, `tag_name`, `created_date`, `language_id`, `is_default`, `is_active`) VALUES
(3, 2, 'Comp Plan', '2019-01-30 06:44:20', 1, 1, 1),
(4, 1, 'English', '2019-03-16 07:22:55', 1, 1, 1),
(5, 1, 'french', '2019-03-16 07:22:55', 2, 0, 1);

-- --------------------------------------------------------

--
-- Table structure for table `tbl_media_translation`
--

CREATE TABLE `tbl_media_translation` (
  `translation_id` int(11) NOT NULL,
  `content_id` int(11) NOT NULL,
  `language_id` int(11) NOT NULL,
  `media_name` varchar(255) NOT NULL,
  `media_discription` longtext NOT NULL,
  `is_default` tinyint(4) NOT NULL,
  `created_date` datetime DEFAULT NULL
) ENGINE=InnoDB DEFAULT CHARSET=latin1;

--
-- Dumping data for table `tbl_media_translation`
--

INSERT INTO `tbl_media_translation` (`translation_id`, `content_id`, `language_id`, `media_name`, `media_discription`, `is_default`, `created_date`) VALUES
(2, 4, 1, 'test', '<p>test</p>\r\n', 1, '2019-04-24 19:50:17'),
(12, 3, 1, 'testtesttesttesttesttesttesttesttesttesttesttesttesttesttesttesttesttesttesttesttesttesttesttesttesttesttesttesttesttest', '<p>test</p>\r\n', 1, '2019-05-01 02:04:50'),
(13, 2, 1, 'Test', '<p>test</p>\r\n', 1, '2019-05-01 20:08:08');

-- --------------------------------------------------------

--
-- Table structure for table `tbl_notification`
--

CREATE TABLE `tbl_notification` (
  `id` int(11) NOT NULL,
  `user_id` int(11) NOT NULL,
  `content_update` tinyint(4) NOT NULL DEFAULT '1' COMMENT '1=>on ,0=>off',
  `update_from_mwr_life` tinyint(4) NOT NULL DEFAULT '1' COMMENT '1=>on ,0=>off',
  `created_date` datetime DEFAULT NULL,
  `updated_date` datetime DEFAULT NULL
) ENGINE=InnoDB DEFAULT CHARSET=latin1;

--
-- Dumping data for table `tbl_notification`
--

INSERT INTO `tbl_notification` (`id`, `user_id`, `content_update`, `update_from_mwr_life`, `created_date`, `updated_date`) VALUES
(1, 5, 1, 1, '2019-01-25 13:26:11', '2019-04-08 06:34:14'),
(2, 13, 1, 1, '2019-01-26 10:05:32', '2019-03-18 07:01:17'),
(3, 11, 1, 1, '2019-01-29 18:52:17', '2019-02-05 07:45:23'),
(4, 12, 1, 1, '2019-02-05 07:35:01', '2019-02-05 07:52:10');

-- --------------------------------------------------------

--
-- Table structure for table `tbl_push_notification`
--

CREATE TABLE `tbl_push_notification` (
  `alert_id` int(11) NOT NULL,
  `section_ids` varchar(255) NOT NULL,
  `media_ids` varchar(255) NOT NULL,
  `country_ids` varchar(255) NOT NULL,
  `rank_ids` varchar(255) NOT NULL,
  `alert_message` varchar(255) NOT NULL,
  `invited_target` int(11) NOT NULL,
  `opted_target` int(11) NOT NULL,
  `total_target` int(11) NOT NULL,
  `total_views` int(11) NOT NULL COMMENT 'Total Push notification viewed by user',
  `scheduling_date` datetime DEFAULT NULL,
  `repeat_option` int(11) NOT NULL COMMENT '1=>dailym2=>weekly,3=>monthly,4=>yearly',
  `daily_notification` datetime DEFAULT NULL COMMENT '0=>not send 1=>send',
  `weekly_notification` datetime DEFAULT NULL,
  `monthly_notification` datetime DEFAULT NULL,
  `yearly_notificaion` datetime DEFAULT NULL,
  `notification_count` int(11) NOT NULL DEFAULT '0',
  `created_date` datetime NOT NULL,
  `timezone` varchar(255) NOT NULL
) ENGINE=InnoDB DEFAULT CHARSET=latin1;

--
-- Dumping data for table `tbl_push_notification`
--

INSERT INTO `tbl_push_notification` (`alert_id`, `section_ids`, `media_ids`, `country_ids`, `rank_ids`, `alert_message`, `invited_target`, `opted_target`, `total_target`, `total_views`, `scheduling_date`, `repeat_option`, `daily_notification`, `weekly_notification`, `monthly_notification`, `yearly_notificaion`, `notification_count`, `created_date`, `timezone`) VALUES
(1, '7', '30', '72,74,228', '3,6,7,8', 'Test Notification', 6, 2, 4, 0, NULL, 0, NULL, NULL, NULL, NULL, 6, '2019-03-16 11:36:50', ''),
(2, '0', '30', '72,74,228', '3,6,7,8', 'Test Notification1', 6, 2, 4, 0, NULL, 0, NULL, NULL, NULL, NULL, 6, '2019-03-16 11:40:23', ''),
(3, '0', '30', '72,74,228', '3,6,7,8', 'Test Notification1', 6, 2, 4, 0, NULL, 0, NULL, NULL, NULL, NULL, 5, '2019-03-16 01:22:48', ''),
(4, '0', '30', '72,74,228', '3,6,7,8', 'Test Notification1', 6, 2, 4, 0, NULL, 0, NULL, NULL, NULL, NULL, 5, '2019-03-16 01:24:35', ''),
(5, '0', '30', '72,74,228', '3,6,7,8', 'Test Notification1', 6, 2, 4, 0, NULL, 0, NULL, NULL, NULL, NULL, 5, '2019-03-16 01:27:52', ''),
(6, '0', '30', '72,74,228', '3,6,7,8', 'Test Notification1', 6, 2, 4, 0, NULL, 0, NULL, NULL, NULL, NULL, 5, '2019-03-16 01:28:32', ''),
(7, '0', '30', '72,74,228', '3,6,7,8', 'Test Notification1', 6, 2, 4, 0, '2019-03-16 09:56:00', 0, NULL, NULL, NULL, NULL, 0, '2019-03-16 04:26:05', ''),
(8, '0', '30', '72,74,228', '3,6,7,8', 'Test Notification1', 6, 2, 4, 0, '2019-03-17 09:56:00', 0, NULL, NULL, NULL, NULL, 0, '2019-03-16 04:26:12', ''),
(9, '0', '30', '72,74,228', '3,6,7,8', 'Test Notification1', 6, 2, 4, 0, '2019-03-16 09:56:00', 0, NULL, NULL, NULL, NULL, 0, '2019-03-16 05:07:29', ''),
(10, '0', '30', '72,74,228', '3,6,7,8', 'Test Notification1', 6, 2, 4, 0, '1970-01-01 12:00:00', 0, NULL, NULL, NULL, NULL, 0, '2019-03-18 02:34:53', ''),
(11, '7', '66', '72,74,228', '3,6,7,8', 'sd', 6, 2, 4, 0, '1970-01-01 12:00:00', 0, NULL, NULL, NULL, NULL, 0, '2019-03-18 02:35:25', ''),
(12, '6', '29', '72,74,228', '3,6,7,8', 'test', 6, 2, 4, 0, '2019-03-18 11:17:00', 0, NULL, NULL, NULL, NULL, 0, '2019-03-18 05:47:43', ''),
(13, '0', '29', '72,74,228', '3,6,7,8', 'test', 6, 2, 4, 0, NULL, 0, NULL, NULL, NULL, NULL, 2, '2019-03-18 05:49:33', ''),
(14, '0', '30', '72,74,228', '3,6,7,8', 'Test Notification1', 6, 2, 4, 0, NULL, 0, NULL, NULL, NULL, NULL, 2, '2019-03-18 05:50:37', ''),
(15, '7', '69', '72,74,228', '3,6,7,8', '      ', 6, 2, 4, 0, '2019-03-20 11:41:00', 0, NULL, NULL, NULL, NULL, 0, '2019-03-18 06:12:03', ''),
(16, '0', '69', '72,74,228', '3,6,7,8', '      test\r\n', 6, 2, 4, 0, '2019-03-20 11:41:00', 0, NULL, NULL, NULL, NULL, 0, '2019-03-18 06:12:47', ''),
(17, '8', '69', '72,74,228', '3,6,7,8', 'test', 6, 3, 3, 0, NULL, 0, NULL, NULL, NULL, NULL, 1, '2019-03-18 06:47:22', ''),
(18, '6', '64', '72,74,228', '3,6,7,8', 'test', 6, 2, 4, 0, NULL, 0, NULL, NULL, NULL, NULL, 3, '2019-03-18 06:48:51', ''),
(19, '0', '64', '72,74,228', '3,6,7,8', 'test', 6, 2, 4, 0, NULL, 0, NULL, NULL, NULL, NULL, 1, '2019-03-18 06:50:00', ''),
(20, '0', '64', '72,74,228', '3,6,7,8', 'test213', 6, 2, 4, 0, NULL, 0, NULL, NULL, NULL, NULL, 2, '2019-03-18 06:50:46', ''),
(21, '6', '29', '72,74,228', '3,6,7,8', 'test doc', 6, 2, 4, 0, NULL, 0, NULL, NULL, NULL, NULL, 2, '2019-03-18 07:47:27', ''),
(22, '7', '64', '72,74,228', '3,6,7,8', 'test doc', 6, 2, 4, 0, NULL, 0, NULL, NULL, NULL, NULL, 4, '2019-03-18 07:56:26', ''),
(23, '6', '57', '72,74,228', '3,6,7,8', 'Test', 6, 2, 4, 0, NULL, 0, NULL, NULL, NULL, NULL, 2, '2019-03-18 10:03:22', ''),
(24, '7', '57', '72,74,228', '3,6,7,8', 'test', 6, 2, 4, 0, NULL, 0, NULL, NULL, NULL, NULL, 2, '2019-03-18 10:04:02', ''),
(25, '0', '57', '72,74,228', '3,6,7,8', 'test', 6, 2, 4, 0, NULL, 0, NULL, NULL, NULL, NULL, 2, '2019-03-18 10:08:46', ''),
(26, '0', '57', '72,74,228', '3,6,7,8', 'test', 6, 2, 4, 0, NULL, 0, NULL, NULL, NULL, NULL, 2, '2019-03-18 10:11:18', ''),
(27, '0', '57', '72,74,228', '3,6,7,8', 'test', 6, 2, 4, 0, NULL, 0, NULL, NULL, NULL, NULL, 4, '2019-03-18 10:12:01', ''),
(28, '0', '57', '72,74,228', '3,6,7,8', 'test', 6, 2, 4, 0, NULL, 0, NULL, NULL, NULL, NULL, 2, '2019-03-18 10:12:22', ''),
(29, '0', '57', '72,74,228', '3,6,7,8', 'test', 6, 2, 4, 0, NULL, 0, NULL, NULL, NULL, NULL, 3, '2019-03-18 10:13:26', ''),
(30, '0', '57', '72,74,228', '3,6,7,8', 'test', 6, 2, 4, 0, NULL, 0, NULL, NULL, NULL, NULL, 3, '2019-03-18 10:14:00', ''),
(31, '0', '57', '72,74,228', '3,6,7,8', 'test', 0, 0, 0, 0, NULL, 0, NULL, NULL, NULL, NULL, 2, '2019-03-18 10:31:42', ''),
(32, '6', '74', '72,74,228', '2,3,6,7,8', 'Hi TESTER', 6, 2, 4, 0, NULL, 0, NULL, NULL, NULL, NULL, 3, '2019-03-22 11:04:26', ''),
(33, '8', '75', '72,74,228', '2,3,6,7,8', 'Hi TESTER', 6, 2, 4, 0, NULL, 0, NULL, NULL, NULL, NULL, 2, '2019-03-22 11:05:37', ''),
(34, '0', '75', '72,74,228', '2,3,6,7,8', 'TEST', 6, 2, 4, 0, NULL, 0, NULL, NULL, NULL, NULL, 1, '2019-03-22 11:07:12', ''),
(35, '0', '75', '72,74,228', '2,3,6,7,8', 'TEST', 6, 2, 4, 0, NULL, 0, NULL, NULL, NULL, NULL, 3, '2019-03-22 11:07:57', ''),
(36, '8', '74', '72,74,228', '2,3,6,7,8', 'TEST||||', 6, 2, 4, 0, NULL, 0, NULL, NULL, NULL, NULL, 4, '2019-03-22 11:09:15', ''),
(37, '0', '75', '72,74,228', '2,3,6,7,8', 'test', 6, 2, 4, 0, NULL, 0, NULL, NULL, NULL, NULL, 2, '2019-03-22 11:10:35', ''),
(38, '7', '75', '72,74,228', '2,3,6,7,8', 'test', 6, 0, 6, 0, NULL, 0, NULL, NULL, NULL, NULL, 2, '2019-03-22 11:31:46', ''),
(39, '7', '74', '72,74,228', '2,3,6,7,8', 'test', 6, 0, 6, 0, NULL, 0, NULL, NULL, NULL, NULL, 3, '2019-03-22 11:39:41', ''),
(40, '8', '76', '72,74,228', '2,3,6,7,8', 'test', 6, 0, 6, 0, NULL, 0, NULL, NULL, NULL, NULL, 2, '2019-03-22 11:47:18', ''),
(41, '0', '74', '72,74,228', '2,3,6,7,8', 'test', 6, 0, 6, 0, NULL, 0, NULL, NULL, NULL, NULL, 1, '2019-03-22 11:47:37', ''),
(42, '0', '74', '72,74,228', '2,3,6,7,8', 'test', 6, 0, 6, 0, NULL, 0, NULL, NULL, NULL, NULL, 2, '2019-03-22 11:47:54', ''),
(43, '7', '74', '72,74,228', '2,3,6,7,8', 'test', 6, 0, 6, 0, NULL, 0, NULL, NULL, NULL, NULL, 1, '2019-03-22 11:49:15', ''),
(44, '8', '74', '72', '3', 'test message', 1, 0, 1, 0, NULL, 0, NULL, NULL, NULL, NULL, 2, '2019-03-22 11:51:24', ''),
(45, '8', '76', '72', '3', 'test message', 1, 0, 1, 0, NULL, 0, NULL, NULL, NULL, NULL, 1, '2019-03-22 11:51:54', ''),
(46, '6', '74', '72', '3', 'test message', 1, 0, 1, 0, NULL, 0, NULL, NULL, NULL, NULL, 1, '2019-03-22 11:52:40', ''),
(47, '8', '76', '72,74,228', '2,3,6,7,8', 'test', 6, 0, 6, 0, NULL, 0, NULL, NULL, NULL, NULL, 1, '2019-03-22 11:52:42', ''),
(48, '8', '76', '72,74,228', '2,3,6,7,8', 'test', 0, 0, 0, 0, NULL, 0, NULL, NULL, NULL, NULL, 2, '2019-03-22 11:53:35', ''),
(49, '8', '76', '72,74,228', '2,3,6,7,8', 'test', 6, 0, 6, 0, NULL, 0, NULL, NULL, NULL, NULL, 2, '2019-03-22 11:55:02', ''),
(50, '6', '3', '72,74,228', '2,3,6,7,8', 'test', 6, 0, 6, 0, NULL, 0, NULL, NULL, NULL, NULL, 0, '2019-03-26 05:34:52', ''),
(51, '0', '3', '72,74,228', '2,3,6,7,8', 'test', 6, 0, 6, 0, NULL, 0, NULL, NULL, NULL, NULL, 1, '2019-03-26 05:35:10', ''),
(52, '0', '3', '72,74,228', '2,3,6,7,8', 'test', 6, 0, 6, 0, NULL, 0, NULL, NULL, NULL, NULL, 1, '2019-03-26 05:35:28', ''),
(53, '0', '3', '72,74,228', '2,3,6,7,8', 'test', 6, 0, 6, 0, NULL, 0, NULL, NULL, NULL, NULL, 1, '2019-03-26 05:36:37', ''),
(54, '0', '3', '72,74,228', '2,3,6,7,8', 'test', 6, 0, 6, 0, NULL, 0, NULL, NULL, NULL, NULL, 2, '2019-03-26 05:48:04', ''),
(55, '7', '1', '36,72,74,228', '2,3,6,7,8', 'test', 6, 0, 6, 0, NULL, 0, NULL, NULL, NULL, NULL, 3, '2019-03-26 11:32:08', ''),
(56, '0', '1', '36,72,74,228', '2,3,6,7,8', 'test', 6, 0, 6, 0, '2019-01-01 00:00:00', 0, NULL, NULL, NULL, NULL, 0, '2019-04-02 06:34:05', 'Asia/Kolkata'),
(57, '0', '1', '36,72,74,228', '2,3,6,7,8', 'test', 6, 0, 6, 0, '2019-04-02 12:04:00', 0, NULL, NULL, NULL, NULL, 0, '2019-04-02 06:34:56', 'Asia/Kolkata'),
(58, '5', '5', '36,72,74,228', '2,3,6,7,8', 'ss', 6, 0, 6, 0, '2019-04-02 12:05:00', 0, NULL, NULL, NULL, NULL, 0, '2019-04-02 06:35:45', 'Asia/Kolkata'),
(59, '0', '1', '36,72,74,228', '2,3,6,7,8', 'test', 6, 0, 6, 0, '2019-01-01 00:00:00', 0, NULL, NULL, NULL, NULL, 0, '2019-04-02 06:37:55', 'Asia/Kolkata'),
(60, '5', '5', '36,72,74,228', '2,3,6,7,8', 'Test', 6, 0, 6, 0, '2019-04-02 12:09:00', 0, NULL, NULL, NULL, NULL, 0, '2019-04-02 06:40:03', 'Asia/Kolkata'),
(61, '0', '5', '36,72,74,228', '2,3,6,7,8', 'Test', 6, 0, 6, 0, '2019-04-02 13:07:00', 0, NULL, NULL, NULL, NULL, 0, '2019-04-02 07:37:04', 'Asia/Kolkata'),
(62, '7', '5', '36,72,74,228', '2,3,6,7,8', 'dfdf', 6, 0, 6, 0, '2019-04-02 18:41:00', 0, NULL, NULL, NULL, NULL, 0, '2019-04-02 13:11:48', 'Asia/Kolkata'),
(63, '7', '2', '36,72,74,228', '2,3,6,7,8', 'refgh', 6, 0, 6, 0, '2019-04-02 18:44:00', 0, NULL, NULL, NULL, NULL, 0, '2019-04-02 13:14:28', 'Asia/Kolkata'),
(64, '7', '6', '72', '3', 'test', 1, 0, 1, 1, NULL, 0, NULL, NULL, NULL, NULL, 1, '2019-04-03 12:21:29', 'America/Chicago'),
(65, '0', '6', '72', '3', 'test', 1, 0, 1, 0, NULL, 0, NULL, NULL, NULL, NULL, 0, '2019-04-03 12:26:26', 'America/Chicago'),
(66, '0', '6', '72', '3', 'test', 1, 0, 1, 0, NULL, 0, NULL, NULL, NULL, NULL, 0, '2019-04-03 12:26:52', 'America/Chicago'),
(67, '0', '6', '72', '3', 'test', 1, 0, 1, 0, NULL, 0, NULL, NULL, NULL, NULL, 1, '2019-04-03 14:00:17', 'America/Chicago'),
(68, '7', '3', '36,72,74,228', '2,3,6,7,8', 'test', 6, 0, 6, 0, NULL, 0, NULL, NULL, NULL, NULL, 1, '2019-04-16 11:14:52', 'Asia/Kolkata'),
(69, '0', '3', '36,72,74,228', '2,3,6,7,8', 'test', 6, 0, 6, 0, '2019-04-16 16:45:00', 0, NULL, NULL, NULL, NULL, 0, '2019-04-16 11:15:40', 'Asia/Kolkata'),
(70, '6', '5', '36,72,74,228', '2,3,6,7,8', 'TEST', 6, 0, 6, 0, '2019-04-19 14:37:00', 0, NULL, NULL, NULL, NULL, 0, '2019-04-18 09:08:02', 'Asia/Kolkata'),
(71, '0', '5', '36,72,74,228', '2,3,6,7,8', 'TEST', 6, 0, 6, 0, '2019-04-18 14:38:00', 0, NULL, NULL, NULL, NULL, 0, '2019-04-18 09:08:40', 'Asia/Kolkata'),
(72, '0', '5', '36,72,74,228', '2,3,6,7,8', 'TEST', 6, 0, 6, 0, '2019-04-18 14:38:00', 0, NULL, NULL, NULL, NULL, 0, '2019-04-18 09:08:51', 'Asia/Kolkata'),
(73, '0', '5', '36,72,74,228', '2,3,6,7,8', 'TEST', 6, 0, 6, 0, '2019-04-18 14:38:00', 0, NULL, NULL, NULL, NULL, 0, '2019-04-18 09:09:32', 'Asia/Kolkata'),
(74, '0', '5', '36,72,74,228', '2,3,6,7,8', 'TEST', 6, 0, 6, 0, '2019-04-18 14:39:00', 0, NULL, NULL, NULL, NULL, 0, '2019-04-18 09:09:45', 'Asia/Kolkata'),
(75, '6', '5', '36,72,74,228', '2,3,6,7,8', 'ff', 6, 0, 6, 0, NULL, 0, NULL, NULL, NULL, NULL, 1, '2019-04-18 09:13:26', 'Asia/Kolkata'),
(76, '6', '6', '36,72,74,228', '2,3,6,7,8', 'TESt', 6, 0, 6, 0, '2019-04-18 14:48:00', 0, NULL, NULL, NULL, NULL, 0, '2019-04-18 09:18:34', 'Asia/Kolkata'),
(77, '5', '5', '36,72,74,228', '2,3,6,7,8', 'test', 6, 0, 6, 0, '2019-04-25 18:11:00', 0, NULL, NULL, NULL, NULL, 0, '2019-04-22 12:41:42', 'Asia/Kolkata'),
(78, '7', '4', '36,72,74,228', '2,3,6,7,8', 'test', 6, 0, 6, 0, NULL, 0, NULL, NULL, NULL, NULL, 2, '2019-04-22 12:49:31', 'Asia/Kolkata'),
(79, '7', '4', '72', '3', 'test', 1, 0, 1, 1, NULL, 0, NULL, NULL, NULL, NULL, 2, '2019-05-01 07:14:49', 'America/Panama');

-- --------------------------------------------------------

--
-- Table structure for table `tbl_push_notification_translation`
--

CREATE TABLE `tbl_push_notification_translation` (
  `translation_id` int(11) NOT NULL,
  `alert_ids` int(11) NOT NULL,
  `language_id` int(11) NOT NULL,
  `alert_message` varchar(255) NOT NULL,
  `is_default` tinyint(4) NOT NULL,
  `created_date` datetime NOT NULL
) ENGINE=InnoDB DEFAULT CHARSET=latin1;

--
-- Dumping data for table `tbl_push_notification_translation`
--

INSERT INTO `tbl_push_notification_translation` (`translation_id`, `alert_ids`, `language_id`, `alert_message`, `is_default`, `created_date`) VALUES
(1, 1, 1, 'Test Notification', 1, '2019-03-16 11:36:50'),
(2, 2, 1, 'Test Notification1', 1, '2019-03-16 11:40:23'),
(3, 3, 1, 'Test Notification1', 1, '2019-03-16 01:22:48'),
(4, 4, 1, 'Test Notification1', 1, '2019-03-16 01:24:35'),
(5, 5, 1, 'Test Notification1', 1, '2019-03-16 01:27:52'),
(6, 6, 1, 'Test Notification1', 1, '2019-03-16 01:28:32'),
(7, 7, 1, 'Test Notification1', 1, '2019-03-16 04:26:05'),
(8, 8, 1, 'Test Notification1', 1, '2019-03-16 04:26:12'),
(9, 9, 1, 'Test Notification1', 1, '2019-03-16 05:07:29'),
(10, 10, 1, 'Test Notification1', 1, '2019-03-18 02:34:53'),
(11, 11, 1, 'sd', 1, '2019-03-18 02:35:25'),
(12, 12, 1, 'test', 1, '2019-03-18 05:47:43'),
(13, 13, 1, 'test', 1, '2019-03-18 05:49:33'),
(14, 14, 1, 'Test Notification1', 1, '2019-03-18 05:50:37'),
(15, 15, 1, '      ', 1, '2019-03-18 06:12:03'),
(16, 16, 1, '      test\r\n', 1, '2019-03-18 06:12:47'),
(17, 17, 1, 'test', 1, '2019-03-18 06:47:22'),
(18, 18, 1, 'test', 1, '2019-03-18 06:48:51'),
(19, 19, 1, 'test', 1, '2019-03-18 06:50:00'),
(20, 20, 1, 'test213', 1, '2019-03-18 06:50:46'),
(21, 21, 1, 'test doc', 1, '2019-03-18 07:47:27'),
(22, 22, 1, 'test doc', 1, '2019-03-18 07:56:26'),
(23, 23, 1, 'Test', 1, '2019-03-18 10:03:22'),
(24, 24, 1, 'test', 1, '2019-03-18 10:04:02'),
(25, 25, 1, 'test', 1, '2019-03-18 10:08:46'),
(26, 26, 1, 'test', 1, '2019-03-18 10:11:18'),
(27, 27, 1, 'test', 1, '2019-03-18 10:12:01'),
(28, 28, 1, 'test', 1, '2019-03-18 10:12:22'),
(29, 29, 1, 'test', 1, '2019-03-18 10:13:26'),
(30, 30, 1, 'test', 1, '2019-03-18 10:14:00'),
(31, 31, 1, 'test', 1, '2019-03-18 10:31:42'),
(32, 32, 1, 'Hi TESTER', 1, '2019-03-22 11:04:26'),
(33, 33, 1, 'Hi TESTER', 1, '2019-03-22 11:05:37'),
(34, 34, 1, 'TEST', 1, '2019-03-22 11:07:12'),
(35, 35, 1, 'TEST', 1, '2019-03-22 11:07:57'),
(36, 36, 1, 'TEST||||', 1, '2019-03-22 11:09:15'),
(37, 37, 1, 'test', 1, '2019-03-22 11:10:35'),
(38, 38, 1, 'test', 1, '2019-03-22 11:31:46'),
(39, 39, 1, 'test', 1, '2019-03-22 11:39:41'),
(40, 40, 1, 'test', 1, '2019-03-22 11:47:18'),
(41, 41, 1, 'test', 1, '2019-03-22 11:47:37'),
(42, 42, 1, 'test', 1, '2019-03-22 11:47:54'),
(43, 43, 1, 'test', 1, '2019-03-22 11:49:15'),
(44, 44, 1, 'test message', 1, '2019-03-22 11:51:24'),
(45, 45, 1, 'test message', 1, '2019-03-22 11:51:54'),
(46, 46, 1, 'test message', 1, '2019-03-22 11:52:40'),
(47, 47, 1, 'test', 1, '2019-03-22 11:52:42'),
(48, 48, 1, 'test', 1, '2019-03-22 11:53:35'),
(49, 49, 1, 'test', 1, '2019-03-22 11:55:02'),
(50, 50, 1, 'test', 1, '2019-03-26 05:34:52'),
(51, 51, 1, 'test', 1, '2019-03-26 05:35:10'),
(52, 52, 1, 'test', 1, '2019-03-26 05:35:28'),
(53, 53, 1, 'test', 1, '2019-03-26 05:36:37'),
(54, 54, 1, 'test', 1, '2019-03-26 05:48:04'),
(55, 55, 1, 'test', 1, '2019-03-26 11:32:08'),
(56, 56, 1, 'test', 1, '2019-04-02 06:34:05'),
(57, 57, 1, 'test', 1, '2019-04-02 06:34:56'),
(58, 58, 1, 'ss', 1, '2019-04-02 06:35:45'),
(59, 59, 1, 'test', 1, '2019-04-02 06:37:55'),
(60, 60, 1, 'Test', 1, '2019-04-02 06:40:03'),
(61, 61, 1, 'Test', 1, '2019-04-02 07:37:04'),
(62, 62, 1, 'dfdf', 1, '2019-04-02 13:11:48'),
(63, 63, 1, 'refgh', 1, '2019-04-02 13:14:28'),
(64, 64, 1, 'test', 1, '2019-04-03 12:21:29'),
(65, 65, 1, 'test', 1, '2019-04-03 12:26:26'),
(66, 66, 1, 'test', 1, '2019-04-03 12:26:52'),
(67, 67, 1, 'test', 1, '2019-04-03 14:00:17'),
(68, 68, 1, 'test', 1, '2019-04-16 11:14:52'),
(69, 69, 1, 'test', 1, '2019-04-16 11:15:40'),
(70, 70, 1, 'TEST', 1, '2019-04-18 09:08:02'),
(71, 71, 1, 'TEST', 1, '2019-04-18 09:08:40'),
(72, 72, 1, 'TEST', 1, '2019-04-18 09:08:51'),
(73, 73, 1, 'TEST', 1, '2019-04-18 09:09:32'),
(74, 74, 1, 'TEST', 1, '2019-04-18 09:09:45'),
(75, 75, 1, 'ff', 1, '2019-04-18 09:13:26'),
(76, 76, 1, 'TESt', 1, '2019-04-18 09:18:34'),
(77, 77, 1, 'test', 1, '2019-04-22 12:41:42'),
(78, 78, 1, 'test', 1, '2019-04-22 12:49:31'),
(79, 79, 1, 'test', 1, '2019-05-01 07:14:49');

-- --------------------------------------------------------

--
-- Table structure for table `tbl_rank`
--

CREATE TABLE `tbl_rank` (
  `rank_id` int(11) NOT NULL,
  `rank_name` varchar(255) NOT NULL,
  `is_active` tinyint(4) NOT NULL,
  `created_date` datetime NOT NULL,
  `updated_date` datetime NOT NULL
) ENGINE=InnoDB DEFAULT CHARSET=latin1;

--
-- Dumping data for table `tbl_rank`
--

INSERT INTO `tbl_rank` (`rank_id`, `rank_name`, `is_active`, `created_date`, `updated_date`) VALUES
(1, 'On Board', 0, '0000-00-00 00:00:00', '2019-02-06 14:27:09'),
(2, 'Lifestyle Consultant', 1, '0000-00-00 00:00:00', '2019-03-19 08:10:36'),
(3, 'Manager', 1, '0000-00-00 00:00:00', '2019-03-08 10:27:39'),
(4, 'Senior Manager', 0, '0000-00-00 00:00:00', '2019-02-25 09:52:20'),
(5, 'Area Manager', 0, '0000-00-00 00:00:00', '2019-02-25 09:52:24'),
(6, 'District Manager', 1, '0000-00-00 00:00:00', '2019-01-04 11:57:33'),
(7, 'Regional Manager', 1, '0000-00-00 00:00:00', '2019-01-04 11:57:37'),
(8, 'National Manager', 1, '0000-00-00 00:00:00', '2019-01-04 11:57:41');

-- --------------------------------------------------------

--
-- Table structure for table `tbl_role`
--

CREATE TABLE `tbl_role` (
  `role_id` int(11) NOT NULL,
  `role_name` varchar(255) NOT NULL,
  `is_active` tinyint(4) NOT NULL DEFAULT '1',
  `created_date` datetime NOT NULL
) ENGINE=InnoDB DEFAULT CHARSET=latin1;

-- --------------------------------------------------------

--
-- Table structure for table `tbl_section`
--

CREATE TABLE `tbl_section` (
  `section_id` int(11) NOT NULL,
  `section_name` varchar(255) CHARACTER SET utf8 NOT NULL,
  `is_active` tinyint(4) NOT NULL DEFAULT '1',
  `created_date` datetime NOT NULL
) ENGINE=InnoDB DEFAULT CHARSET=latin1;

--
-- Dumping data for table `tbl_section`
--

INSERT INTO `tbl_section` (`section_id`, `section_name`, `is_active`, `created_date`) VALUES
(5, 'Links', 1, '2019-03-13 11:29:22'),
(6, 'Documents', 1, '2019-01-30 06:42:56'),
(7, 'Videos', 1, '2019-01-30 06:58:18'),
(8, 'News', 1, '2019-01-30 06:59:21');

-- --------------------------------------------------------

--
-- Table structure for table `tbl_section_translation`
--

CREATE TABLE `tbl_section_translation` (
  `translation_id` int(11) NOT NULL,
  `section_id` int(11) NOT NULL,
  `language_id` int(11) NOT NULL,
  `section_name` varchar(500) CHARACTER SET utf8 NOT NULL,
  `is_default` tinyint(4) NOT NULL DEFAULT '0',
  `created_date` datetime NOT NULL
) ENGINE=InnoDB DEFAULT CHARSET=latin1;

--
-- Dumping data for table `tbl_section_translation`
--

INSERT INTO `tbl_section_translation` (`translation_id`, `section_id`, `language_id`, `section_name`, `is_default`, `created_date`) VALUES
(2, 1, 1, 'Event', 0, '2019-01-19 07:46:24'),
(3, 1, 2, 'Evento', 1, '2019-01-19 07:46:24'),
(4, 2, 1, 'English', 1, '2019-01-19 07:48:22'),
(5, 3, 1, 'Mwr life', 1, '2019-01-23 02:30:14'),
(7, 4, 1, 'ee', 1, '2019-01-25 05:52:37'),
(9, 6, 1, 'Documents', 1, '2019-01-30 06:42:56'),
(10, 7, 1, 'Videos', 1, '2019-01-30 06:58:18'),
(12, 8, 1, 'News', 1, '2019-01-30 06:59:21'),
(14, 9, 1, 'Test', 1, '2019-02-25 09:45:49'),
(15, 5, 1, 'Links', 1, '2019-03-13 11:29:22'),
(16, 5, 2, 'Liens', 0, '2019-03-13 11:29:22');

-- --------------------------------------------------------

--
-- Table structure for table `tbl_shortLink`
--

CREATE TABLE `tbl_shortLink` (
  `id` int(11) NOT NULL,
  `code` varchar(255) NOT NULL,
  `user_id` int(11) NOT NULL,
  `user_name` varchar(255) NOT NULL COMMENT 'name of user whom to media is share',
  `media_id` int(11) NOT NULL,
  `short_link` varchar(255) NOT NULL,
  `android_device_id` varchar(255) NOT NULL DEFAULT '0',
  `contact_id` varchar(255) NOT NULL,
  `full_link` varchar(255) NOT NULL,
  `is_enroll` tinyint(4) NOT NULL DEFAULT '0' COMMENT '0=>not erollment link,1=>enrollment link',
  `created_date` datetime NOT NULL,
  `view_time` datetime NOT NULL,
  `is_active` tinyint(4) NOT NULL DEFAULT '1'
) ENGINE=InnoDB DEFAULT CHARSET=latin1;

--
-- Dumping data for table `tbl_shortLink`
--

INSERT INTO `tbl_shortLink` (`id`, `code`, `user_id`, `user_name`, `media_id`, `short_link`, `android_device_id`, `contact_id`, `full_link`, `is_enroll`, `created_date`, `view_time`, `is_active`) VALUES
(1, '0', 5, '', 0, 'mwr.life/DBgEJ', '0', '', 'https/www.google.com', 0, '2019-01-23 02:01:03', '0000-00-00 00:00:00', 0),
(2, 'shs', 5, '', 0, 'mwr.life/Hcl4B', '0', '', 'http://www.google.com', 0, '2019-01-23 02:01:05', '0000-00-00 00:00:00', 0),
(3, 'l5Lrp', 5, '', 0, 'mwr.life/s/l5Lrp', '0', '', 'https://www.mwrlife.com/v2aubin/join', 0, '2019-01-24 06:01:50', '0000-00-00 00:00:00', 1),
(4, '99SV6', 5, '', 1, 'mwr.life/s/99SV6', '0', '', 'https://mwrlifeapp.com/assets/media/6d32233a753b6c0bbe75885c0a4110ef.mp4', 0, '2019-01-24 02:01:59', '2019-02-05 10:50:52', 1),
(5, 'UIDQ1', 5, '', 1, 'mwr.life/s/UIDQ1', '0', '', 'https://mwrlifeapp.com/assets/media/6d32233a753b6c0bbe75885c0a4110ef.mp4', 0, '2019-01-24 02:01:15', '2019-02-05 10:50:52', 1),
(6, 'q8Xgr', 5, '', 1, 'mwr.life/s/q8Xgr', '0', '', 'https://mwrlifeapp.com/assets/media/6d32233a753b6c0bbe75885c0a4110ef.mp4', 0, '2019-01-24 02:01:56', '2019-02-05 10:50:52', 1),
(7, 'coaUS', 5, '', 1, 'mwr.life/s/coaUS', '0', '', 'https://mwrlifeapp.com/assets/media/6d32233a753b6c0bbe75885c0a4110ef.mp4', 0, '2019-01-24 02:01:22', '2019-02-05 10:50:52', 1),
(8, 'ZBQ8G', 13, 'Dodiya Dilip One', 4, 'mwr.life/s/ZBQ8G', '0', '', 'https://www.mwrlife.fr/home', 0, '2019-01-25 07:01:08', '0000-00-00 00:00:00', 1),
(9, 'ThJL8', 5, '1000	Vajsi', 1, 'mwr.life/s/ThJL8', '0', '', 'https://mwrlifeapp.com/assets/media/04c663fc1fc788803ee5799fadc70c74.mp4', 0, '2019-01-25 07:01:21', '2019-02-05 10:50:52', 1),
(10, 'IInKk', 5, '1000	Vajsi', 1, 'mwr.life/s/IInKk', '0', '', 'https://mwrlifeapp.com/assets/media/04c663fc1fc788803ee5799fadc70c74.mp4', 0, '2019-01-25 07:01:05', '2019-02-05 10:50:52', 1),
(11, '7Egoq', 13, 'Dodiya Dilip One', 1, 'mwr.life/s/7Egoq', '0', '', 'https://mwrlifeapp.com/assets/media/04c663fc1fc788803ee5799fadc70c74.mp4', 0, '2019-01-25 11:01:10', '2019-02-05 10:50:52', 1),
(12, 'd7Hgy', 13, '', 0, 'mwr.life/s/d7Hgy', '0', '', 'https://www.mwrlife.com/UnitedLifeServices/join', 0, '2019-01-25 11:01:34', '0000-00-00 00:00:00', 1),
(13, '169NP', 13, '', 0, 'mwr.life/s/169NP', '0', '', 'https://www.mwrlife.com/UnitedLifeServices/join', 0, '2019-01-26 01:01:53', '0000-00-00 00:00:00', 1),
(14, 'uGxz5', 5, 'Aadish Motor Reference Of Nikunj Patel Sabar', 1, 'mwr.life/s/uGxz5', '0', '', 'https://mwrlifeapp.com/assets/media/04c663fc1fc788803ee5799fadc70c74.mp4', 0, '2019-01-26 07:01:38', '2019-02-05 10:50:52', 1),
(15, 'ptSPE', 5, 'OC', 1, 'mwr.life/s/ptSPE', '0', '', 'https://mwrlifeapp.com/assets/media/04c663fc1fc788803ee5799fadc70c74.mp4', 0, '2019-01-26 07:01:24', '2019-02-05 10:50:52', 1),
(16, 'jmHco', 5, 'OC', 1, 'mwr.life/s/jmHco', '0', '', 'https://mwrlifeapp.com/assets/media/04c663fc1fc788803ee5799fadc70c74.mp4', 0, '2019-01-26 07:01:56', '2019-02-05 10:50:52', 1),
(17, 'onEUE', 13, 'Dodiya Dilip One', 1, 'mwr.life/s/onEUE', '0', '', 'https://mwrlifeapp.com/assets/media/04c663fc1fc788803ee5799fadc70c74.mp4', 0, '2019-01-26 10:01:56', '2019-02-05 10:50:52', 1),
(18, 'Xn0RY', 13, 'Dodiya Dilip One', 4, 'mwr.life/s/Xn0RY', '0', '', 'https://www.mwrlife.fr/home', 0, '2019-01-26 10:01:45', '0000-00-00 00:00:00', 1),
(19, 'BPzdX', 5, 'Num+Email', 1, 'mwr.life/s/BPzdX', '0', '', 'https://mwrlifeapp.com/assets/media/04c663fc1fc788803ee5799fadc70c74.mp4', 0, '2019-01-26 01:01:58', '2019-02-05 10:50:52', 1),
(20, 'C3KEM', 5, 'Vajsi', 1, 'mwr.life/s/C3KEM', '0', '', 'https://mwrlifeapp.com/assets/media/04c663fc1fc788803ee5799fadc70c74.mp4', 0, '2019-01-26 01:01:03', '2019-02-05 10:50:52', 1),
(21, 'z3YX0', 13, '+639276644915', 1, 'mwr.life/s/z3YX0', '0', '', 'https://mwrlifeapp.com/assets/media/04c663fc1fc788803ee5799fadc70c74.mp4', 0, '2019-01-26 03:01:08', '2019-02-05 10:50:52', 1),
(22, '9ROoK', 13, '+639054816238', 1, 'mwr.life/s/9ROoK', '0', '', 'https://mwrlifeapp.com/assets/media/04c663fc1fc788803ee5799fadc70c74.mp4', 0, '2019-01-26 03:01:27', '2019-02-05 10:50:52', 1),
(23, 'IdXPV', 5, '', 0, 'mwr.life/s/IdXPV', '0', '', 'https://mwrlifeapp.com/assets/media/04c663fc1fc788803ee5799fadc70c74.mp4', 0, '2019-01-26 03:01:37', '0000-00-00 00:00:00', 1),
(24, 'iQZNp', 5, '', 0, 'mwr.life/s/iQZNp', '0', '', 'https://mwrlifeapp.com/assets/media/04c663fc1fc788803ee5799fadc70c74.mp4', 0, '2019-01-26 03:01:18', '0000-00-00 00:00:00', 1),
(25, 'zmQyw', 5, '', 0, 'mwr.life/s/zmQyw', '0', '', 'https://mwrlifeapp.com/assets/media/04c663fc1fc788803ee5799fadc70c74.mp4', 0, '2019-01-26 03:01:51', '0000-00-00 00:00:00', 1),
(26, '3dELu', 5, 'Vajsi', 1, 'mwr.life/s/3dELu', '0', '', 'https://mwrlifeapp.com/assets/media/04c663fc1fc788803ee5799fadc70c74.mp4', 0, '2019-01-28 07:01:19', '2019-02-05 10:50:52', 1),
(27, 'GUkgG', 5, 'Num+Email', 1, 'mwr.life/s/GUkgG', '0', '', 'https://mwrlifeapp.com/assets/media/04c663fc1fc788803ee5799fadc70c74.mp4', 0, '2019-01-28 07:01:41', '2019-02-05 10:50:52', 1),
(28, 'y2kFM', 5, '', 0, 'mwr.life/s/y2kFM', '0', '', 'https://mwrlifeapp.com/assets/media/04c663fc1fc788803ee5799fadc70c74.mp4', 0, '2019-01-28 08:01:36', '0000-00-00 00:00:00', 1),
(29, 'ayLfo', 5, '', 0, 'mwr.life/s/ayLfo', '0', '', 'https://mwrlifeapp.com/assets/media/04c663fc1fc788803ee5799fadc70c74.mp4', 0, '2019-01-28 10:01:29', '0000-00-00 00:00:00', 1),
(30, 'VjJby', 5, '', 0, 'mwr.life/s/VjJby', '0', '', 'https://mwrlifeapp.com/assets/media/04c663fc1fc788803ee5799fadc70c74.mp4', 0, '2019-01-28 11:01:51', '0000-00-00 00:00:00', 1),
(31, 'A3QRm', 5, '', 0, 'mwr.life/s/A3QRm', '0', '', 'https://mwrlifeapp.com/assets/media/04c663fc1fc788803ee5799fadc70c74.mp4', 0, '2019-01-28 11:01:25', '0000-00-00 00:00:00', 1),
(32, '4vn90', 5, '', 0, 'mwr.life/s/4vn90', '0', '', 'https://mwrlifeapp.com/assets/media/04c663fc1fc788803ee5799fadc70c74.mp4', 0, '2019-01-28 11:01:29', '0000-00-00 00:00:00', 1),
(33, '7mSI1', 5, 'Chinmay Patel', 1, 'mwr.life/s/7mSI1', '0', '', 'https://mwrlifeapp.com/assets/media/04c663fc1fc788803ee5799fadc70c74.mp4', 0, '2019-01-28 11:01:47', '2019-02-05 10:50:52', 1),
(34, 'MMZUU', 5, 'Abhimanyu Dhaval', 1, 'mwr.life/s/MMZUU', '0', '', 'https://mwrlifeapp.com/assets/media/04c663fc1fc788803ee5799fadc70c74.mp4', 0, '2019-01-28 12:01:44', '2019-02-05 10:50:52', 1),
(35, 'Gp5xS', 5, 'Ambulance', 1, 'mwr.life/s/Gp5xS', '0', '', 'https://mwrlifeapp.com/assets/media/04c663fc1fc788803ee5799fadc70c74.mp4', 0, '2019-01-28 12:01:11', '2019-02-05 10:50:52', 1),
(36, 'pRgPr', 5, 'Chinmay Patel', 1, 'mwr.life/s/pRgPr', '0', '', 'https://mwrlifeapp.com/assets/media/04c663fc1fc788803ee5799fadc70c74.mp4', 0, '2019-01-28 12:01:18', '2019-02-05 10:50:52', 1),
(37, 'S727l', 5, 'ALEntertainment', 1, 'mwr.life/s/S727l', '0', '', 'https://mwrlifeapp.com/assets/media/04c663fc1fc788803ee5799fadc70c74.mp4', 0, '2019-01-28 12:01:40', '2019-02-05 10:50:52', 1),
(38, 'gIhXB', 5, 'AA Test Contact Aaa', 1, 'mwr.life/s/gIhXB', '0', '', 'https://mwrlifeapp.com/assets/media/04c663fc1fc788803ee5799fadc70c74.mp4', 0, '2019-01-28 12:01:59', '2019-02-05 10:50:52', 1),
(39, 'LkyRk', 5, 'Abhimanyu Dhaval', 1, 'mwr.life/s/LkyRk', '0', '', 'https://mwrlifeapp.com/assets/media/04c663fc1fc788803ee5799fadc70c74.mp4', 0, '2019-01-28 12:01:56', '2019-02-05 10:50:52', 1),
(40, 'PNM2L', 5, 'Amit siddhpura', 1, 'mwr.life/s/PNM2L', '0', '', 'https://mwrlifeapp.com/assets/media/04c663fc1fc788803ee5799fadc70c74.mp4', 0, '2019-01-28 12:01:35', '2019-02-05 10:50:52', 1),
(41, 'UUtER', 5, 'Chinmay Patel', 1, 'mwr.life/s/UUtER', '0', '', 'https://mwrlifeapp.com/assets/media/04c663fc1fc788803ee5799fadc70c74.mp4', 0, '2019-01-28 12:01:35', '2019-02-05 10:50:52', 1),
(42, 'zLGZ1', 5, 'Abhishek Don gang', 1, 'mwr.life/s/zLGZ1', '0', '', 'https://mwrlifeapp.com/assets/media/04c663fc1fc788803ee5799fadc70c74.mp4', 0, '2019-01-28 12:01:57', '2019-02-05 10:50:52', 1),
(43, 'IYj9U', 5, 'Chinmay Patel', 1, 'mwr.life/s/IYj9U', '0', '', 'https://mwrlifeapp.com/assets/media/04c663fc1fc788803ee5799fadc70c74.mp4', 0, '2019-01-28 12:01:07', '2019-02-05 10:50:52', 1),
(44, 'uWG6i', 5, 'Chinmay Patel', 1, 'mwr.life/s/uWG6i', '0', '', 'https://mwrlifeapp.com/assets/media/04c663fc1fc788803ee5799fadc70c74.mp4', 0, '2019-01-28 01:01:01', '2019-02-05 10:50:52', 1),
(45, 'x1wNy', 5, 'Ajay Misra', 1, 'mwr.life/s/x1wNy', '0', '', 'https://mwrlifeapp.com/assets/media/04c663fc1fc788803ee5799fadc70c74.mp4', 0, '2019-01-28 01:01:53', '2019-02-05 10:50:52', 1),
(46, 'W9wUj', 5, 'Chinmay Patel', 1, 'mwr.life/s/W9wUj', '0', '', 'https://mwrlifeapp.com/assets/media/04c663fc1fc788803ee5799fadc70c74.mp4', 0, '2019-01-28 01:01:41', '2019-02-05 10:50:52', 1),
(47, 'bliYy', 5, 'Viral Mithani', 1, 'mwr.life/s/bliYy', '0', '', 'https://mwrlifeapp.com/assets/media/04c663fc1fc788803ee5799fadc70c74.mp4', 0, '2019-01-28 01:01:24', '2019-02-05 10:50:52', 1),
(48, 'Yl2EE', 5, '336718165484', 1, 'mwr.life/s/Yl2EE', '0', '', 'https://mwrlifeapp.com/assets/media/04c663fc1fc788803ee5799fadc70c74.mp4', 0, '2019-01-28 02:01:56', '2019-02-05 10:50:52', 1),
(49, 'iGUi4', 5, 'Abc Test', 1, 'mwr.life/s/iGUi4', '0', '', 'https://mwrlifeapp.com/assets/media/04c663fc1fc788803ee5799fadc70c74.mp4', 0, '2019-01-28 02:01:37', '2019-02-05 10:50:52', 1),
(50, 'Xi0Lx', 5, 'AA Test Contact Aaa', 1, 'mwr.life/s/Xi0Lx', '0', '', 'https://mwrlifeapp.com/assets/media/04c663fc1fc788803ee5799fadc70c74.mp4', 0, '2019-01-28 02:01:05', '2019-02-05 10:50:52', 1),
(51, 'lnXIH', 5, 'Abhimanyu Dhaval', 1, 'mwr.life/s/lnXIH', '0', '', 'https://mwrlifeapp.com/assets/media/04c663fc1fc788803ee5799fadc70c74.mp4', 0, '2019-01-28 02:01:07', '2019-02-05 10:50:52', 1),
(52, 'XVUpf', 5, 'Abc Test', 1, 'mwr.life/s/XVUpf', '0', '', 'https://mwrlifeapp.com/assets/media/04c663fc1fc788803ee5799fadc70c74.mp4', 0, '2019-01-28 02:01:54', '2019-02-05 10:50:52', 1),
(53, '0jqF0', 5, 'Ajay Misra', 1, 'mwr.life/s/0jqF0', '0', '', 'https://mwrlifeapp.com/assets/media/04c663fc1fc788803ee5799fadc70c74.mp4', 0, '2019-01-29 06:01:50', '2019-02-05 10:50:52', 1),
(54, '14tAM', 13, 'Aadil', 7, 'mwr.life/s/14tAM', '0', '', 'https://mwrlifeapp.com/assets/media/https://www.youtube.com/watch?v=ikCDbUM8Zn8', 0, '2019-01-29 12:01:21', '2019-02-15 12:40:54', 1),
(55, 'bYJJG', 13, '00 46 79879874545', 7, 'mwr.life/s/bYJJG', '0', '', 'https://mwrlifeapp.com/assets/media/https://www.youtube.com/watch?v=ikCDbUM8Zn8', 0, '2019-01-29 12:01:30', '2019-02-15 12:40:54', 1),
(56, 'gvdxX', 13, 'Aaaa A', 7, 'mwr.life/s/gvdxX', '0', '', 'https://mwrlifeapp.com/assets/media/https://www.youtube.com/watch?v=ikCDbUM8Zn8', 0, '2019-01-29 12:01:43', '2019-02-15 12:40:54', 1),
(57, 'YwUF0', 13, 'Aaaa A', 8, 'mwr.life/s/YwUF0', '0', '', 'https://mwrlifeapp.com/assets/media/https://www.youtube.com/watch?v=1iq4zDe2970', 0, '2019-01-29 12:01:26', '0000-00-00 00:00:00', 1),
(58, 'Y9S00', 13, 'Dodiya Dilip One', 8, 'mwr.life/s/Y9S00', '0', '', 'https://mwrlifeapp.com/assets/media/https://www.youtube.com/watch?v=1iq4zDe2970', 0, '2019-01-29 12:01:51', '0000-00-00 00:00:00', 1),
(59, 'nF0tt', 13, 'Navodita', 8, 'mwr.life/s/nF0tt', '0', '', 'https://mwrlifeapp.com/assets/media/https://www.youtube.com/watch?v=1iq4zDe2970', 0, '2019-01-29 12:01:55', '0000-00-00 00:00:00', 1),
(60, 'J5rcH', 13, '+639276644915', 4, 'mwr.life/s/J5rcH', '0', '', 'https://www.mwrlife.fr/home', 0, '2019-01-29 01:01:40', '0000-00-00 00:00:00', 1),
(61, 'Ys0hb', 17, 'Brenda', 8, 'mwr.life/s/Ys0hb', '0', '', 'https://mwrlifeapp.com/assets/media/https://www.youtube.com/watch?v=1iq4zDe2970', 0, '2019-01-29 02:01:04', '2019-04-28 12:27:51', 1),
(62, '7hljb', 17, 'Bogdan', 8, 'mwr.life/s/7hljb', '0', '', 'https://mwrlifeapp.com/assets/media/https://www.youtube.com/watch?v=1iq4zDe2970', 0, '2019-01-29 02:01:24', '0000-00-00 00:00:00', 1),
(63, 'uvhwL', 13, 'Brenda', 8, 'mwr.life/s/uvhwL', '0', '', 'https://mwrlifeapp.com/assets/media/https://www.youtube.com/watch?v=1iq4zDe2970', 0, '2019-01-29 09:01:11', '2019-04-28 12:27:49', 1),
(64, 'EijbA', 13, 'Brenda', 8, 'mwr.life/s/EijbA', '0', '', 'https://mwrlifeapp.com/assets/media/https://www.youtube.com/watch?v=1iq4zDe2970', 0, '2019-01-29 09:01:46', '2019-04-28 12:27:49', 1),
(65, '0U4V7', 5, '', 0, 'mwr.life/s/0U4V7', '0', '', 'https://mwrlifeapp.com/assets/media/3e47d0f8d8adb8f768b326f3d7942995.pdf', 0, '2019-01-30 07:01:47', '0000-00-00 00:00:00', 1),
(66, 'kwF0Z', 5, '', 0, 'mwr.life/s/kwF0Z', '0', '', 'https://mwrlifeapp.com/assets/media/3e47d0f8d8adb8f768b326f3d7942995.pdf', 0, '2019-01-30 07:01:33', '0000-00-00 00:00:00', 1),
(67, 'B0EvR', 5, '', 0, 'mwr.life/s/B0EvR', '0', '', 'https://mwrlifeapp.com/assets/media/3e47d0f8d8adb8f768b326f3d7942995.pdf', 0, '2019-01-30 08:01:14', '0000-00-00 00:00:00', 1),
(68, 'Ljt3W', 5, '', 0, 'mwr.life/s/Ljt3W', '0', '', 'https://mwrlifeapp.com/assets/media/https://www.youtube.com/watch?v=1iq4zDe2970', 0, '2019-01-30 08:01:31', '0000-00-00 00:00:00', 1),
(69, 'Wtbph', 5, '', 0, 'mwr.life/s/Wtbph', '0', '', 'https://mwrlifeapp.com/assets/media/https://www.youtube.com/watch?v=1iq4zDe2970', 0, '2019-01-30 08:01:48', '0000-00-00 00:00:00', 1),
(70, 'SDL6t', 5, '', 0, 'mwr.life/s/SDL6t', '0', '', 'https://mwrlifeapp.com/assets/media/https://www.youtube.com/watch?v=1iq4zDe2970', 0, '2019-01-30 09:01:50', '0000-00-00 00:00:00', 1),
(71, 'jDSUK', 5, '', 0, 'mwr.life/s/jDSUK', '0', '', 'https://mwrlifeapp.com/assets/media/https://www.youtube.com/watch?v=1iq4zDe2970', 0, '2019-01-30 09:01:03', '0000-00-00 00:00:00', 1),
(72, 'Df35N', 5, '', 0, 'mwr.life/s/Df35N', '0', '', 'https://mwrlifeapp.com/assets/media/https://www.youtube.com/watch?v=1iq4zDe2970', 0, '2019-01-30 09:01:54', '0000-00-00 00:00:00', 1),
(73, 'quEe5', 5, '', 0, 'mwr.life/s/quEe5', '0', '', 'https://mwrlifeapp.com/assets/media/3e47d0f8d8adb8f768b326f3d7942995.pdf', 0, '2019-01-30 09:01:03', '0000-00-00 00:00:00', 1),
(74, '03dz9', 5, '', 0, 'mwr.life/s/03dz9', '0', '', 'https://mwrlifeapp.com/assets/media/https://www.youtube.com/watch?v=1iq4zDe2970', 0, '2019-01-30 09:01:13', '0000-00-00 00:00:00', 1),
(75, 'nWyge', 5, '', 0, 'mwr.life/s/nWyge', '0', '', 'https://www.youtube.com/watch?v=1iq4zDe2970', 0, '2019-01-30 10:01:43', '0000-00-00 00:00:00', 1),
(76, 'LqJ6Q', 5, '', 0, 'mwr.life/s/LqJ6Q', '0', '', 'https://www.youtube.com/watch?v=1iq4zDe2970', 0, '2019-01-30 10:01:11', '0000-00-00 00:00:00', 1),
(77, 'NWJey', 5, '', 0, 'mwr.life/s/NWJey', '0', '', 'https://www.youtube.com/watch?v=1iq4zDe2970', 0, '2019-01-30 10:01:19', '0000-00-00 00:00:00', 1),
(78, 'm4nww', 5, '', 0, 'mwr.life/s/m4nww', '0', '', 'https://www.youtube.com/watch?v=1iq4zDe2970', 0, '2019-01-30 10:01:30', '0000-00-00 00:00:00', 1),
(79, 'QPERu', 5, '', 0, 'mwr.life/s/QPERu', '0', '', 'https://www.youtube.com/watch?v=1iq4zDe2970', 0, '2019-01-30 10:01:31', '0000-00-00 00:00:00', 1),
(80, 'LIbGc', 5, '', 0, 'mwr.life/s/LIbGc', '0', '', 'https://mwrlifeapp.com/assets/media/e907c4d6cf6e8c6fd5845babed6e0036.mp4', 0, '2019-01-30 10:01:36', '0000-00-00 00:00:00', 1),
(81, '4JLj8', 5, '', 0, 'mwr.life/s/4JLj8', '0', '', 'https://www.youtube.com/watch?v=1iq4zDe2970', 0, '2019-01-30 10:01:02', '0000-00-00 00:00:00', 1),
(82, 'RYr0p', 5, '', 0, 'mwr.life/s/RYr0p', '0', '', 'https://www.youtube.com/watch?v=1iq4zDe2970', 0, '2019-01-30 10:01:08', '0000-00-00 00:00:00', 1),
(83, 'VKEd4', 5, '', 0, 'mwr.life/s/VKEd4', '0', '', 'https://www.youtube.com/watch?v=1iq4zDe2970', 0, '2019-01-30 10:01:20', '0000-00-00 00:00:00', 1),
(84, 'jVnHj', 5, '', 0, 'mwr.life/s/jVnHj', '0', '', 'https://www.youtube.com/watch?v=1iq4zDe2970', 0, '2019-01-30 10:01:33', '0000-00-00 00:00:00', 1),
(85, 'DfBQ4', 5, '', 0, 'mwr.life/s/DfBQ4', '0', '', 'https://www.youtube.com/watch?v=1iq4zDe2970', 0, '2019-01-30 10:01:01', '0000-00-00 00:00:00', 1),
(86, 'YTLlx', 5, '', 0, 'mwr.life/s/YTLlx', '0', '', 'https://www.youtube.com/watch?v=1iq4zDe2970', 0, '2019-01-30 10:01:19', '0000-00-00 00:00:00', 1),
(87, 'aY65i', 5, '', 0, 'mwr.life/s/aY65i', '0', '', 'https://mwrlifeapp.com/assets/media/3d8c1d947f55419b2cf1717e09e7c862.mp4', 0, '2019-01-30 10:01:59', '0000-00-00 00:00:00', 1),
(88, 'ZS2yu', 5, '', 0, 'mwr.life/s/ZS2yu', '0', '', 'https://mwrlifeapp.com/assets/media/3d8c1d947f55419b2cf1717e09e7c862.mp4', 0, '2019-01-30 10:01:08', '0000-00-00 00:00:00', 1),
(89, 'NlcPl', 5, '', 0, 'mwr.life/s/NlcPl', '0', '', 'https://mwrlifeapp.com/assets/media/3d8c1d947f55419b2cf1717e09e7c862.mp4', 0, '2019-01-30 10:01:15', '0000-00-00 00:00:00', 1),
(90, '14FG7', 5, '', 0, 'mwr.life/s/14FG7', '0', '', 'https://mwrlifeapp.com/assets/media/f11bc9dfdd62cdfdcb952bff356e65f6.mp4', 0, '2019-01-30 10:01:06', '0000-00-00 00:00:00', 1),
(91, '7eWso', 5, '', 0, 'mwr.life/s/7eWso', '0', '', 'https://mwrlifeapp.com/assets/media/fac8fad01bc477b95ee3a2076bfd5967.mp4', 0, '2019-01-30 10:01:47', '0000-00-00 00:00:00', 1),
(92, 'JhXC9', 5, '+911408939011', 3, 'mwr.life/s/JhXC9', '0', '', 'https://mwrlifeapp.com/assets/media/3e47d0f8d8adb8f768b326f3d7942995.pdf', 0, '2019-01-30 10:01:03', '0000-00-00 00:00:00', 1),
(93, 'jd604', 5, '00', 3, 'mwr.life/s/jd604', '0', '', 'https://mwrlifeapp.com/assets/media/3e47d0f8d8adb8f768b326f3d7942995.pdf', 0, '2019-01-30 10:01:06', '0000-00-00 00:00:00', 1),
(94, 'DiD3k', 13, 'Gaurav Sir', 4, 'mwr.life/s/DiD3k', '0', '', 'https://www.mwrlife.fr/home', 0, '2019-01-30 10:01:36', '0000-00-00 00:00:00', 1),
(95, 'B0Xa1', 5, '', 0, 'mwr.life/s/B0Xa1', '0', '', 'https://www.youtube.com/watch?v=1iq4zDe2970', 0, '2019-01-30 10:01:29', '0000-00-00 00:00:00', 1),
(96, 'es1RZ', 5, '', 0, 'mwr.life/s/es1RZ', '0', '', 'https://mwrlifeapp.com/assets/media/3be611dd8a7fc516dc2ca83a676d9a3f.mp4', 0, '2019-01-30 10:01:14', '0000-00-00 00:00:00', 1),
(97, 'Nt6hB', 5, '', 0, 'mwr.life/s/Nt6hB', '0', '', 'https://mwrlifeapp.com/assets/media/3be611dd8a7fc516dc2ca83a676d9a3f.mp4', 0, '2019-01-30 10:01:21', '0000-00-00 00:00:00', 1),
(98, 'qJEBi', 5, '', 0, 'mwr.life/s/qJEBi', '0', '', 'https://mwrlifeapp.com/assets/media/ebadb460adc3b393b2c86411a2b8966f.mp4', 0, '2019-01-30 10:01:28', '0000-00-00 00:00:00', 1),
(99, 'UyxXs', 5, '', 0, 'mwr.life/s/UyxXs', '0', '', 'https://mwrlifeapp.com/assets/media/ebadb460adc3b393b2c86411a2b8966f.mp4', 0, '2019-01-30 10:01:50', '0000-00-00 00:00:00', 1),
(100, 'MOYuv', 5, '', 0, 'mwr.life/s/MOYuv', '0', '', 'https://mwrlifeapp.com/assets/media/ebadb460adc3b393b2c86411a2b8966f.mp4', 0, '2019-01-30 10:01:18', '0000-00-00 00:00:00', 1),
(101, '6Wwmx', 5, '', 0, 'mwr.life/s/6Wwmx', '0', '', 'https://mwrlifeapp.com/assets/media/ebadb460adc3b393b2c86411a2b8966f.mp4', 0, '2019-01-30 10:01:09', '0000-00-00 00:00:00', 1),
(102, '4hfT6', 5, '', 0, 'mwr.life/s/4hfT6', '0', '', 'https://mwrlifeapp.com/assets/media/3e47d0f8d8adb8f768b326f3d7942995.pdf', 0, '2019-01-30 10:01:34', '0000-00-00 00:00:00', 1),
(103, 'te1Wn', 5, '', 0, 'mwr.life/s/te1Wn', '0', '', 'https://mwrlifeapp.com/assets/media/ebadb460adc3b393b2c86411a2b8966f.mp4', 0, '2019-01-30 11:01:17', '0000-00-00 00:00:00', 1),
(104, 'aIsM7', 5, '', 0, 'mwr.life/s/aIsM7', '0', '', 'https://mwrlifeapp.com/assets/media/3e47d0f8d8adb8f768b326f3d7942995.pdf', 0, '2019-01-30 11:01:36', '0000-00-00 00:00:00', 1),
(105, 'lSs7n', 5, '', 0, 'mwr.life/s/lSs7n', '0', '', 'https://mwrlifeapp.com/assets/media/3e47d0f8d8adb8f768b326f3d7942995.pdf', 0, '2019-01-30 11:01:21', '0000-00-00 00:00:00', 1),
(106, '6Ke9q', 5, '', 0, 'mwr.life/s/6Ke9q', '0', '', 'https://mwrlifeapp.com/assets/media/02f3f94ce16f0261a61dc59d82662876.mp4', 0, '2019-01-30 11:01:26', '0000-00-00 00:00:00', 1),
(107, 'opNfY', 5, '', 0, 'mwr.life/s/opNfY', '0', '', 'https://www.youtube.com/watch?v=1iq4zDe2970', 0, '2019-01-30 11:01:07', '0000-00-00 00:00:00', 1),
(108, 'mhAyh', 5, '', 0, 'mwr.life/s/mhAyh', '0', '', 'https://mwrlifeapp.com/assets/media/3e47d0f8d8adb8f768b326f3d7942995.pdf', 0, '2019-01-30 11:01:11', '0000-00-00 00:00:00', 1),
(109, 'XOjIj', 5, '', 0, 'mwr.life/s/XOjIj', '0', '', 'https://www.youtube.com/watch?v=1iq4zDe2970', 0, '2019-01-30 11:01:43', '0000-00-00 00:00:00', 1),
(110, '3iCZv', 5, '', 0, 'mwr.life/s/3iCZv', '0', '', 'https://www.youtube.com/watch?v=1iq4zDe2970', 0, '2019-01-30 11:01:07', '0000-00-00 00:00:00', 1),
(111, '5Eh38', 5, '', 0, 'mwr.life/s/5Eh38', '0', '', 'https://www.youtube.com/watch?v=1iq4zDe2970', 0, '2019-01-30 11:01:42', '0000-00-00 00:00:00', 1),
(112, '2p8cr', 5, '', 0, 'mwr.life/s/2p8cr', '0', '', 'https://www.youtube.com/watch?v=1iq4zDe2970', 0, '2019-01-30 11:01:04', '0000-00-00 00:00:00', 1),
(113, 'Ts5cF', 13, 'Shubham', 4, 'mwr.life/s/Ts5cF', '0', '', 'https://www.mwrlife.fr/home', 0, '2019-01-30 12:01:30', '0000-00-00 00:00:00', 1),
(114, 'YnJxz', 13, 'Shubham', 4, 'mwr.life/s/YnJxz', '0', '', 'https://www.mwrlife.fr/home', 0, '2019-01-30 12:01:43', '0000-00-00 00:00:00', 1),
(115, 'cOIod', 13, 'Shubham', 4, 'mwr.life/s/cOIod', '0', '', 'https://www.mwrlife.fr/home', 0, '2019-01-30 12:01:49', '0000-00-00 00:00:00', 1),
(116, 'CxmNh', 13, 'Shubham', 4, 'mwr.life/s/CxmNh', '0', '', 'https://www.mwrlife.fr/home', 0, '2019-01-30 12:01:04', '0000-00-00 00:00:00', 1),
(117, 'EFhx3', 13, 'Shubham', 4, 'mwr.life/s/EFhx3', '0', '', 'https://www.mwrlife.fr/home', 0, '2019-01-30 12:01:10', '0000-00-00 00:00:00', 1),
(118, 'KojV9', 13, 'Shubham', 4, 'mwr.life/s/KojV9', '0', '', 'https://www.mwrlife.fr/home', 0, '2019-01-30 12:01:57', '0000-00-00 00:00:00', 1),
(119, 'SCA6b', 5, 'Num+Email', 22, 'mwr.life/s/SCA6b', '0', '', 'https://mwrlifeapp.com/assets/media/8553b586d4c2a42161f2ec254ca3b355.mp4', 0, '2019-01-30 01:01:25', '0000-00-00 00:00:00', 1),
(120, 'yq1rN', 5, 'Num+Email', 22, 'mwr.life/s/yq1rN', '0', '', 'https://mwrlifeapp.com/assets/media/8553b586d4c2a42161f2ec254ca3b355.mp4', 0, '2019-01-30 01:01:26', '0000-00-00 00:00:00', 1),
(121, 'b6AAh', 5, 'Num+Email', 22, 'mwr.life/s/b6AAh', '0', '', 'https://mwrlifeapp.com/assets/media/8553b586d4c2a42161f2ec254ca3b355.mp4', 0, '2019-01-30 01:01:41', '0000-00-00 00:00:00', 1),
(122, 'egIht', 13, 'Gaurav Sir', 24, 'mwr.life/s/egIht', '0', '', 'https://mwrlifeapp.com/assets/media/5b7d8e6cad59d2898b3e94b8cfe2d9c3.mp4', 0, '2019-01-30 01:01:20', '2019-02-15 11:35:37', 1),
(123, 'Rv3Md', 13, 'Dodiya Dilip One', 25, 'mwr.life/s/Rv3Md', '0', '', 'https://www.youtube.com/watch?v=5MF6tIh0zfA', 0, '2019-01-30 01:01:06', '0000-00-00 00:00:00', 1),
(124, 'FOx6p', 13, 'Gaurav Sir', 26, 'mwr.life/s/FOx6p', '0', '', 'https://www.mwrlife.fr/home', 0, '2019-01-30 01:01:17', '0000-00-00 00:00:00', 1),
(125, 'j2CqR', 5, 'Num+Email', 24, 'mwr.life/s/j2CqR', '0', '', 'https://mwrlifeapp.com/assets/media/5b7d8e6cad59d2898b3e94b8cfe2d9c3.mp4', 0, '2019-01-30 01:01:10', '2019-02-15 11:35:37', 1),
(126, 'ao72O', 5, '', 0, 'mwr.life/s/ao72O', '0', '', 'https://mwrlifeapp.com/assets/media/5b7d8e6cad59d2898b3e94b8cfe2d9c3.mp4', 0, '2019-01-30 01:01:43', '0000-00-00 00:00:00', 1),
(127, 'i7ZDY', 5, 'Vajsi', 24, 'mwr.life/s/i7ZDY', '0', '', 'https://mwrlifeapp.com/assets/media/5b7d8e6cad59d2898b3e94b8cfe2d9c3.mp4', 0, '2019-01-30 01:01:36', '2019-02-15 11:35:37', 1),
(128, 'zvuBg', 13, 'Dodiya Dilip One', 27, 'mwr.life/s/zvuBg', '0', '', 'https://mwrlifeapp.com/assets/media/8ee243a6eadd94255d7d14000923bd64.pdf', 0, '2019-01-30 01:01:07', '2019-02-25 01:23:04', 1),
(129, 'D9YFo', 5, 'Vajsi', 24, 'mwr.life/s/D9YFo', '0', '', 'https://mwrlifeapp.com/assets/media/5b7d8e6cad59d2898b3e94b8cfe2d9c3.mp4', 0, '2019-01-30 01:01:12', '2019-02-15 11:35:37', 1),
(130, 'lk77W', 5, '', 0, 'mwr.life/s/lk77W', '0', '', 'https://mwrlifeapp.com/assets/media/5b7d8e6cad59d2898b3e94b8cfe2d9c3.mp4', 0, '2019-01-30 02:01:48', '0000-00-00 00:00:00', 1),
(131, 'dHBEM', 5, '', 0, 'mwr.life/s/dHBEM', '0', '', 'https://mwrlifeapp.com/assets/media/5b7d8e6cad59d2898b3e94b8cfe2d9c3.mp4', 0, '2019-01-30 02:01:19', '0000-00-00 00:00:00', 1),
(132, 'xAKjp', 5, '', 0, 'mwr.life/s/xAKjp', '0', '', 'https://www.youtube.com/watch?v=5MF6tIh0zfA', 0, '2019-01-30 02:01:32', '0000-00-00 00:00:00', 1),
(133, 'UZ1j1', 5, '', 0, 'mwr.life/s/UZ1j1', '0', '', 'https://www.youtube.com/watch?v=5MF6tIh0zfA', 0, '2019-01-30 02:01:43', '0000-00-00 00:00:00', 1),
(134, 'LnBNc', 5, '+91 6351 570 395', 25, 'mwr.life/s/LnBNc', '0', '', 'https://www.youtube.com/watch?v=5MF6tIh0zfA', 0, '2019-01-30 04:01:33', '0000-00-00 00:00:00', 1),
(135, 'R2F1Y', 13, 'Brenda', 29, 'mwr.life/s/R2F1Y', '0', '', 'https://mwrlifeapp.com/assets/media/89cd3c644e0ab6bc3e30817f368442c3.pdf', 0, '2019-01-30 06:01:17', '2019-04-28 12:27:46', 1),
(136, 'JHgzE', 5, 'Apna Apna', 24, 'mwr.life/s/JHgzE', '0', '', 'https://mwrlifeapp.com/assets/media/5b7d8e6cad59d2898b3e94b8cfe2d9c3.mp4', 0, '2019-01-31 06:01:18', '2019-02-15 11:35:37', 1),
(137, 'E1pZC', 5, 'Chinmay Oneclick', 27, 'mwr.life/s/E1pZC', '0', '', 'https://mwrlifeapp.com/assets/media/8ee243a6eadd94255d7d14000923bd64.pdf', 0, '2019-01-31 06:01:40', '2019-02-25 01:23:04', 1),
(138, '4wpZV', 5, 'Chinmay Oneclick', 24, 'mwr.life/s/4wpZV', '0', '', 'https://mwrlifeapp.com/assets/media/5b7d8e6cad59d2898b3e94b8cfe2d9c3.mp4', 0, '2019-01-31 06:01:56', '2019-02-15 11:35:37', 1),
(139, 'IrVBV', 5, 'Chinmay Oneclick', 24, 'mwr.life/s/IrVBV', '0', '', 'https://mwrlifeapp.com/assets/media/5b7d8e6cad59d2898b3e94b8cfe2d9c3.mp4', 0, '2019-01-31 06:01:40', '2019-02-15 11:35:37', 1),
(140, 'lRRSW', 5, 'Chinmay Oneclick', 24, 'mwr.life/s/lRRSW', '0', '', 'https://mwrlifeapp.com/assets/media/5b7d8e6cad59d2898b3e94b8cfe2d9c3.mp4', 0, '2019-01-31 06:01:47', '2019-02-15 11:35:37', 1),
(141, 'G0r3W', 5, 'Viral Mithani', 24, 'mwr.life/s/G0r3W', '0', '', 'https://mwrlifeapp.com/assets/media/5b7d8e6cad59d2898b3e94b8cfe2d9c3.mp4', 0, '2019-01-31 07:01:26', '2019-02-15 11:35:37', 1),
(142, 'KDy5X', 5, 'Viral Mithani', 24, 'mwr.life/s/KDy5X', '0', '', 'https://mwrlifeapp.com/assets/media/5b7d8e6cad59d2898b3e94b8cfe2d9c3.mp4', 0, '2019-01-31 07:01:30', '2019-02-15 11:35:37', 1),
(143, 'qWkUg', 5, 'Apna Apna', 26, 'mwr.life/s/qWkUg', '0', '', 'https://www.mwrlife.fr/home', 0, '2019-01-31 07:01:14', '0000-00-00 00:00:00', 1),
(144, 'gPjFD', 5, 'Chinmay Patel', 24, 'mwr.life/s/gPjFD', '0', '', 'https://mwrlifeapp.com/assets/media/5b7d8e6cad59d2898b3e94b8cfe2d9c3.mp4', 0, '2019-01-31 08:01:03', '2019-02-15 11:35:37', 1),
(145, 'YcOhz', 5, 'ACCOUNT INFO', 24, 'mwr.life/s/YcOhz', '0', '', 'https://mwrlifeapp.com/assets/media/5b7d8e6cad59d2898b3e94b8cfe2d9c3.mp4', 0, '2019-01-31 02:01:59', '2019-02-15 11:35:37', 1),
(146, '6BGPi', 5, 'A V Patel', 24, 'mwr.life/s/6BGPi', '0', '', 'https://mwrlifeapp.com/assets/media/5b7d8e6cad59d2898b3e94b8cfe2d9c3.mp4', 0, '2019-01-31 02:01:37', '2019-02-15 11:35:37', 1),
(147, 'nQKib', 13, 'Kevin', 29, 'mwr.life/s/nQKib', '0', '', 'https://mwrlifeapp.com/assets/media/89cd3c644e0ab6bc3e30817f368442c3.pdf', 0, '2019-01-31 03:01:32', '2019-02-25 01:18:11', 1),
(148, 'yNHxt', 13, 'Kevin', 29, 'mwr.life/s/yNHxt', '0', '', 'https://mwrlifeapp.com/assets/media/89cd3c644e0ab6bc3e30817f368442c3.pdf', 0, '2019-01-31 03:01:40', '2019-02-25 01:18:11', 1),
(149, 'LZ8ua', 5, '+628815512014', 24, 'mwr.life/s/LZ8ua', '0', '', 'https://mwrlifeapp.com/assets/media/5b7d8e6cad59d2898b3e94b8cfe2d9c3.mp4', 0, '2019-02-01 06:02:30', '2019-02-15 11:35:37', 1),
(150, 'PzpD5', 13, 'Gaurav Sir', 24, 'mwr.life/s/PzpD5', '0', '', 'https://mwrlifeapp.com/assets/media/5b7d8e6cad59d2898b3e94b8cfe2d9c3.mp4', 0, '2019-02-01 06:02:48', '2019-02-15 11:35:37', 1),
(151, 'RA4kP', 5, 'ABC', 30, 'mwr.life/s/RA4kP', '0', '', 'https://www.youtube.com/watch?v=Whhg7v5Jef8', 0, '2019-02-01 07:02:00', '2019-03-04 12:02:43', 1),
(152, 'LcT5j', 5, 'Rkarora A bad111', 24, 'mwr.life/s/LcT5j', '0', '', 'https://mwrlifeapp.com/assets/media/5b7d8e6cad59d2898b3e94b8cfe2d9c3.mp4', 0, '2019-02-01 11:02:31', '2019-02-15 11:35:37', 1),
(153, 'JGlSS', 5, 'Rkarora A bad111', 30, 'mwr.life/s/JGlSS', '0', '', 'https://www.youtube.com/watch?v=Whhg7v5Jef8', 0, '2019-02-01 11:02:37', '2019-02-19 09:50:44', 1),
(154, 'nHMQo', 5, 'Rkarora A bad111', 30, 'mwr.life/s/nHMQo', '0', '', 'https://www.youtube.com/watch?v=Whhg7v5Jef8', 0, '2019-02-01 12:02:52', '2019-02-19 09:50:44', 1),
(155, 'trZ3h', 5, 'Rkarora A bad111', 30, 'mwr.life/s/trZ3h', '0', '73652B7F-EEC3-43E5-9FFF-94B1011B89A7', 'https://www.youtube.com/watch?v=Whhg7v5Jef8', 0, '2019-02-01 01:02:55', '2019-02-19 09:50:44', 1),
(156, 'AWrai', 5, 'Rkarora A bad111', 30, 'mwr.life/s/AWrai', '0', '73652B7F-EEC3-43E5-9FFF-94B1011B89A7', 'https://www.youtube.com/watch?v=Whhg7v5Jef8', 0, '2019-02-01 01:02:01', '2019-02-19 09:50:44', 1),
(157, 'vF1UN', 5, 'Rkarora A bad111', 30, 'mwr.life/s/vF1UN', '0', '73652B7F-EEC3-43E5-9FFF-94B1011B89A7', 'https://www.youtube.com/watch?v=Whhg7v5Jef8', 0, '2019-02-01 01:02:07', '2019-02-19 09:50:44', 1),
(158, 'K4U1S', 5, '+91 96 01 197012', 30, 'mwr.life/s/K4U1S', '0', '', 'https://www.youtube.com/watch?v=Whhg7v5Jef8', 0, '2019-02-01 02:02:55', '2019-02-19 09:50:44', 1),
(159, '4tJwq', 5, 'Chinmay Patel', 30, 'mwr.life/s/4tJwq', '0', '299D33D6-346A-4F24-9F27-D27ABCB18B75:ABPerson', 'https://www.youtube.com/watch?v=Whhg7v5Jef8', 0, '2019-02-02 06:02:48', '2019-02-19 09:50:44', 1),
(160, 'sIRlf', 5, 'Viral Mithani', 30, 'mwr.life/s/sIRlf', '0', 'F0180197-6E67-4D62-8EB9-4D703C5323C0', 'https://www.youtube.com/watch?v=Whhg7v5Jef8', 0, '2019-02-02 07:02:55', '2019-02-19 09:50:44', 1),
(161, 'R2Dw6', 5, 'Gaurav Modi', 30, 'mwr.life/s/R2Dw6', '0', '39CDAA15-2F34-4EF0-9771-516CC8887E2E', 'https://www.youtube.com/watch?v=Whhg7v5Jef8', 0, '2019-02-02 07:02:50', '2019-02-19 09:50:44', 1),
(162, '5eaC9', 5, 'Apple Cab Ahmedabad', 30, 'mwr.life/s/5eaC9', '0', '5EB1D815-0E40-4456-98E8-15295F00946C', 'https://www.youtube.com/watch?v=Whhg7v5Jef8', 0, '2019-02-02 07:02:32', '2019-02-19 09:50:44', 1),
(163, 'GFDhj', 5, 'Apple Cab Ahmedabad', 30, 'mwr.life/s/GFDhj', '0', '5EB1D815-0E40-4456-98E8-15295F00946C', 'https://www.youtube.com/watch?v=Whhg7v5Jef8', 0, '2019-02-02 07:02:38', '2019-02-19 09:50:44', 1),
(164, '07Ikm', 5, 'Apple Cab Ahmedabad', 30, 'mwr.life/s/07Ikm', '0', '5EB1D815-0E40-4456-98E8-15295F00946C', 'https://www.youtube.com/watch?v=Whhg7v5Jef8', 0, '2019-02-02 07:02:43', '2019-02-19 09:50:44', 1),
(165, 'dmv7a', 13, 'Gaurav Sir', 24, 'mwr.life/s/dmv7a', '0', '', 'https://mwrlifeapp.com/assets/media/5b7d8e6cad59d2898b3e94b8cfe2d9c3.mp4', 0, '2019-02-02 07:02:47', '2019-02-15 11:35:37', 1),
(166, '4z9Xl', 5, 'Arora Raj kishore', 30, 'mwr.life/s/4z9Xl', '0', '8D4D9E12-136C-42DA-8594-CF02C65575D3', 'https://www.youtube.com/watch?v=Whhg7v5Jef8', 0, '2019-02-02 10:02:06', '2019-02-19 09:50:44', 1),
(167, 'hP62q', 5, '+91 6351 570 395', 30, 'mwr.life/s/hP62q', '0', '', 'https://www.youtube.com/watch?v=Whhg7v5Jef8', 0, '2019-02-02 02:02:04', '2019-02-19 09:50:44', 1),
(168, 'SK2Kg', 5, '+91 96 01 197012', 30, 'mwr.life/s/SK2Kg', '0', '', 'https://www.youtube.com/watch?v=Whhg7v5Jef8', 0, '2019-02-02 02:02:12', '2019-02-19 09:50:44', 1),
(169, 'ldXFF', 5, '+91 96 01 197012', 27, 'mwr.life/s/ldXFF', '0', '', 'https://mwrlifeapp.com/assets/media/8ee243a6eadd94255d7d14000923bd64.pdf', 0, '2019-02-02 02:02:33', '2019-02-25 01:23:04', 1),
(170, 'jqPbv', 5, '+91 96 01 197012', 27, 'mwr.life/s/jqPbv', '0', '', 'https://mwrlifeapp.com/assets/media/8ee243a6eadd94255d7d14000923bd64.pdf', 0, '2019-02-02 02:02:51', '2019-02-25 01:23:04', 1),
(171, 'jjWRV', 5, '+91 6351 570 395', 32, 'mwr.life/s/jjWRV', '0', '', 'https://mwrlifeapp.com/assets/media/c6abe5f41d617eb144e741321a226a89.jpeg', 0, '2019-02-02 02:02:04', '2019-02-02 03:10:35', 1),
(172, 'm3IdM', 5, '+91 6351 570 395', 27, 'mwr.life/s/m3IdM', '0', '', 'https://mwrlifeapp.com/assets/media/8ee243a6eadd94255d7d14000923bd64.pdf', 0, '2019-02-02 02:02:29', '2019-02-25 01:23:04', 1),
(173, 'qkOHI', 5, '+91 96 01 197012', 27, 'mwr.life/s/qkOHI', '0', '', 'https://mwrlifeapp.com/assets/media/8ee243a6eadd94255d7d14000923bd64.pdf', 0, '2019-02-02 02:02:40', '2019-02-25 01:23:04', 1),
(174, 'wPsdd', 5, '+91 96 01 197012', 27, 'mwr.life/s/wPsdd', '0', '', 'https://mwrlifeapp.com/assets/media/8ee243a6eadd94255d7d14000923bd64.pdf', 0, '2019-02-02 02:02:59', '2019-02-25 01:23:04', 1),
(175, 'ZFqQn', 5, '+91 96 01 197012', 32, 'mwr.life/s/ZFqQn', '0', '', 'https://mwrlifeapp.com/assets/media/c6abe5f41d617eb144e741321a226a89.jpeg', 0, '2019-02-02 02:02:08', '2019-02-02 03:10:35', 1),
(176, 'meLWw', 5, '7747 7', 32, 'mwr.life/s/meLWw', '0', '', 'https://mwrlifeapp.com/assets/media/c6abe5f41d617eb144e741321a226a89.jpeg', 0, '2019-02-02 02:02:13', '2019-02-02 03:10:35', 1),
(177, 'tpOrM', 5, 'Agile', 32, 'mwr.life/s/tpOrM', '0', '', 'https://mwrlifeapp.com/assets/media/c6abe5f41d617eb144e741321a226a89.jpeg', 0, '2019-02-02 02:02:21', '2019-02-02 03:10:35', 1),
(178, 'qMpbH', 5, 'Chinmay Oneclick', 32, 'mwr.life/s/qMpbH', '0', '', 'https://mwrlifeapp.com/assets/media/c6abe5f41d617eb144e741321a226a89.jpeg', 0, '2019-02-02 03:02:14', '2019-02-02 03:10:35', 1),
(179, 'TvZeW', 5, '+91 6351 570 395', 30, 'mwr.life/s/TvZeW', '0', '', 'https://www.youtube.com/watch?v=Whhg7v5Jef8', 0, '2019-02-02 05:02:04', '2019-02-19 09:50:44', 1),
(180, 'zPFKq', 5, '+91 96 01 197012', 30, 'mwr.life/s/zPFKq', '0', '', 'https://www.youtube.com/watch?v=Whhg7v5Jef8', 0, '2019-02-02 05:02:11', '2019-02-19 09:50:44', 1),
(181, 'xK739', 17, '', 0, 'mwr.life/s/xK739', '0', '', 'https://www.mwrlife.com/demo/signup-traveladvantagepro', 0, '2019-02-02 09:02:22', '0000-00-00 00:00:00', 1),
(182, 'KnkGc', 17, 'ANTHONY', 24, 'mwr.life/s/KnkGc', '0', '', 'https://mwrlifeapp.com/assets/media/5b7d8e6cad59d2898b3e94b8cfe2d9c3.mp4', 0, '2019-02-02 10:02:45', '2019-02-15 11:35:37', 1),
(183, 'Fg0Aj', 5, '+91 96 01 197012', 30, 'mwr.life/s/Fg0Aj', '0', '', 'https://www.youtube.com/watch?v=Whhg7v5Jef8', 0, '2019-02-03 06:02:28', '2019-02-19 09:50:44', 1),
(184, 'ludSV', 13, '', 0, 'mwr.life/s/ludSV', '0', '', 'https://www.mwrlife.com/UnitedLifeServices/signup-traveladvantagepro', 0, '2019-02-04 10:02:25', '0000-00-00 00:00:00', 1),
(185, 'DP6vh', 5, 'Only', 30, 'mwr.life/s/DP6vh', '0', '', 'https://www.youtube.com/watch?v=Whhg7v5Jef8', 0, '2019-02-05 06:02:16', '2019-02-19 09:50:44', 1),
(186, 'DMfyN', 5, 'Only', 30, 'mwr.life/s/DMfyN', '0', '', 'https://www.youtube.com/watch?v=Whhg7v5Jef8', 0, '2019-02-05 07:02:36', '2019-02-19 09:50:44', 1),
(187, 'l4JAh', 5, 'Only', 30, 'mwr.life/s/l4JAh', '0', '', 'https://www.youtube.com/watch?v=Whhg7v5Jef8', 0, '2019-02-05 07:02:38', '2019-02-19 09:50:44', 1),
(188, 'ARKmB', 12, 'A V Patel', 34, 'mwr.life/s/ARKmB', '0', '8C9CBBFB-450C-4097-8AA2-3A63DE1EDBE9', 'https://www.youtube.com/watch?v=ikCDbUM8Zn8', 0, '2019-02-05 07:02:13', '2019-02-14 08:08:06', 1),
(189, 'uoXbw', 13, 'A V Patel', 34, 'mwr.life/s/uoXbw', '0', '8C9CBBFB-450C-4097-8AA2-3A63DE1EDBE9', 'https://www.youtube.com/watch?v=ikCDbUM8Zn8', 0, '2019-02-05 07:02:32', '2019-02-14 08:08:06', 1),
(190, 'bAPzb', 13, 'A V Patel', 34, 'mwr.life/s/bAPzb', '0', '8C9CBBFB-450C-4097-8AA2-3A63DE1EDBE9', 'https://www.youtube.com/watch?v=ikCDbUM8Zn8', 0, '2019-02-05 08:02:42', '2019-02-14 08:08:06', 1),
(191, '7MWgp', 5, 'Only', 34, 'mwr.life/s/7MWgp', '0', '3135', 'https://www.youtube.com/watch?v=ikCDbUM8Zn8', 0, '2019-02-05 10:02:13', '2019-02-14 08:08:06', 1),
(192, 'uKK3I', 5, 'Only', 34, 'mwr.life/s/uKK3I', '0', '73', 'https://www.youtube.com/watch?v=ikCDbUM8Zn8', 0, '2019-02-05 10:02:17', '2019-03-02 02:13:03', 1),
(193, 'js9fN', 13, 'Abhishekbiswas', 0, 'mwr.life/s/js9fN', '0', 'E9D780FF-B5E3-468B-80A3-9EDC96D517F8', 'https://www.mwrlife.com/UnitedLifeServices/signup-traveladvantagepro', 0, '2019-02-05 11:02:28', '0000-00-00 00:00:00', 1),
(194, 'Nc9KU', 5, '', 0, 'mwr.life/s/Nc9KU', '0', '', 'https://www.mwrlife.com/v2aubin/signup-traveladvantagepro', 0, '2019-02-05 12:02:03', '2019-03-02 01:36:42', 1),
(195, 'nBAC2', 13, 'Abhishek Sharma', 24, 'mwr.life/s/nBAC2', '0', '247F29B8-7AE7-46B7-8E3B-A80FA5E93786', 'https://mwrlifeapp.com/assets/media/5b7d8e6cad59d2898b3e94b8cfe2d9c3.mp4', 0, '2019-02-05 12:02:37', '2019-02-15 11:35:37', 1),
(196, 'Gj4V3', 13, 'RkaroraA bad111', 0, 'mwr.life/s/Gj4V3', '0', '73652B7F-EEC3-43E5-9FFF-94B1011B89A7', 'https://www.mwrlife.com/UnitedLifeServices/signup-traveladvantagepro', 0, '2019-02-05 12:02:43', '0000-00-00 00:00:00', 1),
(197, 'obXP0', 13, 'ATesting A Test', 0, 'mwr.life/s/obXP0', '0', '4ADF1A61-8798-499F-8714-C4187FD560FD', 'https://www.mwrlife.com/UnitedLifeServices/signup-lite', 0, '2019-02-05 12:02:54', '0000-00-00 00:00:00', 1),
(198, 'UqMnI', 13, 'ATesting A Test', 0, 'mwr.life/s/UqMnI', '0', '4ADF1A61-8798-499F-8714-C4187FD560FD', 'https://www.mwrlife.com/UnitedLifeServices/signup-traveladvantagepro', 0, '2019-02-05 12:02:03', '0000-00-00 00:00:00', 1),
(199, 'xAiwO', 13, 'ATesting A Test', 0, 'mwr.life/s/xAiwO', '0', '4ADF1A61-8798-499F-8714-C4187FD560FD', 'https://www.mwrlife.com/UnitedLifeServices/signup-traveladvantagepro', 0, '2019-02-05 12:02:08', '0000-00-00 00:00:00', 1),
(200, '8qBg4', 13, 'ATesting A Test', 0, 'mwr.life/s/8qBg4', '0', '4ADF1A61-8798-499F-8714-C4187FD560FD', 'https://www.mwrlife.com/UnitedLifeServices/signup-traveladvantagevip', 0, '2019-02-05 12:02:40', '0000-00-00 00:00:00', 1),
(201, 'zIZRX', 13, 'A V Patel', 34, 'mwr.life/s/zIZRX', '0', '8C9CBBFB-450C-4097-8AA2-3A63DE1EDBE9', 'https://www.youtube.com/watch?v=ikCDbUM8Zn8', 0, '2019-02-05 12:02:15', '2019-02-14 08:08:06', 1),
(202, '6k0FA', 5, 'Vajsi', 34, 'mwr.life/s/6k0FA', '0', '3137', 'https://www.youtube.com/watch?v=ikCDbUM8Zn8', 0, '2019-02-05 12:02:02', '2019-02-14 08:08:06', 1),
(203, 'DOIJE', 5, 'Only', 34, 'mwr.life/s/DOIJE', '0', '3135', 'https://www.youtube.com/watch?v=ikCDbUM8Zn8', 0, '2019-02-05 12:02:16', '2019-02-14 08:08:06', 1),
(204, 'vvguC', 5, 'Vajsi', 34, 'mwr.life/s/vvguC', '0', '3137', 'https://www.youtube.com/watch?v=ikCDbUM8Zn8', 0, '2019-02-05 12:02:19', '2019-02-14 08:08:06', 1),
(205, 'xRVsR', 5, 'Num+Email', 34, 'mwr.life/s/xRVsR', '0', '60', 'https://www.youtube.com/watch?v=ikCDbUM8Zn8', 0, '2019-02-05 01:02:44', '2019-02-14 08:08:06', 1),
(206, 'oJ4rS', 13, 'Abhishek', 30, 'mwr.life/s/oJ4rS', '0', '527', 'https://www.youtube.com/watch?v=Whhg7v5Jef8', 0, '2019-02-06 05:02:42', '2019-02-19 09:50:44', 1),
(207, '5lkuF', 13, 'Ajay Misra', 34, 'mwr.life/s/5lkuF', '0', '5D3ACEA7-ABC0-49FA-ADC8-0F81484F2E5E', '1', 0, '2019-02-06 06:02:56', '2019-02-14 08:08:06', 1),
(208, 'xbxGV', 13, 'Ajay Misra', 34, 'mwr.life/s/xbxGV', '0', '5D3ACEA7-ABC0-49FA-ADC8-0F81484F2E5E', '1', 0, '2019-02-06 06:02:07', '2019-02-14 08:08:06', 1),
(209, 'BKql8', 13, 'Ajay Misra', 34, 'mwr.life/s/BKql8', '0', '5D3ACEA7-ABC0-49FA-ADC8-0F81484F2E5E', '1', 0, '2019-02-06 06:02:26', '2019-02-14 08:08:06', 1),
(210, 'Wl5Ei', 13, 'Ajay Misra', 34, 'mwr.life/s/Wl5Ei', '0', '5D3ACEA7-ABC0-49FA-ADC8-0F81484F2E5E', '1', 0, '2019-02-06 06:02:43', '2019-02-14 08:08:06', 1),
(211, 'poyK6', 13, 'Ajay Misra', 30, 'mwr.life/s/poyK6', '0', '5D3ACEA7-ABC0-49FA-ADC8-0F81484F2E5E', '1', 0, '2019-02-06 06:02:50', '2019-02-19 09:50:44', 1),
(212, 'NAU4r', 13, 'Ajay Misra', 34, 'mwr.life/s/NAU4r', '0', '5D3ACEA7-ABC0-49FA-ADC8-0F81484F2E5E', '1', 0, '2019-02-06 06:02:53', '2019-02-14 08:08:06', 1),
(213, '6aQhS', 13, 'Amol', 34, 'mwr.life/s/6aQhS', '0', '34298F9F-709E-4A31-B952-5284500BC724', 'https://www.youtube.com/watch?v=ikCDbUM8Zn8', 0, '2019-02-06 07:02:40', '2019-02-14 08:08:06', 1),
(214, 'fMHfU', 13, 'Amol', 34, 'mwr.life/s/fMHfU', '0', '34298F9F-709E-4A31-B952-5284500BC724', 'https://www.youtube.com/watch?v=ikCDbUM8Zn8', 0, '2019-02-06 07:02:58', '2019-02-14 08:08:06', 1),
(215, 'sY5pH', 13, 'Amol', 34, 'mwr.life/s/sY5pH', '0', '34298F9F-709E-4A31-B952-5284500BC724', 'https://www.youtube.com/watch?v=ikCDbUM8Zn8', 0, '2019-02-06 07:02:13', '2019-02-14 08:08:06', 1),
(216, 'u4lhx', 13, 'Viral Mithani', 34, 'mwr.life/s/u4lhx', '0', 'F0180197-6E67-4D62-8EB9-4D703C5323C0', 'https://www.youtube.com/watch?v=ikCDbUM8Zn8', 0, '2019-02-06 07:02:52', '2019-02-14 08:08:06', 1),
(217, 'YxsuR', 13, 'Viral Mithani', 27, 'mwr.life/s/YxsuR', '0', 'F0180197-6E67-4D62-8EB9-4D703C5323C0', 'https://mwrlifeapp.com/assets/media/8ee243a6eadd94255d7d14000923bd64.pdf', 0, '2019-02-06 07:02:47', '2019-02-25 01:23:04', 1),
(218, '4mRae', 13, 'Viral Mithani', 33, 'mwr.life/s/4mRae', '0', 'F0180197-6E67-4D62-8EB9-4D703C5323C0', 'https://mwrlifeapp.com/assets/media/1b934277ae2c95796461a448bde8af23.jpg', 0, '2019-02-06 07:02:36', '2019-02-15 11:37:29', 1),
(219, 'cGKSa', 13, 'Chinmay Patel', 34, 'mwr.life/s/cGKSa', '0', '299D33D6-346A-4F24-9F27-D27ABCB18B75:ABPerson', 'https://www.youtube.com/watch?v=ikCDbUM8Zn8', 0, '2019-02-06 07:02:24', '2019-02-14 08:08:06', 1),
(220, '271AE', 13, 'Chinmay Patel', 34, 'mwr.life/s/271AE', '0', '299D33D6-346A-4F24-9F27-D27ABCB18B75:ABPerson', 'https://www.youtube.com/watch?v=ikCDbUM8Zn8', 0, '2019-02-06 07:02:35', '2019-02-14 08:08:06', 1),
(221, '7rbQv', 13, 'Chinmay Patel', 34, 'mwr.life/s/7rbQv', '0', '299D33D6-346A-4F24-9F27-D27ABCB18B75:ABPerson', 'https://www.youtube.com/watch?v=ikCDbUM8Zn8', 0, '2019-02-06 07:02:13', '2019-02-14 08:08:06', 1),
(222, 'FEbFK', 13, 'Ajay Misra', 27, 'mwr.life/s/FEbFK', '0', '5D3ACEA7-ABC0-49FA-ADC8-0F81484F2E5E', 'https://mwrlifeapp.com/assets/media/8ee243a6eadd94255d7d14000923bd64.pdf', 0, '2019-02-06 07:02:34', '2019-02-25 01:23:04', 1),
(223, 'AoatL', 5, 'Abhishek Sensegiz', 34, 'mwr.life/s/AoatL', '0', '4F0DB4AD-1B12-4233-ABAE-8CA5BA3A8572', 'https://www.youtube.com/watch?v=ikCDbUM8Zn8', 0, '2019-02-06 07:02:05', '2019-02-14 08:08:06', 1),
(224, 'jBPND', 5, 'Abhishek Sensegiz', 34, 'mwr.life/s/jBPND', '0', '4F0DB4AD-1B12-4233-ABAE-8CA5BA3A8572', 'https://www.youtube.com/watch?v=ikCDbUM8Zn8', 0, '2019-02-06 07:02:08', '2019-02-14 08:08:06', 1),
(225, '7G0em', 5, 'Abhishek Sensegiz', 27, 'mwr.life/s/7G0em', '0', '4F0DB4AD-1B12-4233-ABAE-8CA5BA3A8572', 'https://mwrlifeapp.com/assets/media/8ee243a6eadd94255d7d14000923bd64.pdf', 0, '2019-02-06 07:02:19', '2019-02-25 01:23:04', 1),
(226, 'LHmUP', 13, 'Aadil', 35, 'mwr.life/s/LHmUP', '0', '3726', 'https://mwrlifeapp.com/assets/media/f516bd083531e3fe26fc256fc8c954e6.png', 0, '2019-02-06 02:02:26', '2019-02-22 06:06:52', 1),
(227, 'p3kiV', 13, 'Aadil', 35, 'mwr.life/s/p3kiV', '0', '3726', 'https://mwrlifeapp.com/assets/media/f516bd083531e3fe26fc256fc8c954e6.png', 0, '2019-02-06 02:02:43', '2019-02-22 06:06:52', 1),
(228, 'onWkt', 13, 'Brenda', 34, 'mwr.life/s/onWkt', '0', '664', 'https://www.youtube.com/watch?v=ikCDbUM8Zn8', 0, '2019-02-06 08:02:14', '2019-04-28 12:27:43', 1),
(229, 'eKhba', 13, 'Brenda', 34, 'mwr.life/s/eKhba', '0', '664', 'https://www.youtube.com/watch?v=ikCDbUM8Zn8', 0, '2019-02-06 08:02:31', '2019-04-28 12:27:43', 1),
(230, 'EDNkP', 13, 'Brenda', 34, 'mwr.life/s/EDNkP', '0', '664', 'https://www.youtube.com/watch?v=ikCDbUM8Zn8', 0, '2019-02-06 08:02:06', '2019-04-28 12:27:43', 1),
(231, 'rzBnB', 13, 'Brenda', 24, 'mwr.life/s/rzBnB', '0', '664', 'https://mwrlifeapp.com/assets/media/5b7d8e6cad59d2898b3e94b8cfe2d9c3.mp4', 0, '2019-02-06 08:02:54', '2019-04-28 12:27:43', 1),
(232, '7woPy', 5, '+91 96 01 197012', 35, 'mwr.life/s/7woPy', '0', '', 'https://mwrlifeapp.com/assets/media/f516bd083531e3fe26fc256fc8c954e6.png', 0, '2019-02-11 12:02:24', '2019-02-22 06:06:52', 1),
(233, 'hojFE', 5, '+91 96 01 197012', 35, 'mwr.life/s/hojFE', '0', '', 'https://mwrlifeapp.com/assets/media/f516bd083531e3fe26fc256fc8c954e6.png', 0, '2019-02-11 12:02:41', '2019-02-22 06:06:52', 1),
(234, 'SjVah', 5, '+91 96 01 197012', 35, 'mwr.life/s/SjVah', '0', '', 'https://mwrlifeapp.com/assets/media/f516bd083531e3fe26fc256fc8c954e6.png', 0, '2019-02-11 12:02:48', '2019-02-22 06:06:52', 1),
(235, 'Bl8OJ', 5, '+91 96 01 197012', 35, 'mwr.life/s/Bl8OJ', '0', '', 'https://mwrlifeapp.com/assets/media/f516bd083531e3fe26fc256fc8c954e6.png', 0, '2019-02-11 12:02:19', '2019-02-22 06:06:52', 1),
(236, 'Jhso8', 5, '+91 6351 570 395', 35, 'mwr.life/s/Jhso8', '0', '', 'https://mwrlifeapp.com/assets/media/thumbnail/f516bd083531e3fe26fc256fc8c954e6.png', 0, '2019-02-11 01:02:11', '2019-02-22 06:06:52', 1),
(237, 'XGJ4D', 5, '+91 6351 570 395', 35, 'mwr.life/s/XGJ4D', '0', '', 'https://mwrlifeapp.com/assets/media/thumbnail/f516bd083531e3fe26fc256fc8c954e6.png', 0, '2019-02-12 04:02:29', '2019-02-22 06:06:52', 1),
(238, 'TzJ5l', 5, '*111*4#', 34, 'mwr.life/s/TzJ5l', '0', '31E7F136-0C14-4953-95FD-0BDC03882A14', 'https://www.youtube.com/watch?v=ikCDbUM8Zn8', 0, '2019-02-14 06:02:43', '2019-02-14 08:08:06', 1),
(239, 'sNHKv', 5, '*111*4#', 34, 'mwr.life/s/sNHKv', '0', '31E7F136-0C14-4953-95FD-0BDC03882A14', 'https://www.youtube.com/watch?v=ikCDbUM8Zn8', 0, '2019-02-14 06:02:01', '2019-02-14 08:08:06', 1),
(240, 'SpuXW', 5, 'Brijsbnssn@#', 34, 'mwr.life/s/SpuXW', '0', '17', 'https://www.youtube.com/watch?v=ikCDbUM8Zn8', 0, '2019-02-14 07:02:55', '2019-02-14 08:08:06', 1),
(241, '3n1ID', 5, 'Abc', 34, 'mwr.life/s/3n1ID', '0', '87', 'https://www.youtube.com/watch?v=ikCDbUM8Zn8', 0, '2019-02-14 08:02:12', '2019-02-14 08:08:06', 1),
(242, 'pb7rm', 5, 'Abc', 34, 'mwr.life/s/pb7rm', '0', '87', 'https://www.youtube.com/watch?v=ikCDbUM8Zn8', 0, '2019-02-14 08:02:15', '2019-02-14 08:08:06', 1),
(243, 'pesV3', 5, 'Abc', 34, 'mwr.life/s/pesV3', '0', '87', 'https://www.youtube.com/watch?v=ikCDbUM8Zn8', 0, '2019-02-14 08:02:32', '2019-02-14 08:08:06', 1),
(244, '4KVND', 5, 'Abc', 34, 'mwr.life/s/4KVND', '0', '87', 'https://www.youtube.com/watch?v=ikCDbUM8Zn8', 0, '2019-02-14 08:02:56', '2019-02-14 08:08:06', 1),
(245, 'BSMh9', 5, 'Chinmay', 0, 'mwr.life/s/BSMh9', '0', '718A916B-BE50-464C-9C49-08B63276FC6E:ABPerson', 'https://www.mwrlife.com/v2aubin/signup-traveladvantagevip', 0, '2019-02-14 03:02:00', '0000-00-00 00:00:00', 1),
(246, 'fsZco', 5, 'Abc', 34, 'mwr.life/s/fsZco', '0', '87', 'https://www.youtube.com/watch?v=ikCDbUM8Zn8', 0, '2019-02-15 07:02:51', '0000-00-00 00:00:00', 1),
(247, 'tP41k', 13, 'Aadil', 30, 'mwr.life/s/tP41k', '0', '3726', 'https://www.youtube.com/watch?v=Whhg7v5Jef8', 0, '2019-02-15 12:02:46', '2019-02-19 09:50:44', 1),
(248, '5T1Iu', 13, '', 0, 'mwr.life/s/5T1Iu', '0', '', 'https://www.mwrlife.com/UnitedLifeServices/signup-traveladvantagepro', 0, '2019-02-15 11:02:30', '2019-04-28 12:27:35', 1),
(249, 'oOhP4', 13, '', 0, 'mwr.life/s/oOhP4', '0', '', 'https://www.mwrlife.com/UnitedLifeServices/join', 0, '2019-02-15 11:02:15', '2019-04-28 12:27:35', 1),
(250, 'B8xHA', 13, 'Brenda', 30, 'mwr.life/s/B8xHA', '0', '664', 'https://www.youtube.com/watch?v=Whhg7v5Jef8', 0, '2019-02-15 11:02:42', '2019-04-28 12:27:34', 1),
(251, 'fsS3d', 13, 'Brenda', 24, 'mwr.life/s/fsS3d', '0', '664', 'https://mwrlifeapp.com/assets/media/5b7d8e6cad59d2898b3e94b8cfe2d9c3.mp4', 0, '2019-02-15 11:02:27', '2019-04-28 12:27:34', 1),
(252, 'PozxO', 13, 'Brenda', 26, 'mwr.life/s/PozxO', '0', '664', 'https://www.mwrlife.fr/home', 0, '2019-02-15 11:02:39', '0000-00-00 00:00:00', 1),
(253, 'I3BuR', 13, 'Brenda', 33, 'mwr.life/s/I3BuR', '0', '664', 'https://mwrlifeapp.com/assets/media/thumbnail/1b934277ae2c95796461a448bde8af23.jpg', 0, '2019-02-15 11:02:54', '2019-04-28 12:27:34', 1),
(254, 'fdi4f', 13, '', 0, 'mwr.life/s/fdi4f', '0', '', 'https://www.mwrlife.com/UnitedLifeServices/join', 0, '2019-02-15 11:02:35', '2019-04-28 12:27:34', 1),
(255, 'bGmib', 5, 'Chinmay Oneclick', 30, 'mwr.life/s/bGmib', '0', '', 'https://www.youtube.com/watch?v=Whhg7v5Jef8', 0, '2019-02-16 01:02:08', '2019-02-19 09:50:44', 1),
(256, 'KT91w', 5, 'Chinmay Oneclick', 30, 'mwr.life/s/KT91w', '0', '', 'https://www.youtube.com/watch?v=Whhg7v5Jef8', 0, '2019-02-16 01:02:25', '2019-02-19 09:50:44', 1),
(257, 'tSYUf', 5, 'Chinmay Oneclick', 30, 'mwr.life/s/tSYUf', '0', '', 'https://www.youtube.com/watch?v=Whhg7v5Jef8', 0, '2019-02-16 01:02:31', '2019-02-19 09:50:44', 1),
(258, '55r4w', 13, 'Aadil', 35, 'mwr.life/s/55r4w', '0', '3726', 'https://mwrlifeapp.com/assets/media/thumbnail/f516bd083531e3fe26fc256fc8c954e6.png', 0, '2019-02-19 07:02:39', '2019-02-22 06:06:52', 1),
(259, '1xgkc', 13, 'Aadil', 35, 'mwr.life/s/1xgkc', '0', '3726', 'https://mwrlifeapp.com/assets/media/thumbnail/f516bd083531e3fe26fc256fc8c954e6.png', 0, '2019-02-19 07:02:58', '2019-02-22 06:06:52', 1),
(260, 'Xn03y', 13, 'Abhimanyu Dhaval', 38, 'mwr.life/s/Xn03y', '0', '23A41E51-5545-452C-853F-DB02AE9AD5E1', 'https://www.youtube.com/watch?v=ikCDbUM8Zn8&t=6s', 0, '2019-02-19 09:02:51', '2019-02-25 05:58:41', 1),
(261, 'zX3ly', 13, 'Abhimanyu Dhaval', 26, 'mwr.life/s/zX3ly', '0', '23A41E51-5545-452C-853F-DB02AE9AD5E1', 'https://www.mwrlife.fr/home', 0, '2019-02-19 09:02:52', '0000-00-00 00:00:00', 1),
(262, 'BkOTc', 13, 'Aakash Santra', 29, 'mwr.life/s/BkOTc', '0', 'F912AA53-09F0-48F8-9C34-F9BE2ADC1FA7', 'https://mwrlifeapp.com/assets/media/89cd3c644e0ab6bc3e30817f368442c3.pdf', 0, '2019-02-19 09:02:19', '2019-02-25 01:18:11', 1),
(263, 'ORUgV', 13, 'Aakash', 29, 'mwr.life/s/ORUgV', '0', 'F24894B2-169B-4E92-992E-B79EF002C5F6', 'https://mwrlifeapp.com/assets/media/89cd3c644e0ab6bc3e30817f368442c3.pdf', 0, '2019-02-19 09:02:20', '2019-02-25 01:18:11', 1),
(264, 'wn3TN', 13, 'Aakash Santra', 29, 'mwr.life/s/wn3TN', '0', 'F912AA53-09F0-48F8-9C34-F9BE2ADC1FA7', 'https://mwrlifeapp.com/assets/media/89cd3c644e0ab6bc3e30817f368442c3.pdf', 0, '2019-02-19 09:02:22', '2019-02-25 01:18:11', 1),
(265, '2Yj4D', 5, 'Chinmay Patel', 29, 'mwr.life/s/2Yj4D', '0', '299D33D6-346A-4F24-9F27-D27ABCB18B75:ABPerson', 'https://mwrlifeapp.com/assets/media/89cd3c644e0ab6bc3e30817f368442c3.pdf', 0, '2019-02-19 09:02:56', '2019-02-25 01:18:11', 1),
(266, '9BC9X', 5, 'Chinmay Patel', 29, 'mwr.life/s/9BC9X', '0', '299D33D6-346A-4F24-9F27-D27ABCB18B75:ABPerson', 'https://mwrlifeapp.com/assets/media/89cd3c644e0ab6bc3e30817f368442c3.pdf', 0, '2019-02-19 09:02:59', '2019-02-25 01:18:11', 1),
(267, 'Srgms', 5, '58000', 38, 'mwr.life/s/Srgms', '0', '597BC15C-25AF-4373-B122-B6B3FA469783', 'https://www.youtube.com/watch?v=ikCDbUM8Zn8', 0, '2019-02-20 07:02:54', '2019-02-25 05:58:41', 1),
(268, 'uYmNr', 5, 'ChinmayPatel', 0, 'mwr.life/s/uYmNr', '0', '299D33D6-346A-4F24-9F27-D27ABCB18B75:ABPerson', 'https://www.mwrlife.com/v2aubin/signup-traveladvantagepro', 0, '2019-02-20 10:02:58', '0000-00-00 00:00:00', 1),
(269, 'mtGQo', 5, 'Aaa', 38, 'mwr.life/s/mtGQo', '0', 'A24EE7B7-3944-491B-B7D5-F1EDAED7401D', 'https://www.youtube.com/watch?v=ikCDbUM8Zn8', 0, '2019-02-20 11:02:27', '2019-02-25 05:58:41', 1),
(270, 'tgoHy', 5, 'Aaa', 38, 'mwr.life/s/tgoHy', '0', 'A24EE7B7-3944-491B-B7D5-F1EDAED7401D', 'https://www.youtube.com/watch?v=ikCDbUM8Zn8', 0, '2019-02-20 11:02:29', '2019-02-25 05:58:41', 1),
(271, 'XyEUa', 13, 'Brenda', 29, 'mwr.life/s/XyEUa', '0', '664', 'https://mwrlifeapp.com/assets/media/89cd3c644e0ab6bc3e30817f368442c3.pdf', 0, '2019-02-22 02:02:26', '2019-04-28 12:27:30', 1);
INSERT INTO `tbl_shortLink` (`id`, `code`, `user_id`, `user_name`, `media_id`, `short_link`, `android_device_id`, `contact_id`, `full_link`, `is_enroll`, `created_date`, `view_time`, `is_active`) VALUES
(272, 'XHJCf', 13, 'Shubham', 38, 'mwr.life/s/XHJCf', '0', '336', 'https://www.youtube.com/watch?v=ikCDbUM8Zn8', 0, '2019-02-22 02:02:35', '2019-02-25 05:58:41', 1),
(273, 'OD9Fm', 13, 'Shubham', 38, 'mwr.life/s/OD9Fm', '0', '336', 'https://www.youtube.com/watch?v=ikCDbUM8Zn8', 0, '2019-02-22 02:02:18', '2019-02-25 05:58:41', 1),
(274, 'a6UXj', 13, 'Bhavin Clg', 38, 'mwr.life/s/a6UXj', '0', '441', 'https://www.youtube.com/watch?v=ikCDbUM8Zn8', 0, '2019-02-25 05:02:33', '2019-02-25 05:58:41', 1),
(275, 's8qLq', 5, 'ChinmayOneclick', 0, 'mwr.life/s/s8qLq', '0', '54C2701C-D0DD-461A-B440-BAFA34565F42:ABPerson', 'https://www.mwrlife.com/v2aubin/signup-lite', 0, '2019-02-25 12:02:15', '0000-00-00 00:00:00', 1),
(276, '2ddGK', 5, '', 0, 'mwr.life/s/2ddGK', '0', '', 'https://mwrlifeapp.com/assets/media/04c663fc1fc788803ee5799fadc70c74.mp4', 0, '2019-02-25 12:02:48', '0000-00-00 00:00:00', 1),
(277, 'bhVJ1', 5, '', 0, 'mwr.life/s/bhVJ1', '0', '', 'https://www.mwrlife.com/v2aubin/signup-lite', 0, '2019-02-25 12:02:09', '0000-00-00 00:00:00', 1),
(278, 'WCLXK', 5, 'ChinmayOneclick', 0, 'mwr.life/s/WCLXK', '0', '54C2701C-D0DD-461A-B440-BAFA34565F42:ABPerson', 'https://www.mwrlife.com/v2aubin/signup-traveladvantagevip', 0, '2019-02-25 12:02:12', '0000-00-00 00:00:00', 1),
(279, 'IkLlu', 5, 'ChinmayOneclick', 0, 'mwr.life/s/IkLlu', '0', '54C2701C-D0DD-461A-B440-BAFA34565F42:ABPerson', 'https://www.mwrlife.com/v2aubin/signup-traveladvantagevip', 0, '2019-02-25 12:02:11', '0000-00-00 00:00:00', 1),
(280, 'YbGCg', 5, 'ChinmayOneclick', 0, 'mwr.life/s/YbGCg', '0', '54C2701C-D0DD-461A-B440-BAFA34565F42:ABPerson', 'https://www.mwrlife.com/v2aubin/signup-traveladvantagevip', 0, '2019-02-25 12:02:04', '0000-00-00 00:00:00', 1),
(281, 'DUqyi', 5, 'ChinmayOneclick', 0, 'mwr.life/s/DUqyi', '0', '54C2701C-D0DD-461A-B440-BAFA34565F42:ABPerson', 'https://www.mwrlife.com/v2aubin/signup-traveladvantagevip', 0, '2019-02-25 01:02:31', '0000-00-00 00:00:00', 1),
(282, 'Hj1JL', 5, 'ChinmayOneclick', 0, 'mwr.life/s/Hj1JL', '0', '54C2701C-D0DD-461A-B440-BAFA34565F42:ABPerson', 'https://www.mwrlife.com/v2aubin/signup-traveladvantagevip', 0, '2019-02-25 01:02:16', '0000-00-00 00:00:00', 1),
(283, 'gDVH2', 5, 'AdaniEnergy', 0, 'mwr.life/s/gDVH2', '0', '2A0F21C3-C2C0-489D-9FFB-E21FDE07955F', 'https://www.mwrlife.com/v2aubin/signup-traveladvantagevip', 0, '2019-02-25 01:02:43', '0000-00-00 00:00:00', 1),
(284, 'IV9BE', 13, 'Shubham', 29, 'mwr.life/s/IV9BE', '0', '336', 'https://mwrlifeapp.com/assets/media/89cd3c644e0ab6bc3e30817f368442c3.pdf', 0, '2019-02-25 01:02:12', '2019-02-25 01:18:11', 1),
(285, 'bb7oK', 5, 'ChinmayOneclick', 0, 'mwr.life/s/bb7oK', '0', '54C2701C-D0DD-461A-B440-BAFA34565F42:ABPerson', 'https://www.mwrlife.com/v2aubin/signup-traveladvantagevip', 0, '2019-02-25 01:02:16', '0000-00-00 00:00:00', 1),
(286, 'fvQP9', 5, 'Aaaa Bbbb Cccc', 39, 'mwr.life/s/fvQP9', '0', '49C445BB-CEBF-446D-91AA-1153024A0E0C:ABPerson', 'https://www.youtube.com/watch?v=8zXe8mWr_ZM', 0, '2019-02-25 01:02:40', '2019-02-25 02:05:21', 1),
(287, 'hr0F7', 13, '', 0, 'mwr.life/s/hr0F7', '0', '', 'https://www.mwrlife.com/UnitedLifeServices/join', 0, '2019-02-25 01:02:12', '0000-00-00 00:00:00', 1),
(288, 'Sh6SO', 13, '', 0, 'mwr.life/s/Sh6SO', '0', '', 'https://www.mwrlife.com/UnitedLifeServices/join', 0, '2019-02-25 01:02:27', '0000-00-00 00:00:00', 1),
(289, 'RWWoK', 13, 'Dodiya Dilip One', 27, 'mwr.life/s/RWWoK', '0', '3809', 'https://mwrlifeapp.com/assets/media/8ee243a6eadd94255d7d14000923bd64.pdf', 0, '2019-02-25 01:02:22', '2019-02-25 01:23:04', 1),
(290, '6p4tR', 13, 'Dodiya Dilip One', 27, 'mwr.life/s/6p4tR', '0', '3809', 'https://mwrlifeapp.com/assets/media/8ee243a6eadd94255d7d14000923bd64.pdf', 0, '2019-02-25 01:02:44', '2019-02-25 01:23:04', 1),
(291, '79FbX', 5, 'Chinmay', 0, 'mwr.life/s/79FbX', '0', '718A916B-BE50-464C-9C49-08B63276FC6E:ABPerson', 'https://www.mwrlife.com/v2aubin/signup-traveladvantagepro', 0, '2019-02-25 01:02:43', '0000-00-00 00:00:00', 1),
(292, 'oEewI', 5, 'Chinmay Oneclick', 39, 'mwr.life/s/oEewI', '0', '54C2701C-D0DD-461A-B440-BAFA34565F42:ABPerson', 'https://www.youtube.com/watch?v=8zXe8mWr_ZM', 0, '2019-02-25 02:02:50', '2019-02-25 02:05:21', 1),
(293, 'mdlsX', 5, 'Chinmay Oneclick', 39, 'mwr.life/s/mdlsX', '0', '54C2701C-D0DD-461A-B440-BAFA34565F42:ABPerson', 'https://www.youtube.com/watch?v=8zXe8mWr_ZM', 0, '2019-02-25 02:02:54', '2019-02-25 02:05:21', 1),
(294, 'BHTwt', 5, 'Chinmay Oneclick', 39, 'mwr.life/s/BHTwt', '0', '54C2701C-D0DD-461A-B440-BAFA34565F42:ABPerson', 'https://www.youtube.com/watch?v=8zXe8mWr_ZM', 0, '2019-02-25 02:02:58', '2019-02-25 02:05:21', 1),
(295, 'IEmwg', 5, 'ChinmayOneclick', 0, 'mwr.life/s/IEmwg', '0', '54C2701C-D0DD-461A-B440-BAFA34565F42:ABPerson', 'https://www.mwrlife.com/v2aubin/signup-lite', 0, '2019-02-25 02:02:38', '2019-02-25 02:13:08', 1),
(296, 'jc1N7', 5, 'Chinmay Oneclick', 39, 'mwr.life/s/jc1N7', '0', '54C2701C-D0DD-461A-B440-BAFA34565F42:ABPerson', 'https://www.youtube.com/watch?v=8zXe8mWr_ZM', 0, '2019-02-25 02:02:09', '2019-02-25 02:24:28', 1),
(297, 'agHy3', 5, 'AaaaA', 0, 'mwr.life/s/agHy3', '0', 'C57A593D-5A1A-498F-BF09-E119A8BC439B', 'https://www.mwrlife.com/v2aubin', 0, '2019-02-25 02:02:02', '0000-00-00 00:00:00', 1),
(298, 'p8tu1', 5, 'AaaaA', 0, 'mwr.life/s/p8tu1', '0', 'C57A593D-5A1A-498F-BF09-E119A8BC439B', 'https://www.mwrlife.com/v2aubin', 0, '2019-02-25 02:02:05', '0000-00-00 00:00:00', 1),
(299, 'x9X7p', 5, 'AaaaA', 0, 'mwr.life/s/x9X7p', '0', 'C57A593D-5A1A-498F-BF09-E119A8BC439B', 'https://www.mwrlife.com/v2aubin', 0, '2019-02-25 02:02:12', '2019-02-25 02:29:57', 1),
(300, '2mV99', 5, 'ChinmayOneclick', 0, 'mwr.life/s/2mV99', '0', '54C2701C-D0DD-461A-B440-BAFA34565F42:ABPerson', 'https://www.mwrlife.com/v2aubin/signup-lite', 0, '2019-02-25 02:02:14', '0000-00-00 00:00:00', 1),
(301, 'EJE8w', 5, 'AaaaBbbb Cccc', 0, 'mwr.life/s/EJE8w', '0', '49C445BB-CEBF-446D-91AA-1153024A0E0C:ABPerson', 'https://www.mwrlife.com/v2aubin/signup-lite', 0, '2019-02-25 02:02:51', '2019-02-25 02:36:48', 1),
(302, 'zARaD', 5, 'Aaaa Bbbb Cccc', 39, 'mwr.life/s/zARaD', '0', '49C445BB-CEBF-446D-91AA-1153024A0E0C:ABPerson', 'https://www.youtube.com/watch?v=8zXe8mWr_ZM', 0, '2019-02-25 02:02:53', '2019-02-25 02:40:24', 1),
(303, 'yT1SJ', 5, 'Aaaa A', 39, 'mwr.life/s/yT1SJ', '0', 'C57A593D-5A1A-498F-BF09-E119A8BC439B', 'https://www.youtube.com/watch?v=8zXe8mWr_ZM', 0, '2019-02-25 02:02:34', '2019-02-25 02:57:16', 1),
(304, 'bCqVK', 5, 'ChinmayPatel', 0, 'mwr.life/s/bCqVK', '0', '497EBF64-0344-4507-9B79-3F7FC6559E9A:ABPerson', 'https://www.mwrlife.com/v2aubin/signup-lite', 0, '2019-02-25 02:02:32', '2019-02-25 03:01:25', 1),
(305, 'hxHAa', 13, '', 0, 'mwr.life/s/hxHAa', '0', '', 'https://www.mwrlife.com/v2aubin/', 0, '2019-02-25 03:02:03', '0000-00-00 00:00:00', 1),
(306, '5DIoI', 5, 'ChinmayOneclick', 0, 'mwr.life/s/5DIoI', '0', '54C2701C-D0DD-461A-B440-BAFA34565F42:ABPerson', 'https://www.mwrlife.com/v2aubin/signup-lite', 1, '2019-02-25 03:02:52', '2019-02-25 03:11:36', 1),
(307, 'OP6gP', 5, 'ChinmayOneclick', 0, 'mwr.life/s/OP6gP', '0', '54C2701C-D0DD-461A-B440-BAFA34565F42:ABPerson', 'https://www.mwrlife.com/v2aubin/signup-lite', 1, '2019-02-25 03:02:34', '2019-02-25 03:09:50', 1),
(308, '856dJ', 5, 'ChinmayOneclick', 0, 'mwr.life/s/856dJ', '0', '54C2701C-D0DD-461A-B440-BAFA34565F42:ABPerson', 'https://www.mwrlife.com/v2aubin/signup-lite', 1, '2019-02-25 03:02:24', '2019-02-25 03:10:41', 1),
(309, 'vffqp', 5, 'ChinmayOneclick', 0, 'mwr.life/s/vffqp', '0', '54C2701C-D0DD-461A-B440-BAFA34565F42:ABPerson', 'https://www.mwrlife.com/v2aubin/signup-lite', 1, '2019-02-25 03:02:32', '2019-02-25 03:13:48', 1),
(310, 'jm1CO', 5, 'ChinmayOneclick', 0, 'mwr.life/s/jm1CO', '0', '54C2701C-D0DD-461A-B440-BAFA34565F42:ABPerson', 'https://www.mwrlife.com/v2aubin/signup-lite', 1, '2019-02-25 03:02:34', '0000-00-00 00:00:00', 1),
(311, '8AnM4', 5, 'ChinmayOneclick', 0, 'mwr.life/s/8AnM4', '0', '54C2701C-D0DD-461A-B440-BAFA34565F42:ABPerson', 'https://www.mwrlife.com/v2aubin/signup-lite', 1, '2019-02-25 03:02:39', '0000-00-00 00:00:00', 1),
(312, 'RMu3F', 5, 'ChinmayOneclick', 0, 'mwr.life/s/RMu3F', '0', '54C2701C-D0DD-461A-B440-BAFA34565F42:ABPerson', 'https://www.mwrlife.com/v2aubin/signup-lite', 1, '2019-02-25 03:02:20', '2019-02-25 03:20:27', 1),
(313, 'B9ZvM', 5, 'ChinmayPatel', 0, 'mwr.life/s/B9ZvM', '0', '497EBF64-0344-4507-9B79-3F7FC6559E9A:ABPerson', 'https://www.mwrlife.com/v2aubin/signup-lite', 1, '2019-02-25 03:02:57', '0000-00-00 00:00:00', 1),
(314, 'PBdgp', 5, 'ChinmayPatel', 0, 'mwr.life/s/PBdgp', '0', '497EBF64-0344-4507-9B79-3F7FC6559E9A:ABPerson', 'https://www.mwrlife.com/v2aubin/signup-lite', 1, '2019-02-25 03:02:02', '2019-02-25 03:20:55', 1),
(315, '7b7s6', 5, 'ChinmayOneclick', 0, 'mwr.life/s/7b7s6', '0', '54C2701C-D0DD-461A-B440-BAFA34565F42:ABPerson', 'https://www.mwrlife.com/v2aubin/signup-lite', 1, '2019-02-25 03:02:57', '0000-00-00 00:00:00', 1),
(316, 'iVbkA', 5, 'AmitShah Ahmedabad', 0, 'mwr.life/s/iVbkA', '0', '06F960D7-B37A-47D7-83E5-368C2F1FEE5A', 'https://www.mwrlife.com/v2aubin/signup-traveladvantagevip', 1, '2019-02-25 03:02:06', '0000-00-00 00:00:00', 1),
(317, 'HrxmF', 5, 'AmitShah Ahmedabad', 0, 'mwr.life/s/HrxmF', '0', '06F960D7-B37A-47D7-83E5-368C2F1FEE5A', 'https://www.mwrlife.com/v2aubin/signup-traveladvantagevip', 1, '2019-02-25 03:02:07', '0000-00-00 00:00:00', 1),
(318, 'XU5mA', 5, 'AmitShah Ahmedabad', 0, 'mwr.life/s/XU5mA', '0', '06F960D7-B37A-47D7-83E5-368C2F1FEE5A', 'https://www.mwrlife.com/v2aubin/signup-traveladvantagevip', 1, '2019-02-25 03:02:07', '0000-00-00 00:00:00', 1),
(319, 'Nre2n', 5, 'AmitShah Ahmedabad', 0, 'mwr.life/s/Nre2n', '0', '06F960D7-B37A-47D7-83E5-368C2F1FEE5A', 'https://www.mwrlife.com/v2aubin/signup-traveladvantagevip', 1, '2019-02-25 03:02:13', '2019-02-25 03:22:35', 1),
(320, 'AI69A', 5, 'AmitShah Ahmedabad', 0, 'mwr.life/s/AI69A', '0', '06F960D7-B37A-47D7-83E5-368C2F1FEE5A', 'https://www.mwrlife.com/v2aubin', 0, '2019-02-25 03:02:56', '2019-02-25 03:23:37', 1),
(321, 'WlW5Z', 5, 'AmitShah Ahmedabad', 0, 'mwr.life/s/WlW5Z', '0', '06F960D7-B37A-47D7-83E5-368C2F1FEE5A', 'https://www.mwrlife.com/v2aubin/signup-traveladvantagevip', 1, '2019-02-25 03:02:48', '2019-02-25 03:24:21', 1),
(322, 'Xu13h', 5, 'AbhishekSinha', 0, 'mwr.life/s/Xu13h', '0', '1E5BB4ED-8B32-4C78-9A7E-3703DB6C5412', 'https://www.mwrlife.com/v2aubin/signup-traveladvantagevip', 1, '2019-02-25 03:02:11', '2019-02-25 03:35:41', 1),
(323, 'JsB52', 5, 'Vajsi', 26, 'mwr.life/s/JsB52', '0', '', 'https://www.mwrlife.fr/home', 0, '2019-02-26 06:02:18', '0000-00-00 00:00:00', 1),
(324, 'sTqQC', 5, 'Vajsi', 38, 'mwr.life/s/sTqQC', '0', '', 'https://www.youtube.com/watch?v=ikCDbUM8Zn8', 0, '2019-02-26 06:02:08', '0000-00-00 00:00:00', 1),
(325, 'LfJf3', 5, 'Vajsi', 38, 'mwr.life/s/LfJf3', '0', '', 'https://www.youtube.com/watch?v=ikCDbUM8Zn8', 0, '2019-02-26 06:02:39', '0000-00-00 00:00:00', 1),
(326, 'xij3C', 5, '+01024570676', 39, 'mwr.life/s/xij3C', '0', '7616CE8E-44AF-4C06-9958-F5AC8887D7D7', 'https://www.youtube.com/watch?v=8zXe8mWr_ZM', 0, '2019-02-27 01:02:11', '0000-00-00 00:00:00', 1),
(327, 'Yxnvp', 5, '+01024570676', 0, 'mwr.life/s/Yxnvp', '0', '7616CE8E-44AF-4C06-9958-F5AC8887D7D7', 'https://www.mwrlife.com/v2aubin/signup-traveladvantagepro', 1, '2019-02-28 07:02:24', '0000-00-00 00:00:00', 1),
(328, '6mB5m', 5, '+01024570676', 0, 'mwr.life/s/6mB5m', '0', '7616CE8E-44AF-4C06-9958-F5AC8887D7D7', 'https://www.mwrlife.com/v2aubin/signup-lite', 1, '2019-02-28 07:02:49', '2019-02-28 07:14:14', 1),
(329, 'FDqfq', 5, 'ChinmayOneclick', 0, 'mwr.life/s/FDqfq', '0', '54C2701C-D0DD-461A-B440-BAFA34565F42:ABPerson', 'https://www.mwrlife.com/v2aubin/signup-lite/DYM003', 1, '2019-03-01 12:03:58', '2019-03-01 12:26:33', 1),
(330, 'xFAe0', 5, 'ChinmayOneclick', 0, 'mwr.life/s/xFAe0', '0', '54C2701C-D0DD-461A-B440-BAFA34565F42:ABPerson', 'https://www.mwrlife.com/v2aubin/signup-lite/DYM003', 1, '2019-03-01 12:03:07', '0000-00-00 00:00:00', 1),
(331, 'YEqWk', 5, 'ChinmayOneclick', 0, 'mwr.life/s/YEqWk', '0', '54C2701C-D0DD-461A-B440-BAFA34565F42:ABPerson', 'https://www.mwrlife.com/v2aubin/signup-lite/DYM003', 1, '2019-03-01 12:03:09', '0000-00-00 00:00:00', 1),
(332, 'SE0i8', 13, '', 0, 'mwr.life/s/SE0i8', '0', '', 'https://www.mwrlife.com/UnitedLifeServices/signup-lite', 1, '2019-03-01 12:03:24', '0000-00-00 00:00:00', 1),
(333, 'sgVJn', 5, 'ChinmayOneclick', 0, 'mwr.life/s/sgVJn', '0', '54C2701C-D0DD-461A-B440-BAFA34565F42:ABPerson', 'https://www.mwrlife.com/v2aubin/signup-lite/USM834', 1, '2019-03-01 12:03:31', '2019-03-04 12:15:52', 1),
(334, 'OAKw9', 5, '+916351 570 395', 0, 'mwr.life/s/OAKw9', '0', '5C336712-D314-4FA2-86B7-659E73B390F3', 'https://www.mwrlife.com/v2aubin/signup-lite/XJG431', 1, '2019-03-01 12:03:33', '0000-00-00 00:00:00', 1),
(335, 'wJ2Pu', 5, '', 0, 'mwr.life/s/wJ2Pu', '0', '', 'mwr.life/signup-lite/XJG431', 1, '2019-03-01 01:03:01', '0000-00-00 00:00:00', 1),
(336, 'D7yEu', 5, 'Chinmay', 0, 'mwr.life/s/D7yEu', '0', '718A916B-BE50-464C-9C49-08B63276FC6E:ABPerson', 'https://www.mwrlife.com/v2aubin/signup-traveladvantagepro/XJG431', 1, '2019-03-01 01:03:28', '0000-00-00 00:00:00', 1),
(337, 'a2bVl', 5, 'Vajsi', 35, 'mwr.life/s/a2bVl', '0', '', 'https://mwrlifeapp.com/assets/media/thumbnail/f516bd083531e3fe26fc256fc8c954e6.png', 0, '2019-03-01 01:03:43', '0000-00-00 00:00:00', 1),
(338, '0bv63', 5, 'ChinmayOneclick', 0, 'mwr.life/s/0bv63', '0', '54C2701C-D0DD-461A-B440-BAFA34565F42:ABPerson', 'https://www.mwrlife.com/v2aubin/signup-lite/XJG431', 1, '2019-03-01 01:03:12', '0000-00-00 00:00:00', 1),
(339, 'HCcMK', 5, 'Vajsi', 26, 'mwr.life/s/HCcMK', '0', '', 'https://www.mwrlife.fr/home', 0, '2019-03-01 01:03:27', '2019-03-04 12:20:39', 1),
(340, 'SMcel', 5, 'ChinmayOneclick', 0, 'mwr.life/s/SMcel', '0', '54C2701C-D0DD-461A-B440-BAFA34565F42:ABPerson', 'https://www.mwrlife.com/v2aubin/signup-lite/XJG431', 1, '2019-03-01 01:03:52', '0000-00-00 00:00:00', 1),
(341, 'UAQ9f', 5, '+9196 01 197012', 0, 'mwr.life/s/UAQ9f', '0', '34C6132B-9E9F-4348-A2D5-B0F9A3421A34', 'https://www.mwrlife.com/v2aubin/signup-lite/XJG431', 1, '2019-03-01 01:03:22', '0000-00-00 00:00:00', 1),
(342, 'OhdHI', 5, '+9196 01 197012', 0, 'mwr.life/s/OhdHI', '0', '34C6132B-9E9F-4348-A2D5-B0F9A3421A34', 'https://www.mwrlife.com/v2aubin/signup-lite/XJG431', 1, '2019-03-01 01:03:36', '0000-00-00 00:00:00', 1),
(343, 'ixLrg', 5, '+9196 01 197012', 0, 'mwr.life/s/ixLrg', '0', '34C6132B-9E9F-4348-A2D5-B0F9A3421A34', 'https://www.mwrlife.com/v2aubin/signup-lite/XJG431', 1, '2019-03-01 01:03:02', '0000-00-00 00:00:00', 1),
(344, 'EUeIA', 5, '+9196 01 197012', 0, 'mwr.life/s/EUeIA', '0', '34C6132B-9E9F-4348-A2D5-B0F9A3421A34', 'https://www.mwrlife.com/v2aubin/signup-lite/XJG431', 1, '2019-03-01 01:03:09', '0000-00-00 00:00:00', 1),
(345, '3sWaW', 5, '+9196 01 197012', 0, 'mwr.life/s/3sWaW', '0', '34C6132B-9E9F-4348-A2D5-B0F9A3421A34', 'https://www.mwrlife.com/v2aubin/signup-lite/XJG431', 1, '2019-03-01 01:03:14', '0000-00-00 00:00:00', 1),
(346, 'v4Mj9', 13, '', 0, 'mwr.life/s/v4Mj9', '0', '', 'https://www.mwrlife.com/UnitedLifeServices/signup-traveladvantagevip', 1, '2019-03-01 01:03:28', '0000-00-00 00:00:00', 1),
(347, 'Wzc6E', 13, '', 0, 'mwr.life/s/Wzc6E', '0', '', 'https://www.mwrlife.com/UnitedLifeServices/signup-lite', 1, '2019-03-01 01:03:56', '0000-00-00 00:00:00', 1),
(348, 'Oyu7T', 13, 'Harsh', 35, 'mwr.life/s/Oyu7T', '0', '', 'https://mwrlifeapp.com/assets/media/thumbnail/f516bd083531e3fe26fc256fc8c954e6.png', 0, '2019-03-01 01:03:17', '2019-03-04 12:01:04', 1),
(349, 'iKGW0', 5, 'ChinmayPatel', 0, 'mwr.life/s/iKGW0', '0', '497EBF64-0344-4507-9B79-3F7FC6559E9A:ABPerson', 'https://www.mwrlife.com/v2aubin/signup-lite/XJG431', 1, '2019-03-01 02:03:49', '2019-03-01 02:05:39', 1),
(350, 'gx9BM', 5, 'ChinmayOneclick', 0, 'mwr.life/s/gx9BM', '0', '54C2701C-D0DD-461A-B440-BAFA34565F42:ABPerson', 'https://www.mwrlife.com/v2aubin/signup-lite/XJG431', 1, '2019-03-01 02:03:07', '2019-03-04 10:32:00', 1),
(351, '6WbBl', 5, 'ChinmayPatel', 0, 'mwr.life/s/6WbBl', '0', '497EBF64-0344-4507-9B79-3F7FC6559E9A:ABPerson', 'https://www.mwrlife.com/v2aubin/signup-traveladvantagevip/XJC487', 1, '2019-03-01 02:03:54', '0000-00-00 00:00:00', 1),
(352, 'R71Ot', 5, 'ChinmayPatel', 0, 'mwr.life/s/R71Ot', '0', '497EBF64-0344-4507-9B79-3F7FC6559E9A:ABPerson', 'https://www.mwrlife.com/v2aubin/signup-traveladvantagevip/XJC487', 1, '2019-03-01 02:03:01', '0000-00-00 00:00:00', 1),
(353, 'r2GpZ', 5, 'ChinmayPatel', 0, 'mwr.life/s/r2GpZ', '0', '497EBF64-0344-4507-9B79-3F7FC6559E9A:ABPerson', 'https://www.mwrlife.com/v2aubin/signup-traveladvantagevip/XJC487', 1, '2019-03-01 02:03:25', '0000-00-00 00:00:00', 1),
(354, 'oLY3M', 5, '+916351 570 395', 0, 'mwr.life/s/oLY3M', '0', '5C336712-D314-4FA2-86B7-659E73B390F3', 'https://www.mwrlife.com/v2aubin/signup-lite/XJC487', 1, '2019-03-01 02:03:41', '0000-00-00 00:00:00', 1),
(355, 'VBbk1', 5, '+916351 570 395', 0, 'mwr.life/s/VBbk1', '0', '5C336712-D314-4FA2-86B7-659E73B390F3', 'https://www.mwrlife.com/v2aubin/signup-lite/XJC487', 1, '2019-03-01 02:03:52', '0000-00-00 00:00:00', 1),
(356, '66Hdf', 5, '+916351 570 395', 0, 'mwr.life/s/66Hdf', '0', '5C336712-D314-4FA2-86B7-659E73B390F3', 'https://www.mwrlife.com/v2aubin/signup-traveladvantagevip', 1, '2019-03-01 02:03:13', '0000-00-00 00:00:00', 1),
(357, 'IDwU2', 5, '+916351 570 395', 0, 'mwr.life/s/IDwU2', '0', '5C336712-D314-4FA2-86B7-659E73B390F3', 'https://www.mwrlife.com/v2aubin/signup-lite/XJC487', 1, '2019-03-01 02:03:57', '0000-00-00 00:00:00', 1),
(358, 'mxzCx', 5, '+916351 570 395', 0, 'mwr.life/s/mxzCx', '0', '5C336712-D314-4FA2-86B7-659E73B390F3', 'https://www.mwrlife.com/v2aubin/signup-lite/XJC487', 1, '2019-03-01 02:03:03', '0000-00-00 00:00:00', 1),
(359, 'hCsZE', 5, '+916351 570 395', 0, 'mwr.life/s/hCsZE', '0', '5C336712-D314-4FA2-86B7-659E73B390F3', 'https://www.mwrlife.com/v2aubin/signup-traveladvantagevip', 1, '2019-03-01 02:03:19', '0000-00-00 00:00:00', 1),
(360, 'heU8A', 5, '+916351 570 395', 0, 'mwr.life/s/heU8A', '0', '5C336712-D314-4FA2-86B7-659E73B390F3', 'https://www.mwrlife.com/v2aubin/signup-traveladvantagevip', 1, '2019-03-01 02:03:22', '0000-00-00 00:00:00', 1),
(361, 'cqTTS', 5, '+91 96 01 197012', 39, 'mwr.life/s/cqTTS', '0', '34C6132B-9E9F-4348-A2D5-B0F9A3421A34', 'https://www.youtube.com/watch?v=8zXe8mWr_ZM', 0, '2019-03-01 02:03:38', '0000-00-00 00:00:00', 1),
(362, 'qvMmf', 5, '+91 6351 570 395', 39, 'mwr.life/s/qvMmf', '0', '5C336712-D314-4FA2-86B7-659E73B390F3', 'https://www.youtube.com/watch?v=8zXe8mWr_ZM', 0, '2019-03-01 02:03:42', '0000-00-00 00:00:00', 1),
(363, 'rsVzg', 5, '+916351 570 395', 0, 'mwr.life/s/rsVzg', '0', '5C336712-D314-4FA2-86B7-659E73B390F3', 'https://www.mwrlife.com/v2aubin/signup-lite/XJC487', 1, '2019-03-01 02:03:32', '0000-00-00 00:00:00', 1),
(364, 'A0P8R', 5, '+916351 570 395', 0, 'mwr.life/s/A0P8R', '0', '5C336712-D314-4FA2-86B7-659E73B390F3', 'https://www.mwrlife.com/v2aubin/signup-lite/XJC487', 1, '2019-03-01 02:03:37', '0000-00-00 00:00:00', 1),
(365, 'WtlhQ', 5, '+916351 570 395', 0, 'mwr.life/s/WtlhQ', '0', '5C336712-D314-4FA2-86B7-659E73B390F3', 'https://www.mwrlife.com/v2aubin/signup-traveladvantagevip', 1, '2019-03-01 02:03:49', '0000-00-00 00:00:00', 1),
(366, 'yIjQG', 5, '+916351 570 395', 0, 'mwr.life/s/yIjQG', '0', '5C336712-D314-4FA2-86B7-659E73B390F3', 'https://www.mwrlife.com/v2aubin/signup-traveladvantagepro', 1, '2019-03-01 02:03:57', '0000-00-00 00:00:00', 1),
(367, 'FmscF', 5, '+9196 01 197012', 0, 'mwr.life/s/FmscF', '0', '34C6132B-9E9F-4348-A2D5-B0F9A3421A34', 'https://www.mwrlife.com/v2aubin', 0, '2019-03-01 02:03:11', '0000-00-00 00:00:00', 1),
(368, 'tpGit', 13, '', 0, 'mwr.life/s/tpGit', '0', '', 'https://www.mwrlife.com/UnitedLifeServices/signup-traveladvantagevip', 1, '2019-03-01 02:03:26', '0000-00-00 00:00:00', 1),
(369, 'NitXB', 13, '', 0, 'mwr.life/s/NitXB', '0', '', 'https://www.mwrlife.com/UnitedLifeServices/signup-lite', 1, '2019-03-01 02:03:55', '0000-00-00 00:00:00', 1),
(370, 'eFnwb', 13, '', 0, 'mwr.life/s/eFnwb', '0', '', 'https://www.mwrlife.com/UnitedLifeServices/signup-lite', 1, '2019-03-01 02:03:18', '0000-00-00 00:00:00', 1),
(371, '7rXu4', 13, '', 0, 'mwr.life/s/7rXu4', '0', '', 'https://www.mwrlife.com/UnitedLifeServices/signup-lite', 1, '2019-03-01 02:03:31', '0000-00-00 00:00:00', 1),
(372, '1Ruc1', 13, '', 0, 'mwr.life/s/1Ruc1', '0', '', 'https://www.mwrlife.com/UnitedLifeServices/signup-lite', 1, '2019-03-01 02:03:41', '0000-00-00 00:00:00', 1),
(373, 'q0MHW', 13, '', 0, 'mwr.life/s/q0MHW', '0', '', 'https://www.mwrlife.com/UnitedLifeServices/signup-lite', 1, '2019-03-01 02:03:48', '0000-00-00 00:00:00', 1),
(374, '3AxO3', 13, 'Gaurav Sir', 29, 'mwr.life/s/3AxO3', '0', '3817', 'https://mwrlifeapp.com/assets/media/89cd3c644e0ab6bc3e30817f368442c3.pdf', 0, '2019-03-01 02:03:59', '0000-00-00 00:00:00', 1),
(375, 'iBXnW', 5, 'ChinmayPatel', 0, 'mwr.life/s/iBXnW', '0', '299D33D6-346A-4F24-9F27-D27ABCB18B75:ABPerson', 'https://www.mwrlife.com/v2aubin/signup-traveladvantagepro', 1, '2019-03-01 04:03:47', '2019-03-01 04:15:11', 1),
(376, '7Orra', 5, 'ChinmayPatel', 0, 'mwr.life/s/7Orra', '0', '299D33D6-346A-4F24-9F27-D27ABCB18B75:ABPerson', 'https://www.mwrlife.com/v2aubin/signup-traveladvantagevip', 1, '2019-03-01 04:03:29', '2019-03-01 04:15:55', 1),
(377, 'LY0Xu', 5, 'ChinmayPatel', 0, 'mwr.life/s/LY0Xu', '0', '299D33D6-346A-4F24-9F27-D27ABCB18B75:ABPerson', 'https://www.mwrlife.com/v2aubin/signup-lifestyle', 0, '2019-03-01 04:03:25', '2019-03-01 04:16:50', 1),
(378, 'y99Mv', 5, 'Chinmay Patel', 38, 'mwr.life/s/y99Mv', '0', '299D33D6-346A-4F24-9F27-D27ABCB18B75:ABPerson', 'https://www.youtube.com/watch?v=ikCDbUM8Zn8', 0, '2019-03-01 04:03:30', '2019-03-01 04:17:54', 1),
(379, '9soqn', 5, 'ChinmayPatel', 0, 'mwr.life/s/9soqn', '0', '299D33D6-346A-4F24-9F27-D27ABCB18B75:ABPerson', 'https://www.mwrlife.com/v2aubin/signup-lifestyle', 0, '2019-03-01 04:03:56', '2019-03-01 04:20:22', 1),
(380, '32Tqd', 5, 'ChinmayPatel', 0, 'mwr.life/s/32Tqd', '0', '299D33D6-346A-4F24-9F27-D27ABCB18B75:ABPerson', 'https://www.mwrlife.com/v2aubin/signup-traveladvantagepro', 1, '2019-03-01 04:03:18', '2019-03-01 04:25:18', 1),
(381, 'HjEjJ', 5, 'ChinmayPatel', 0, 'mwr.life/s/HjEjJ', '0', '299D33D6-346A-4F24-9F27-D27ABCB18B75:ABPerson', 'https://www.mwrlife.com/v2aubin', 0, '2019-03-01 04:03:33', '2019-03-01 04:29:31', 1),
(382, 'JDdII', 5, 'ChinmayPatel', 0, 'mwr.life/s/JDdII', '0', '299D33D6-346A-4F24-9F27-D27ABCB18B75:ABPerson', 'https://www.mwrlife.com/v2aubin', 0, '2019-03-01 04:03:22', '0000-00-00 00:00:00', 1),
(383, 'BwWW9', 5, 'BrijeshChauhan', 0, 'mwr.life/s/BwWW9', '0', '5CBEF217-C8E0-4115-9BEF-FCFEDCB4753A', 'https://www.mwrlife.com/v2aubin/signup-lite/XJC487', 1, '2019-03-02 06:03:33', '0000-00-00 00:00:00', 1),
(384, '7EQAs', 5, 'BrijeshChauhan', 0, 'mwr.life/s/7EQAs', '0', '5CBEF217-C8E0-4115-9BEF-FCFEDCB4753A', 'https://www.mwrlife.com/v2aubin/signup-lite/XJC487', 1, '2019-03-02 06:03:41', '0000-00-00 00:00:00', 1),
(385, 'hVrbC', 5, 'Brijesh Chauhan', 29, 'mwr.life/s/hVrbC', '0', '5CBEF217-C8E0-4115-9BEF-FCFEDCB4753A', 'https://mwrlifeapp.com/assets/media/89cd3c644e0ab6bc3e30817f368442c3.pdf', 0, '2019-03-02 06:03:31', '0000-00-00 00:00:00', 1),
(386, 'sy4rI', 5, 'Brijesh Chauhan', 29, 'mwr.life/s/sy4rI', '0', '5CBEF217-C8E0-4115-9BEF-FCFEDCB4753A', 'https://mwrlifeapp.com/assets/media/89cd3c644e0ab6bc3e30817f368442c3.pdf', 0, '2019-03-02 07:03:43', '0000-00-00 00:00:00', 1),
(387, 'IYlg0', 5, 'Brijesh Chauhan', 29, 'mwr.life/s/IYlg0', '0', '5CBEF217-C8E0-4115-9BEF-FCFEDCB4753A', 'https://mwrlifeapp.com/assets/media/89cd3c644e0ab6bc3e30817f368442c3.pdf', 0, '2019-03-02 07:03:53', '2019-03-02 07:06:54', 1),
(388, 'kJg8S', 5, 'Brijesh Chauhan', 39, 'mwr.life/s/kJg8S', '0', '5CBEF217-C8E0-4115-9BEF-FCFEDCB4753A', 'https://www.youtube.com/watch?v=8zXe8mWr_ZM', 0, '2019-03-02 07:03:31', '0000-00-00 00:00:00', 1),
(389, 'EjP1O', 5, 'Brijesh Chauhan', 29, 'mwr.life/s/EjP1O', '0', '5CBEF217-C8E0-4115-9BEF-FCFEDCB4753A', 'https://mwrlifeapp.com/assets/media/89cd3c644e0ab6bc3e30817f368442c3.pdf', 0, '2019-03-02 07:03:40', '0000-00-00 00:00:00', 1),
(390, 'XkqnE', 5, 'Brijesh Chauhan', 29, 'mwr.life/s/XkqnE', '0', '5CBEF217-C8E0-4115-9BEF-FCFEDCB4753A', 'https://mwrlifeapp.com/assets/media/89cd3c644e0ab6bc3e30817f368442c3.pdf', 0, '2019-03-02 07:03:44', '0000-00-00 00:00:00', 1),
(391, '5PKTu', 5, 'Brijesh Chauhan', 39, 'mwr.life/s/5PKTu', '0', '5CBEF217-C8E0-4115-9BEF-FCFEDCB4753A', 'https://www.youtube.com/watch?v=8zXe8mWr_ZM', 0, '2019-03-02 08:03:15', '2019-03-02 08:26:14', 1),
(392, 'QOzDc', 5, 'BrijeshChauhan', 0, 'mwr.life/s/QOzDc', '0', '5CBEF217-C8E0-4115-9BEF-FCFEDCB4753A', 'https://www.mwrlife.com/v2aubin/signup-lite/XJC487', 1, '2019-03-02 08:03:43', '2019-03-02 08:35:07', 1),
(393, 'd6BMU', 5, 'BrijeshChauhan', 0, 'mwr.life/s/d6BMU', '0', '5CBEF217-C8E0-4115-9BEF-FCFEDCB4753A', 'https://www.mwrlife.com/v2aubin/signup-lifestyle', 0, '2019-03-02 08:03:02', '2019-03-02 08:51:31', 1),
(394, 'tYH2y', 5, 'Brijesh Chauhan', 39, 'mwr.life/s/tYH2y', '0', '5CBEF217-C8E0-4115-9BEF-FCFEDCB4753A', 'https://www.youtube.com/watch?v=8zXe8mWr_ZM', 0, '2019-03-02 09:03:25', '0000-00-00 00:00:00', 1),
(395, 'nFqk8', 5, 'Hari Chittem', 39, 'mwr.life/s/nFqk8', '0', 'F2D50FE4-9B08-454D-AF0C-9A6E2255CA45', 'https://www.youtube.com/watch?v=8zXe8mWr_ZM', 0, '2019-03-02 09:03:49', '0000-00-00 00:00:00', 1),
(396, 'fklBD', 5, 'Brijesh Chauhan', 39, 'mwr.life/s/fklBD', '0', '5CBEF217-C8E0-4115-9BEF-FCFEDCB4753A', 'https://www.youtube.com/watch?v=8zXe8mWr_ZM', 0, '2019-03-02 09:03:56', '0000-00-00 00:00:00', 1),
(397, '4JaPe', 5, 'Brijesh Chauhan', 39, 'mwr.life/s/4JaPe', '0', '5CBEF217-C8E0-4115-9BEF-FCFEDCB4753A', 'https://www.youtube.com/watch?v=8zXe8mWr_ZM', 0, '2019-03-02 09:03:08', '0000-00-00 00:00:00', 1),
(398, 'HtxUY', 5, 'Gayitri', 0, 'mwr.life/s/HtxUY', '0', '482C7151-D2AC-4B73-B876-30A247DCC779', 'https://www.mwrlife.com/v2aubin/signup-traveladvantagevip', 1, '2019-03-02 09:03:32', '0000-00-00 00:00:00', 1),
(399, 'XgJV9', 5, 'Gayitri', 0, 'mwr.life/s/XgJV9', '0', '482C7151-D2AC-4B73-B876-30A247DCC779', 'https://www.mwrlife.com/v2aubin/signup-lite/CNE036', 1, '2019-03-02 09:03:54', '0000-00-00 00:00:00', 1),
(400, 'WaKpt', 5, 'Gayitri', 0, 'mwr.life/s/WaKpt', '0', '482C7151-D2AC-4B73-B876-30A247DCC779', 'https://www.mwrlife.com/v2aubin/signup-lite/CNE036', 1, '2019-03-02 10:03:08', '0000-00-00 00:00:00', 1),
(401, 'TZGzj', 5, 'Gayitri', 35, 'mwr.life/s/TZGzj', '0', '482C7151-D2AC-4B73-B876-30A247DCC779', 'https://mwrlifeapp.com/assets/media/thumbnail/f516bd083531e3fe26fc256fc8c954e6.png', 0, '2019-03-02 10:03:40', '0000-00-00 00:00:00', 1),
(402, 'ZbuVM', 5, 'BrijeshChauhan', 0, 'mwr.life/s/ZbuVM', '0', '5CBEF217-C8E0-4115-9BEF-FCFEDCB4753A', 'https://www.mwrlife.com/v2aubin/signup-lite/CNE036', 1, '2019-03-02 10:03:03', '0000-00-00 00:00:00', 1),
(403, 'uQ8Hz', 13, 'Brijesh Chauhan', 30, 'mwr.life/s/uQ8Hz', '0', '5CBEF217-C8E0-4115-9BEF-FCFEDCB4753A', 'https://www.youtube.com/watch?v=ikCDbUM8Zn8', 0, '2019-03-02 10:03:51', '0000-00-00 00:00:00', 1),
(404, 's2sfn', 13, 'ShubhamOC', 0, 'mwr.life/s/s2sfn', '0', '2B10C096-751E-43A3-BE19-B99DBEE908B7:ABPerson', 'https://www.mwrlife.com/UnitedLifeServices/signup-lite', 1, '2019-03-02 12:03:21', '0000-00-00 00:00:00', 1),
(405, 'ptmUG', 13, 'ShubhamOC', 0, 'mwr.life/s/ptmUG', '0', '2B10C096-751E-43A3-BE19-B99DBEE908B7:ABPerson', 'https://www.mwrlife.com/UnitedLifeServices/signup-lite', 1, '2019-03-02 12:03:40', '0000-00-00 00:00:00', 1),
(406, 'BD13T', 13, 'ShubhamOC', 0, 'mwr.life/s/BD13T', '0', '2B10C096-751E-43A3-BE19-B99DBEE908B7:ABPerson', 'https://www.mwrlife.com/UnitedLifeServices/signup-lite', 1, '2019-03-02 12:03:57', '0000-00-00 00:00:00', 1),
(407, 'Cepoe', 13, 'ShubhamOC', 0, 'mwr.life/s/Cepoe', '0', '2B10C096-751E-43A3-BE19-B99DBEE908B7:ABPerson', 'https://www.mwrlife.com/UnitedLifeServices/signup-lite', 1, '2019-03-02 12:03:09', '0000-00-00 00:00:00', 1),
(408, 'HKO7c', 13, 'ShubhamOC', 0, 'mwr.life/s/HKO7c', '0', '2B10C096-751E-43A3-BE19-B99DBEE908B7:ABPerson', 'https://www.mwrlife.com/UnitedLifeServices/signup-lite', 1, '2019-03-02 12:03:17', '0000-00-00 00:00:00', 1),
(409, '2tHtx', 13, 'ShubhamOC', 0, 'mwr.life/s/2tHtx', '0', '2B10C096-751E-43A3-BE19-B99DBEE908B7:ABPerson', 'https://www.mwrlife.com/UnitedLifeServices/signup-lite', 1, '2019-03-02 12:03:25', '0000-00-00 00:00:00', 1),
(410, 'LH8dr', 5, '', 0, 'mwr.life/s/LH8dr', '0', '', 'https://www.mwrlife.com/v2aubin/signup-traveladvantagepro', 1, '2019-03-02 12:03:21', '0000-00-00 00:00:00', 1),
(411, 'gziYt', 5, '', 0, 'mwr.life/s/gziYt', '0', '', 'https://www.mwrlife.com/v2aubin/signup-lite/CNE036', 1, '2019-03-02 12:03:39', '0000-00-00 00:00:00', 1),
(412, 'qJqUp', 13, 'ShubhamOC', 0, 'mwr.life/s/qJqUp', '0', '2B10C096-751E-43A3-BE19-B99DBEE908B7:ABPerson', 'https://www.mwrlife.com/UnitedLifeServices/signup-lite', 1, '2019-03-02 12:03:54', '0000-00-00 00:00:00', 1),
(413, 'EFJhz', 5, '', 0, 'mwr.life/s/EFJhz', '0', '', 'https://www.mwrlife.com/v2aubin/join/signup-lifestyle', 0, '2019-03-02 12:03:56', '0000-00-00 00:00:00', 1),
(414, '52sIs', 5, 'Akshay', 0, 'mwr.life/s/52sIs', '0', '09186C04-5EAF-4D31-A648-B6945D50FD76', 'https://www.mwrlife.com/v2aubin/signup-lite/CNE036', 1, '2019-03-02 12:03:57', '2019-03-02 12:22:18', 1),
(415, 'D8uKe', 5, 'Aditey', 0, 'mwr.life/s/D8uKe', '0', '625B890C-6951-458B-8DEF-A361E7830E31', 'https://www.mwrlife.com/v2aubin/signup-lifestyle', 0, '2019-03-02 12:03:44', '0000-00-00 00:00:00', 1),
(416, 'kSe6w', 5, 'Aditey', 0, 'mwr.life/s/kSe6w', '0', '625B890C-6951-458B-8DEF-A361E7830E31', 'https://www.mwrlife.com/v2aubin/signup-lifestyle', 0, '2019-03-02 12:03:49', '0000-00-00 00:00:00', 1),
(417, '2YrwE', 5, 'Aditey', 0, 'mwr.life/s/2YrwE', '0', '625B890C-6951-458B-8DEF-A361E7830E31', 'https://www.mwrlife.com/v2aubin/signup-lifestyle', 0, '2019-03-02 12:03:58', '0000-00-00 00:00:00', 1),
(418, '5JQOD', 5, 'Aditey', 0, 'mwr.life/s/5JQOD', '0', '625B890C-6951-458B-8DEF-A361E7830E31', 'https://www.mwrlife.com/v2aubin/signup-lite/PFC724', 1, '2019-03-02 12:03:08', '0000-00-00 00:00:00', 1),
(419, 'sYmCz', 5, 'Accenture', 0, 'mwr.life/s/sYmCz', '0', '91A4A5B5-2CAF-4918-A2AA-0C76F0C870A6', 'https://www.mwrlife.com/v2aubin/signup-lifestyle', 0, '2019-03-02 12:03:02', '2019-03-02 12:24:19', 1),
(420, '15VA5', 5, '', 0, 'mwr.life/s/15VA5', '0', '', 'https://www.mwrlife.com/v2aubin/join/signup-lifestyle', 0, '2019-03-02 12:03:31', '2019-03-02 12:26:42', 1),
(421, 'OmG7j', 5, '', 0, 'mwr.life/s/OmG7j', '0', '', 'https://www.mwrlife.com/v2aubin/signup-traveladvantagepro', 1, '2019-03-02 12:03:23', '2019-03-02 12:28:24', 1),
(422, 'GCSl5', 5, '', 0, 'mwr.life/s/GCSl5', '0', '', 'https://www.mwrlife.com/v2aubin/signup-traveladvantagevip', 1, '2019-03-02 12:03:35', '0000-00-00 00:00:00', 1),
(423, 'gFoJ3', 5, '', 0, 'mwr.life/s/gFoJ3', '0', '', 'https://www.mwrlife.com/v2aubin/signup-lifestyle', 0, '2019-03-02 12:03:14', '0000-00-00 00:00:00', 1),
(424, 'DE5IM', 5, '', 0, 'mwr.life/s/DE5IM', '0', '', 'https://www.mwrlife.com/v2aubin/signup-lite/PFC724', 1, '2019-03-02 12:03:49', '2019-03-02 12:29:03', 1),
(425, '5mPgd', 5, 'ChiragPatadia', 0, 'mwr.life/s/5mPgd', '0', '0B1C583D-BC1F-4738-974F-5C309134624B', 'https://www.mwrlife.com/v2aubin/signup-lite/KHR403', 1, '2019-03-02 12:03:41', '2019-03-02 12:38:51', 1),
(426, 'EwFJS', 5, 'AV Patel', 0, 'mwr.life/s/EwFJS', '0', '13C68287-87E6-480F-A3F4-D3A5B535CB49', 'https://www.mwrlife.com/v2aubin/signup-lite/EFW462', 1, '2019-03-02 12:03:43', '2019-03-02 12:45:04', 1),
(427, 'yHE3L', 5, 'Num+Email', 39, 'mwr.life/s/yHE3L', '0', '60', 'https://www.youtube.com/watch?v=8zXe8mWr_ZM', 0, '2019-03-02 01:03:51', '2019-03-02 01:34:30', 1),
(428, 'cloYZ', 5, '', 0, 'mwr.life/s/cloYZ', '0', '', 'https://www.mwrlife.com/v2aubin/signup-lite/HSU763', 1, '2019-03-02 02:03:45', '2019-03-02 02:24:53', 1),
(429, 'mkZqO', 5, '', 0, 'mwr.life/s/mkZqO', '0', '', 'https://www.mwrlife.com/v2aubin/signup-lifestyle', 0, '2019-03-02 02:03:12', '2019-03-02 02:24:53', 1),
(430, 'hgMaa', 5, '', 0, 'mwr.life/s/hgMaa', '0', '3143', 'https://www.mwrlife.com/v2aubin/signup-lifestyle', 0, '2019-03-02 02:03:36', '2019-03-02 02:33:19', 1),
(431, 'ONXvp', 5, '', 0, 'mwr.life/s/ONXvp', '0', '3143', 'https://www.mwrlife.com/v2aubin/signup-lifestyle', 0, '2019-03-02 02:03:57', '0000-00-00 00:00:00', 1),
(432, 'YAVQB', 5, '', 0, 'mwr.life/s/YAVQB', '0', '3143', 'https://www.mwrlife.com/v2aubin/signup-traveladvantagepro', 1, '2019-03-02 02:03:13', '2019-03-02 02:36:57', 1),
(433, 'A15OG', 5, 'Distress', 0, 'mwr.life/s/A15OG', '0', '3143', 'https://www.mwrlife.com/v2aubin/signup-lifestyle', 0, '2019-03-02 02:03:19', '2019-03-02 02:44:47', 1),
(434, 'YFx1c', 5, 'Distress', 0, 'mwr.life/s/YFx1c', '0', '3143', 'https://www.mwrlife.com/v2aubin/signup-lifestyle', 0, '2019-03-02 02:03:34', '2019-03-02 02:45:50', 1),
(435, '32BuM', 5, 'Distress', 0, 'mwr.life/s/32BuM', '0', '3143', 'https://www.mwrlife.com/v2aubin/signup-traveladvantagepro', 1, '2019-03-02 02:03:25', '2019-03-02 02:53:21', 1),
(436, '8d8cS', 5, 'Distress', 39, 'mwr.life/s/8d8cS', '0', '3143', 'https://www.youtube.com/watch?v=8zXe8mWr_ZM', 0, '2019-03-02 02:03:10', '0000-00-00 00:00:00', 1),
(437, 'vdS08', 5, 'Harsh', 39, 'mwr.life/s/vdS08', '0', '3141', 'https://www.youtube.com/watch?v=8zXe8mWr_ZM', 0, '2019-03-02 02:03:12', '2019-03-02 02:53:21', 1),
(438, 'bA6MH', 5, 'Distress', 0, 'mwr.life/s/bA6MH', '0', '3143', 'https://www.mwrlife.com/v2aubin/signup-lifestyle', 0, '2019-03-02 02:03:52', '2019-03-02 02:55:12', 1),
(439, '0CD9b', 5, 'Distress', 0, 'mwr.life/s/0CD9b', '0', '3143', 'https://www.mwrlife.com/v2aubin/signup-traveladvantagepro', 1, '2019-03-02 02:03:44', '0000-00-00 00:00:00', 1),
(440, 'hVDmR', 5, 'Distress', 0, 'mwr.life/s/hVDmR', '0', '3143', 'https://www.mwrlife.com/v2aubin/signup-traveladvantagepro', 1, '2019-03-02 02:03:55', '2019-03-02 03:34:56', 1),
(441, 'jQEhU', 5, 'Distress', 39, 'mwr.life/s/jQEhU', '0', '3143', 'https://www.youtube.com/watch?v=8zXe8mWr_ZM', 0, '2019-03-02 03:03:21', '2019-03-02 03:02:51', 1),
(442, 'WmdBL', 5, 'Distress', 0, 'mwr.life/s/WmdBL', '0', '3143', 'https://www.mwrlife.com/v2aubin/signup-traveladvantagepro', 1, '2019-03-02 03:03:58', '0000-00-00 00:00:00', 1),
(443, 'r1yrX', 5, 'Distress', 0, 'mwr.life/s/r1yrX                                                                                      Guest Pass:WXD387', '0', '3143', 'https://www.mwrlife.com/v2aubin/signup-lite', 1, '2019-03-02 03:03:17', '0000-00-00 00:00:00', 1),
(444, 'X6cWs', 5, 'AbhinavNishant Hsbc', 0, 'mwr.life/s/X6cWs', '0', '9ADC075D-A5C0-47B4-B4AC-F4591EFBC195', 'https://www.mwrlife.com/v2aubin/signup-traveladvantagevip', 1, '2019-03-02 03:03:27', '0000-00-00 00:00:00', 1),
(445, 'DI8XW', 5, 'AbhinavNishant Hsbc', 0, 'mwr.life/s/DI8XW', '0', '9ADC075D-A5C0-47B4-B4AC-F4591EFBC195', 'https://www.mwrlife.com/v2aubin/signup-traveladvantagevip', 1, '2019-03-02 03:03:38', '0000-00-00 00:00:00', 1),
(446, 'SFNBL', 5, 'Distress', 0, 'mwr.life/s/SFNBL', '0', '14', 'https://www.mwrlife.com/v2aubin', 1, '2019-03-02 03:03:20', '2019-03-02 03:58:19', 1),
(447, '5EeI3', 5, 'Agentketan', 0, 'mwr.life/s/5EeI3', '0', '3114AFE9-32A8-4172-804C-086A3E753F58', 'https://www.mwrlife.com/v2aubin/signup-traveladvantagepro', 1, '2019-03-02 03:03:39', '0000-00-00 00:00:00', 1),
(448, 'bnQVh', 5, 'Distress', 39, 'mwr.life/s/bnQVh', '0', '14', 'https://www.youtube.com/watch?v=8zXe8mWr_ZM', 0, '2019-03-02 04:03:58', '2019-03-02 04:03:33', 1),
(449, 'Q1Nvh', 5, 'Distress', 0, 'mwr.life/s/Q1Nvh', '0', '14', 'https://www.mwrlife.com/v2aubin', 1, '2019-03-02 04:03:19', '0000-00-00 00:00:00', 1),
(450, 'biDsL', 5, '+01024570676', 0, 'mwr.life/s/biDsL                                                                                      Guest Pass:NXM706', '0', '7616CE8E-44AF-4C06-9958-F5AC8887D7D7', 'https://www.mwrlife.com/v2aubin/signup-lite', 1, '2019-03-02 04:03:56', '0000-00-00 00:00:00', 1),
(451, 'm6420', 5, '+01024570676', 0, 'mwr.life/s/m6420                                                                                      Guest Pass:NXM706', '0', '7616CE8E-44AF-4C06-9958-F5AC8887D7D7', 'https://www.mwrlife.com/v2aubin/signup-lite', 1, '2019-03-02 04:03:03', '0000-00-00 00:00:00', 1),
(452, 'h71uc', 5, 'Distress', 0, 'mwr.life/s/h71uc                                                                                      Guest Pass:NXM706', '0', '14', 'https://www.mwrlife.com/v2aubin/signup-lite', 1, '2019-03-02 04:03:00', '2019-03-02 04:09:42', 1),
(453, 'LhVcp', 5, 'Distress', 0, 'mwr.life/s/LhVcp', '0', '14', 'https://www.mwrlife.com/v2aubin', 1, '2019-03-02 04:03:35', '0000-00-00 00:00:00', 1),
(454, 'Jgc1F', 5, 'Distress', 0, 'mwr.life/s/Jgc1F', '0', '14', 'https://www.mwrlife.com/v2aubin', 1, '2019-03-02 04:03:15', '0000-00-00 00:00:00', 1),
(455, 'N13TY', 5, 'Distress', 0, 'mwr.life/s/N13TY', '0', '14', 'https://www.mwrlife.com/v2aubin', 1, '2019-03-02 04:03:40', '2019-03-02 04:18:49', 1),
(456, '5MKe0', 5, 'Distress', 0, 'mwr.life/s/5MKe0', '0', '14', 'https://www.mwrlife.com/v2aubin', 1, '2019-03-02 04:03:24', '2019-03-02 04:19:44', 1),
(457, 'vOHXd', 5, 'Distress', 0, 'mwr.life/s/vOHXd', '0', '14', 'https://www.mwrlife.com/v2aubin', 1, '2019-03-02 04:03:24', '2019-03-02 04:22:31', 1),
(458, 'MlzQo', 5, 'Distress', 0, 'mwr.life/s/MlzQo', '0', '14', 'https://www.mwrlife.com/v2aubin', 1, '2019-03-02 04:03:32', '2019-03-02 04:23:38', 1),
(459, 'naP6K', 5, 'Distress', 0, 'mwr.life/s/naP6K', '0', '14', 'https://www.mwrlife.com/v2aubin', 1, '2019-03-02 04:03:13', '0000-00-00 00:00:00', 1),
(460, 't0fO1', 5, 'Distress', 0, 'mwr.life/s/t0fO1', '0', '14', 'https://www.mwrlife.com/v2aubin', 1, '2019-03-02 04:03:21', '0000-00-00 00:00:00', 1),
(461, 'n77fo', 5, 'Only', 39, 'mwr.life/s/n77fo', '0', '2', 'https://www.youtube.com/watch?v=8zXe8mWr_ZM', 0, '2019-03-02 04:03:01', '0000-00-00 00:00:00', 1),
(462, 'ogm5u', 5, 'Distress', 39, 'mwr.life/s/ogm5u', '0', '14', 'https://www.youtube.com/watch?v=8zXe8mWr_ZM', 0, '2019-03-02 04:03:03', '2019-03-04 12:20:20', 1),
(463, 'w3r7r', 5, 'Harsh', 0, 'mwr.life/s/w3r7r', '0', '13', 'https://www.mwrlife.com/v2aubin', 1, '2019-03-02 05:03:33', '0000-00-00 00:00:00', 1),
(464, 'fedLB', 13, 'Shubham', 0, 'mwr.life/s/fedLB                                                                                      Guest Pass:YUT563', '0', '336', 'https://www.mwrlife.com/UnitedLifeServices/signup-lite', 1, '2019-03-02 07:03:59', '0000-00-00 00:00:00', 1),
(465, 'xNVIi', 13, 'ALAN', 39, 'mwr.life/s/xNVIi', '0', '604', 'https://www.youtube.com/watch?v=8zXe8mWr_ZM', 0, '2019-03-02 08:03:26', '0000-00-00 00:00:00', 1),
(466, 'Q2Tga', 13, '', 0, 'mwr.life/s/Q2Tga', '0', '', 'https://www.mwrlife.com/UnitedLifeServices/join', 0, '2019-03-02 08:03:45', '0000-00-00 00:00:00', 1),
(467, '4fIHx', 13, 'Gaurav Sir', 0, 'mwr.life/s/4fIHx                                                                                      Guest Pass:YUT563', '0', '3817', 'https://www.mwrlife.com/UnitedLifeServices/signup-lite', 1, '2019-03-04 06:03:12', '2019-03-04 10:32:33', 1),
(468, '3LUYX', 13, 'DistressNumber', 0, 'mwr.life/s/3LUYX', '0', 'C6A887BC-FFD2-4877-B03C-C1E0C0F610C6', 'https://www.mwrlife.com/UnitedLifeServices', 1, '2019-03-04 06:03:12', '0000-00-00 00:00:00', 1),
(469, 'ClKDb', 13, 'DistressNumber', 0, 'mwr.life/s/ClKDb', '0', 'C6A887BC-FFD2-4877-B03C-C1E0C0F610C6', 'https://www.mwrlife.com/UnitedLifeServices', 1, '2019-03-04 06:03:29', '2019-03-04 06:50:41', 1),
(470, '24xWg', 13, 'Dodiya Dilip One', 0, 'mwr.life/s/24xWg                                                                                      Guest Pass:EJU571', '0', '3809', 'https://www.mwrlife.com/UnitedLifeServices/signup-lite', 1, '2019-03-04 07:03:24', '2019-03-04 07:23:13', 1),
(471, 'YuBMo', 13, 'Dodiya Dilip One', 33, 'mwr.life/s/YuBMo', '0', '3809', 'https://mwrlifeapp.com/assets/media/thumbnail/1b934277ae2c95796461a448bde8af23.jpg', 0, '2019-03-04 08:03:50', '2019-03-04 08:01:18', 1),
(472, 'cFrrU', 13, 'AbcAbc', 0, 'mwr.life/s/cFrrU                                                                                      Guest Pass:EJU571', '0', 'A153CC79-1D14-4E1A-A77C-6487213CFC82', 'https://www.mwrlife.com/UnitedLifeServices/signup-lite', 1, '2019-03-04 10:03:54', '0000-00-00 00:00:00', 1),
(473, 'zOkRr', 5, 'Distress', 0, '<a href=mwr.life/s/zOkRr>mwr.life/s/zOkRr</a><br>Guest Pass:BPF437', '', '1', 'https://www.mwrlife.com/v2aubin/signup-lite', 1, '2019-03-04 11:03:39', '0000-00-00 00:00:00', 1),
(474, '1AYO9', 5, 'Distress', 0, '<a href=mwr.life/s/1AYO9>mwr.life/s/1AYO9</a><br>Guest Pass:FWT250', '', '14', 'https://www.mwrlife.com/v2aubin/signup-lite', 1, '2019-03-04 11:03:23', '0000-00-00 00:00:00', 1),
(475, '2s4Dc', 5, 'Distress', 0, '<a href=mwr.life/s/2s4Dc>mwr.life/s/2s4Dc</a><br>Guest Pass:NXM706', '', '14', 'https://www.mwrlife.com/v2aubin/signup-lite', 1, '2019-03-04 11:03:46', '2019-03-04 11:22:57', 1),
(476, 'ub9GW', 5, 'Distress', 0, '<a href=mwr.life/s/ub9GW>mwr.life/s/ub9GW</a><br>Guest Pass:JGV256', '', '14', 'https://www.mwrlife.com/v2aubin/signup-lite', 1, '2019-03-04 11:03:28', '0000-00-00 00:00:00', 1),
(477, '83F9H', 5, 'Harsh', 39, 'mwr.life/s/83F9H', '', '13', 'https://www.youtube.com/watch?v=8zXe8mWr_ZM', 0, '2019-03-04 12:03:30', '2019-03-04 12:00:48', 1),
(478, 'rAdfu', 13, 'Shubham', 0, '<a href=mwr.life/s/rAdfu>mwr.life/s/rAdfu</a><br>Guest Pass:YUT563', '', '336', 'https://www.mwrlife.com/UnitedLifeServices/signup-lite', 1, '2019-03-04 12:03:09', '0000-00-00 00:00:00', 1),
(479, '8sqM3', 13, 'Gaurav Sir', 0, '<a href=mwr.life/s/8sqM3>mwr.life/s/8sqM3</a><br>Guest Pass:HRS162', '', '3817', 'https://www.mwrlife.com/UnitedLifeServices/signup-lite', 1, '2019-03-04 12:03:42', '2019-03-04 12:12:20', 1),
(480, 'tH96H', 13, 'AudreyMay', 0, '<a href=mwr.life/s/tH96H>mwr.life/s/tH96H</a><br>Guest Pass:HXT470', '', '205334FF-4F97-4083-8787-DFFB2E1D8A6A', 'https://www.mwrlife.com/UnitedLifeServices/signup-lite', 1, '2019-03-04 12:03:30', '0000-00-00 00:00:00', 1),
(481, 'PcViX', 5, 'ChinmayOneclick', 0, '<a href=mwr.life/s/PcViX>mwr.life/s/PcViX</a>', '', '54C2701C-D0DD-461A-B440-BAFA34565F42:ABPerson', 'https://www.mwrlife.com/v2aubin/signup-traveladvantagevip', 1, '2019-03-04 12:03:59', '0000-00-00 00:00:00', 1),
(482, '2NQzx', 5, '+01024570676', 0, '<a href=mwr.life/s/2NQzx>mwr.life/s/2NQzx</a><br>Guest Pass:YJY012', '', '7616CE8E-44AF-4C06-9958-F5AC8887D7D7', 'https://www.mwrlife.com/v2aubin/signup-lite', 1, '2019-03-04 12:03:25', '0000-00-00 00:00:00', 1),
(483, 'j2r56', 5, 'Distress', 0, '<a href=mwr.life/s/j2r56>mwr.life/s/j2r56</a>', '', '14', 'https://www.mwrlife.com/v2aubin', 1, '2019-03-04 01:03:36', '0000-00-00 00:00:00', 1),
(484, 'rSKOl', 5, 'Distress', 0, '<a href=mwr.life/s/rSKOl>mwr.life/s/rSKOl</a>', '', '14', 'https://www.mwrlife.com/v2aubin', 1, '2019-03-04 01:03:16', '0000-00-00 00:00:00', 1),
(485, 'xCdXE', 5, 'Harsh', 0, '<a href=mwr.life/s/xCdXE>mwr.life/s/xCdXE</a>', '', '13', 'https://www.mwrlife.com/v2aubin', 1, '2019-03-04 01:03:36', '0000-00-00 00:00:00', 1),
(486, 'GCB1b', 5, 'Harsh', 0, 'mwr.life/s/GCB1b', '', '13', 'https://www.mwrlife.com/v2aubin', 1, '2019-03-04 01:03:59', '2019-03-05 08:07:54', 1),
(487, '8V3J1', 5, 'Distress', 0, 'mwr.life/s/8V3J1', 'd429b1e9a4c07df3', '14', 'https://www.mwrlife.com/v2aubin/signup-lite', 1, '2019-03-04 01:03:04', '2019-03-04 01:24:15', 1),
(488, 'tAswC', 5, 'Distress', 0, 'mwr.life/s/tAswC', 'd429b1e9a4c07df3', '14', 'https://www.mwrlife.com/v2aubin', 1, '2019-03-04 01:03:28', '2019-03-04 01:24:33', 1),
(489, 'Vs7PQ', 5, 'Distress', 0, 'mwr.life/s/Vs7PQ', 'd429b1e9a4c07df3', '14', 'https://www.mwrlife.com/v2aubin', 1, '2019-03-04 01:03:07', '0000-00-00 00:00:00', 1),
(490, 'laicX', 5, 'Distress', 0, '<a href=></a><br>Guest Pass:JSR054', 'd429b1e9a4c07df3', '14', 'https://www.mwrlife.com/v2aubin/signup-lite', 1, '2019-03-04 01:03:11', '0000-00-00 00:00:00', 1),
(491, '5s0nk', 5, 'Distress', 0, '<a href=></a><br>Guest Pass:ERV776', 'd429b1e9a4c07df3', '14', 'https://www.mwrlife.com/v2aubin/signup-lite', 1, '2019-03-04 01:03:23', '0000-00-00 00:00:00', 1),
(492, 'OZPZP', 5, 'Distress', 0, ' mwr.life/s/OZPZPGuest Pass:QXT631', 'd429b1e9a4c07df3', '14', 'https://www.mwrlife.com/v2aubin/signup-lite', 1, '2019-03-04 01:03:11', '2019-03-04 01:35:20', 1),
(493, 'XWOMx', 5, 'Distress', 0, ' mwr.life/s/XWOMxGuest Pass:FKG226', 'd429b1e9a4c07df3', '14', 'https://www.mwrlife.com/v2aubin/signup-lite', 1, '2019-03-04 01:03:31', '0000-00-00 00:00:00', 1),
(494, 'OiaiB', 5, 'Distress', 0, ' mwr.life/s/OiaiBGuest Pass:XQU142', 'd429b1e9a4c07df3', '14', 'https://www.mwrlife.com/v2aubin/signup-lite', 1, '2019-03-04 01:03:22', '2019-03-04 01:37:58', 1),
(495, 'Aao5T', 5, 'Distress', 0, ' mwr.life/s/Aao5TGuest Pass:UPH276', 'd429b1e9a4c07df3', '14', 'https://www.mwrlife.com/v2aubin/signup-lite', 1, '2019-03-04 01:03:23', '2019-03-05 08:03:55', 1),
(496, '8F7dE', 5, 'Distress', 0, ' mwr.life/s/8F7dEGuest Pass:JMW772', 'd429b1e9a4c07df3', '14', 'https://www.mwrlife.com/v2aubin/signup-lite', 1, '2019-03-04 01:03:14', '2019-03-04 02:00:28', 1),
(497, 'ruuU1', 5, '+01024570676', 0, ' mwr.life/s/ruuU1Guest Pass:PMG106', '', '7616CE8E-44AF-4C06-9958-F5AC8887D7D7', 'https://www.mwrlife.com/v2aubin/signup-lite', 1, '2019-03-04 01:03:38', '0000-00-00 00:00:00', 1),
(498, 'FcI8d', 5, 'Distress', 0, ' mwr.life/s/FcI8dGuest Pass:JXW755', 'd429b1e9a4c07df3', '14', 'https://www.mwrlife.com/v2aubin/signup-lite', 1, '2019-03-04 01:03:23', '0000-00-00 00:00:00', 1),
(499, 'FC9K5', 5, '+01024570676', 0, ' mwr.life/s/FC9K5Guest Pass:QYM634', '', '7616CE8E-44AF-4C06-9958-F5AC8887D7D7', 'https://www.mwrlife.com/v2aubin/signup-lite', 1, '2019-03-04 01:03:25', '0000-00-00 00:00:00', 1),
(500, 'FkF3r', 5, 'Distress', 39, 'mwr.life/s/FkF3r', '', '14', 'https://www.youtube.com/watch?v=8zXe8mWr_ZM', 0, '2019-03-04 02:03:49', '2019-03-04 02:45:28', 1),
(501, 'INdCq', 5, 'Distress', 0, ' mwr.life/s/INdCq                            Guest Pass:PGR388', 'd429b1e9a4c07df3', '14', 'https://www.mwrlife.com/v2aubin/signup-lite', 1, '2019-03-05 06:03:48', '2019-03-05 06:17:28', 1),
(502, 'AhYFk', 5, 'Adani', 0, 'mwr.life/s/AhYFk', '', '40E70AAD-59BA-46E8-921E-EF3803134312', 'https://www.mwrlife.com/v2aubin/signup-traveladvantagevip', 1, '2019-03-05 06:03:06', '0000-00-00 00:00:00', 1),
(503, 'eNYaI', 5, 'Adani', 0, 'mwr.life/s/eNYaI', '', '40E70AAD-59BA-46E8-921E-EF3803134312', 'https://www.mwrlife.com/v2aubin/signup-traveladvantagevip', 1, '2019-03-05 06:03:18', '2019-03-05 06:46:28', 1),
(504, 'msyUG', 5, 'Distress', 0, ' mwr.life/s/msyUG                            Guest Pass:XJC487', 'd429b1e9a4c07df3', '14', 'https://www.mwrlife.com/v2aubin/signup-lite', 1, '2019-03-05 06:03:13', '2019-03-05 06:40:24', 1),
(505, 'Xi1tk', 5, 'Distress', 39, 'mwr.life/s/Xi1tk', '', '14', 'https://www.youtube.com/watch?v=8zXe8mWr_ZM', 0, '2019-03-05 08:03:20', '2019-03-05 08:23:57', 1),
(506, 'Usmqq', 5, 'Distress', 39, 'mwr.life/s/Usmqq', '', '14', 'https://www.youtube.com/watch?v=8zXe8mWr_ZM', 0, '2019-03-05 08:03:16', '2019-03-05 08:23:44', 1),
(507, 'wmsE3', 13, 'BrijeshChauhan', 0, 'mwr.life/s/wmsE3', '', '5CBEF217-C8E0-4115-9BEF-FCFEDCB4753A', 'https://www.mwrlife.com/UnitedLifeServices/signup-traveladvantagevip', 1, '2019-03-05 09:03:45', '2019-03-05 09:41:21', 1),
(508, 'lKryB', 5, '+01024570676', 0, ' mwr.life/s/lKryB                            Guest Pass:QSQ775', '', '7616CE8E-44AF-4C06-9958-F5AC8887D7D7', 'https://www.mwrlife.com/v2aubin/signup-lite', 1, '2019-03-05 09:03:06', '0000-00-00 00:00:00', 1),
(509, 'UWzCx', 5, '+01024570676', 0, ' mwr.life/s/UWzCx                            Guest Pass:WJP220', '', '7616CE8E-44AF-4C06-9958-F5AC8887D7D7', 'https://www.mwrlife.com/v2aubin/signup-lite', 1, '2019-03-05 09:03:31', '0000-00-00 00:00:00', 1),
(510, 'Hcnh2', 5, '+01024570676', 0, ' mwr.life/s/Hcnh2                            Guest Pass:MDV301', '', '7616CE8E-44AF-4C06-9958-F5AC8887D7D7', 'https://www.mwrlife.com/v2aubin/signup-lite', 1, '2019-03-05 09:03:39', '0000-00-00 00:00:00', 1),
(511, '8tdOe', 5, 'Distress', 0, ' mwr.life/s/8tdOe                            Guest Pass:TGS052', 'd429b1e9a4c07df3', '14', 'https://www.mwrlife.com/v2aubin/signup-lite', 1, '2019-03-05 09:03:29', '2019-03-05 09:51:38', 1),
(512, 'yqKwc', 5, 'Distress', 0, ' mwr.life/s/yqKwc                            Guest Pass:CNE036', 'd429b1e9a4c07df3', '14', 'https://www.mwrlife.com/v2aubin/signup-lite', 1, '2019-03-05 09:03:57', '0000-00-00 00:00:00', 1),
(513, 'cCaJ2', 5, 'AmulMaruti', 0, ' mwr.life/s/cCaJ2                            Guest Pass:PFC724', '', '9BA96C91-ECF2-4078-8792-0908147D806E', 'https://www.mwrlife.com/v2aubin/signup-lite', 1, '2019-03-05 10:03:54', '0000-00-00 00:00:00', 1),
(514, 'iY2SD', 5, 'AmulMaruti', 0, ' mwr.life/s/iY2SD                            Guest Pass:KHR403', '', '9BA96C91-ECF2-4078-8792-0908147D806E', 'https://www.mwrlife.com/v2aubin/signup-lite', 1, '2019-03-05 10:03:05', '0000-00-00 00:00:00', 1),
(515, 'obLGC', 5, 'AmulMaruti', 0, 'mwr.life/s/obLGC', '', '9BA96C91-ECF2-4078-8792-0908147D806E', 'https://www.mwrlife.com/v2aubin/signup-traveladvantagevip', 1, '2019-03-05 10:03:12', '0000-00-00 00:00:00', 1),
(516, 'xzDqA', 5, 'Distress', 0, ' mwr.life/s/xzDqA                            Guest Pass:XAN802', 'd429b1e9a4c07df3', '14', 'https://www.mwrlife.com/v2aubin/signup-lite', 1, '2019-03-05 10:03:53', '0000-00-00 00:00:00', 1),
(517, 'UOjEI', 5, 'Distress', 0, 'mwr.life/s/UOjEI', 'd429b1e9a4c07df3', '14', 'https://www.mwrlife.com/v2aubin', 1, '2019-03-05 10:03:29', '0000-00-00 00:00:00', 1),
(518, 'XBVSG', 5, 'ChinmayOneclick', 0, 'http://mwr.life/s/XBVSG                            Guest Pass:EFW462', '', '54C2701C-D0DD-461A-B440-BAFA34565F42:ABPerson', 'https://www.mwrlife.com/v2aubin/signup-lite', 1, '2019-03-05 10:03:33', '0000-00-00 00:00:00', 1),
(519, 'XIQzd', 5, 'ChinmayOneclick', 0, 'http://mwr.life/s/XIQzd                            Guest Pass:HSU763', '', '54C2701C-D0DD-461A-B440-BAFA34565F42:ABPerson', 'https://www.mwrlife.com/v2aubin/signup-lite', 1, '2019-03-05 10:03:40', '0000-00-00 00:00:00', 1);
INSERT INTO `tbl_shortLink` (`id`, `code`, `user_id`, `user_name`, `media_id`, `short_link`, `android_device_id`, `contact_id`, `full_link`, `is_enroll`, `created_date`, `view_time`, `is_active`) VALUES
(520, 'P5hgc', 5, 'ChinmayOneclick', 0, 'http://mwr.life/s/P5hgc                            Guest Pass:WXD387', '', '54C2701C-D0DD-461A-B440-BAFA34565F42:ABPerson', 'https://www.mwrlife.com/v2aubin/signup-lite', 1, '2019-03-05 10:03:47', '0000-00-00 00:00:00', 1),
(521, '4FgaL', 5, 'ChinmayOneclick', 0, 'http://mwr.life/s/4FgaL                            Guest Pass:SQP580', '', '54C2701C-D0DD-461A-B440-BAFA34565F42:ABPerson', 'https://www.mwrlife.com/v2aubin/signup-lite', 1, '2019-03-05 10:03:52', '0000-00-00 00:00:00', 1),
(522, '0x1VR', 5, 'ChinmayOneclick', 0, 'http://mwr.life/s/0x1VR                            Guest Pass:HST172', '', '54C2701C-D0DD-461A-B440-BAFA34565F42:ABPerson', 'https://www.mwrlife.com/v2aubin/signup-lite', 1, '2019-03-05 10:03:57', '0000-00-00 00:00:00', 1),
(523, 'mMhRi', 5, 'ChinmayOneclick', 0, 'http://mwr.life/s/mMhRi                            Guest Pass:YNE563', '', '54C2701C-D0DD-461A-B440-BAFA34565F42:ABPerson', 'https://www.mwrlife.com/v2aubin/signup-lite', 1, '2019-03-05 10:03:05', '0000-00-00 00:00:00', 1),
(524, 'pEoo7', 5, 'ChinmayOneclick', 0, 'http://mwr.life/s/pEoo7                            Guest Pass:KRU866', '', '54C2701C-D0DD-461A-B440-BAFA34565F42:ABPerson', 'https://www.mwrlife.com/v2aubin/signup-lite', 1, '2019-03-05 10:03:16', '0000-00-00 00:00:00', 1),
(525, '4LvtN', 5, 'ChinmayOneclick', 0, 'http://mwr.life/s/4LvtN                            Guest Pass:BBY177', '', '54C2701C-D0DD-461A-B440-BAFA34565F42:ABPerson', 'https://www.mwrlife.com/v2aubin/signup-lite', 1, '2019-03-05 10:03:24', '0000-00-00 00:00:00', 1),
(526, 'OepQ0', 5, 'ChinmayOneclick', 0, 'http://mwr.life/s/OepQ0                            Guest Pass:EAF488', '', '54C2701C-D0DD-461A-B440-BAFA34565F42:ABPerson', 'https://www.mwrlife.com/v2aubin/signup-lite', 1, '2019-03-05 10:03:28', '0000-00-00 00:00:00', 1),
(527, 'P6cC6', 5, 'Distress', 0, 'http://mwr.life/s/P6cC6                            Guest Pass:CWP627', 'd429b1e9a4c07df3', '14', 'https://www.mwrlife.com/v2aubin/signup-lite', 1, '2019-03-05 10:03:40', '0000-00-00 00:00:00', 1),
(528, 'XNOxK', 5, 'ChinmayOneclick', 0, 'http://mwr.life/s/XNOxK                            Guest Pass:UYU885', '', '54C2701C-D0DD-461A-B440-BAFA34565F42:ABPerson', 'https://www.mwrlife.com/v2aubin/signup-lite', 1, '2019-03-05 10:03:57', '0000-00-00 00:00:00', 1),
(529, 'IZNMO', 5, 'ChinmayOneclick', 0, 'http://mwr.life/s/IZNMO                            Guest Pass:QBB878', '', '54C2701C-D0DD-461A-B440-BAFA34565F42:ABPerson', 'https://www.mwrlife.com/v2aubin/signup-lite', 1, '2019-03-05 10:03:02', '0000-00-00 00:00:00', 1),
(530, 'adtTP', 13, 'Gaurav Sir', 0, 'http://mwr.life/s/adtTP                            Guest Pass:EJU571', '', '3817', 'https://www.mwrlife.com/UnitedLifeServices/signup-lite', 1, '2019-03-05 10:03:30', '0000-00-00 00:00:00', 1),
(531, 'E2BzB', 13, 'Gaurav Sir', 0, 'http://mwr.life/s/E2BzB                            Guest Pass:XXU517', '', '3817', 'https://www.mwrlife.com/UnitedLifeServices/signup-lite', 1, '2019-03-05 10:03:33', '0000-00-00 00:00:00', 1),
(532, 'CErq7', 13, 'Dodiya Dilip One', 39, 'mwr.life/s/CErq7', '', '3809', 'https://www.youtube.com/watch?v=8zXe8mWr_ZM', 0, '2019-03-05 10:03:19', '0000-00-00 00:00:00', 1),
(533, 'Z9Bni', 13, 'Gaurav Sir', 39, 'mwr.life/s/Z9Bni', '', '3817', 'https://www.youtube.com/watch?v=8zXe8mWr_ZM', 0, '2019-03-05 10:03:33', '0000-00-00 00:00:00', 1),
(534, 'dKfC5', 5, 'Chinmay Oneclick', 35, 'mwr.life/s/dKfC5', '', '54C2701C-D0DD-461A-B440-BAFA34565F42:ABPerson', 'https://mwrlifeapp.com/assets/media/thumbnail/f516bd083531e3fe26fc256fc8c954e6.png', 0, '2019-03-05 03:03:09', '0000-00-00 00:00:00', 1),
(535, 'EAVY5', 5, 'Chinmay Oneclick', 35, 'mwr.life/s/EAVY5', '', '54C2701C-D0DD-461A-B440-BAFA34565F42:ABPerson', 'https://mwrlifeapp.com/assets/media/thumbnail/f516bd083531e3fe26fc256fc8c954e6.png', 0, '2019-03-05 03:03:15', '0000-00-00 00:00:00', 1),
(536, 'hySF9', 5, 'Chinmay Oneclick', 35, 'mwr.life/s/hySF9', '', '54C2701C-D0DD-461A-B440-BAFA34565F42:ABPerson', 'https://mwrlifeapp.com/assets/media/thumbnail/f516bd083531e3fe26fc256fc8c954e6.png', 0, '2019-03-05 03:03:14', '0000-00-00 00:00:00', 1),
(537, 'rT2vi', 5, 'Chinmay Oneclick', 35, 'mwr.life/s/rT2vi', '', '54C2701C-D0DD-461A-B440-BAFA34565F42:ABPerson', 'https://mwrlifeapp.com/assets/media/thumbnail/f516bd083531e3fe26fc256fc8c954e6.png', 0, '2019-03-05 03:03:33', '0000-00-00 00:00:00', 1),
(538, 'WrrDR', 5, 'Chinmay Oneclick', 35, 'mwr.life/s/WrrDR', '', '54C2701C-D0DD-461A-B440-BAFA34565F42:ABPerson', 'https://mwrlifeapp.com/assets/media/thumbnail/f516bd083531e3fe26fc256fc8c954e6.png', 0, '2019-03-05 03:03:36', '0000-00-00 00:00:00', 1),
(539, '0kpkz', 13, 'Brijesh Chauhan', 48, 'mwr.life/s/0kpkz', '', '5CBEF217-C8E0-4115-9BEF-FCFEDCB4753A', 'https://mwrlifeapp.com/assets/media/567f36a443dacf3bfaec7fdf94e87cbd.mp4', 0, '2019-03-05 03:03:39', '0000-00-00 00:00:00', 1),
(540, '6IVi9', 5, 'Distress', 0, ' mwr.life/s/6IVi9                            Guest Pass:NXM706', '3ff162df8ef619b1', '3143', 'https://www.mwrlife.com/v2aubin/signup-lite', 1, '2019-03-06 09:03:57', '2019-03-16 12:13:36', 1),
(541, 'JNzEm', 5, 'Distress', 0, 'mwr.life/s/JNzEm', '3ff162df8ef619b1', '3143', 'https://www.mwrlife.com/v2aubin/signup-traveladvantagepro', 1, '2019-03-06 09:03:41', '0000-00-00 00:00:00', 1),
(542, 'OPF1m', 5, 'Distress', 0, ' mwr.life/s/OPF1m                            Guest Pass:WCX135', 'c4d13dae6f9c00ca', '1', 'https://www.mwrlife.com/v2aubin/signup-lite', 1, '2019-03-06 09:03:28', '2019-03-06 09:52:20', 1),
(543, 'fLhPA', 5, 'Distress', 39, 'mwr.life/s/fLhPA', '', '1', 'https://www.youtube.com/watch?v=8zXe8mWr_ZM', 0, '2019-03-06 09:03:10', '0000-00-00 00:00:00', 1),
(544, 'owsso', 5, '+01024570676', 0, ' mwr.life/s/owsso                            Guest Pass:DYM003', '', '7616CE8E-44AF-4C06-9958-F5AC8887D7D7', 'https://www.mwrlife.com/v2aubin/signup-lite', 1, '2019-03-06 11:03:09', '0000-00-00 00:00:00', 1),
(545, 'dJ4WV', 5, 'Account', 0, 'mwr.life/s/dJ4WV', 'fe91379c1dbf7dd6', '25', 'https://www.mwrlife.com/v2aubin', 1, '2019-03-08 07:03:43', '0000-00-00 00:00:00', 1),
(546, 'tjklq', 5, 'Account', 0, 'mwr.life/s/tjklq', 'fe91379c1dbf7dd6', '25', 'https://www.mwrlife.com/v2aubin', 1, '2019-03-12 08:03:34', '0000-00-00 00:00:00', 1),
(547, 'LrxWS', 5, 'Account', 54, 'mwr.life/s/LrxWS', '', '25', 'https://www.youtube.com/watch?v=U4o7DbkN4k4', 0, '2019-03-12 01:03:23', '0000-00-00 00:00:00', 1),
(548, 'h1k1p', 5, 'Ajju bhaiya', 30, 'mwr.life/s/h1k1p', '', 'B86236AF-F152-4251-B9BC-17F7DE7B63D9', 'https://www.youtube.com/watch?v=ikCDbUM8Zn8', 0, '2019-03-14 11:03:17', '0000-00-00 00:00:00', 1),
(549, 'sXc14', 5, 'Ajju bhaiya', 30, 'mwr.life/s/sXc14', '', 'B86236AF-F152-4251-B9BC-17F7DE7B63D9', 'https://www.youtube.com/watch?v=ikCDbUM8Zn8', 0, '2019-03-14 11:03:24', '0000-00-00 00:00:00', 1),
(550, 'c2IcX', 5, 'Aakash Santra', 30, 'mwr.life/s/c2IcX', '', 'F912AA53-09F0-48F8-9C34-F9BE2ADC1FA7', 'https://www.youtube.com/watch?v=ikCDbUM8Zn8', 0, '2019-03-14 11:03:35', '0000-00-00 00:00:00', 1),
(551, 'eLvMJ', 5, 'A Balance enq', 30, 'mwr.life/s/eLvMJ', '', '58670471-E6CB-4AF1-98F2-A378CA663988', 'https://www.youtube.com/watch?v=ikCDbUM8Zn8', 0, '2019-03-14 11:03:43', '0000-00-00 00:00:00', 1),
(552, 'NyKqt', 5, 'A V Patel', 30, 'mwr.life/s/NyKqt', '', '8C9CBBFB-450C-4097-8AA2-3A63DE1EDBE9', 'https://www.youtube.com/watch?v=ikCDbUM8Zn8', 0, '2019-03-14 11:03:45', '0000-00-00 00:00:00', 1),
(553, 'aVbEa', 5, 'ACCOUNT INFO', 30, 'mwr.life/s/aVbEa', '', 'F1B064C3-6A95-41A1-AFD9-9B13AA5E34B5', 'https://www.youtube.com/watch?v=ikCDbUM8Zn8', 0, '2019-03-14 11:03:47', '0000-00-00 00:00:00', 1),
(554, 'uIRUQ', 5, 'Aakash Santra', 30, 'mwr.life/s/uIRUQ', '', 'F912AA53-09F0-48F8-9C34-F9BE2ADC1FA7', 'https://www.youtube.com/watch?v=ikCDbUM8Zn8', 0, '2019-03-14 11:03:50', '0000-00-00 00:00:00', 1),
(555, 'Y7Qca', 5, 'Nirosha', 42, 'mwr.life/s/Y7Qca', '', 'DF3694BE-858D-4235-B848-4B055720AAFA', 'https://mwrlifeapp.com/assets/media/13f11197b2a331527857b095fa9bfbb0.mp4', 0, '2019-03-14 01:03:36', '2019-03-14 01:49:29', 1),
(556, 'qIcs1', 13, 'Romit Arora', 65, 'mwr.life/s/qIcs1', '', '50B7331B-7E6F-4549-B6BD-DEF85B1E842A', 'https://mwrlifeapp.com/assets/media/thumbnail/16612b609367eaa4046171bc9a0b21fa.jpg', 0, '2019-03-16 09:03:05', '0000-00-00 00:00:00', 1),
(557, 'FE0u3', 5, 'Test Test1', 65, 'mwr.life/s/FE0u3', '', 'D35D3D37-E319-4B45-8B31-2F1E4E71D359:ABPerson', 'https://mwrlifeapp.com/assets/media/thumbnail/16612b609367eaa4046171bc9a0b21fa.jpg', 0, '2019-03-16 10:03:56', '0000-00-00 00:00:00', 1),
(558, 'nBehG', 5, 'Test Test1', 66, 'mwr.life/s/nBehG', '', 'D35D3D37-E319-4B45-8B31-2F1E4E71D359:ABPerson', 'https://mwrlifeapp.com/assets/media/thumbnail/20f348ff4481234fc80e70381e1ab928.jpg', 0, '2019-03-16 10:03:55', '0000-00-00 00:00:00', 1),
(559, 'l94uC', 5, 'Romit Arora', 66, 'mwr.life/s/l94uC', '', '50B7331B-7E6F-4549-B6BD-DEF85B1E842A', 'https://mwrlifeapp.com/assets/media/thumbnail/20f348ff4481234fc80e70381e1ab928.jpg', 0, '2019-03-16 10:03:47', '0000-00-00 00:00:00', 1),
(560, 'WpEw0', 5, 'Test Test1', 66, 'mwr.life/s/WpEw0', '', 'D35D3D37-E319-4B45-8B31-2F1E4E71D359:ABPerson', 'https://mwrlifeapp.com/assets/media/thumbnail/20f348ff4481234fc80e70381e1ab928.jpg', 0, '2019-03-16 10:03:16', '0000-00-00 00:00:00', 1),
(561, 'ZtNSN', 5, 'Test Test1', 66, 'mwr.life/s/ZtNSN', '', 'D35D3D37-E319-4B45-8B31-2F1E4E71D359:ABPerson', 'https://mwrlifeapp.com/assets/media/thumbnail/20f348ff4481234fc80e70381e1ab928.jpg', 0, '2019-03-16 10:03:24', '0000-00-00 00:00:00', 1),
(562, 'vmLZU', 5, 'A V Patel', 66, 'mwr.life/s/vmLZU', '', '8C9CBBFB-450C-4097-8AA2-3A63DE1EDBE9', 'https://mwrlifeapp.com/assets/media/thumbnail/20f348ff4481234fc80e70381e1ab928.jpg', 0, '2019-03-16 10:03:34', '0000-00-00 00:00:00', 1),
(563, 'Ie01H', 5, 'Abc Test', 66, 'mwr.life/s/Ie01H', '', '1A22C1B9-43E0-4133-AEB2-053D3A653B59', 'https://mwrlifeapp.com/assets/media/thumbnail/20f348ff4481234fc80e70381e1ab928.jpg', 0, '2019-03-16 10:03:16', '0000-00-00 00:00:00', 1),
(564, 'jANAC', 5, 'Test Test1', 65, 'mwr.life/s/jANAC', '', 'D35D3D37-E319-4B45-8B31-2F1E4E71D359:ABPerson', 'https://mwrlifeapp.com/assets/media/thumbnail/16612b609367eaa4046171bc9a0b21fa.jpg', 0, '2019-03-16 10:03:50', '0000-00-00 00:00:00', 1),
(565, 'tYO3A', 5, 'Account', 0, 'mwr.life/s/tYO3A', 'fe91379c1dbf7dd6', '25', 'https://www.mwrlife.com/v2aubin', 1, '2019-03-16 11:03:47', '2019-03-16 11:18:09', 1),
(566, 'Q4Ny1', 5, 'Only', 65, 'mwr.life/s/Q4Ny1', '', '56', 'https://mwrlifeapp.com/assets/media/thumbnail/16612b609367eaa4046171bc9a0b21fa.jpg', 0, '2019-03-16 11:03:25', '0000-00-00 00:00:00', 1),
(567, 'o9fF1', 5, 'Account', 0, 'mwr.life/s/o9fF1', 'fe91379c1dbf7dd6', '25', 'https://www.mwrlife.com/v2aubin', 1, '2019-03-16 01:03:22', '2019-03-16 01:22:04', 1),
(568, 'FtF1Q', 5, 'Account', 0, 'mwr.life/s/FtF1Q', 'fe91379c1dbf7dd6', '25', 'https://www.mwrlife.com/v2aubin', 1, '2019-03-16 01:03:23', '0000-00-00 00:00:00', 1),
(569, '0Ocq5', 5, 'Aakash', 0, ' mwr.life/s/0Ocq5                            Guest Pass:WCX135', '38ad6cce8b1f8705', '110', 'https://www.mwrlife.com/v2aubin/signup-lite', 1, '2019-03-16 01:03:47', '0000-00-00 00:00:00', 1),
(570, 'DHzzl', 13, 'ANTHONY', 0, ' mwr.life/s/DHzzl                            Guest Pass:YUT563', '08069bd1b8a38469', '461', 'https://www.mwrlife.com/UnitedLifeServices/signup-lite', 1, '2019-03-16 02:03:30', '0000-00-00 00:00:00', 1),
(571, 'f8OcG', 13, 'Brenda', 0, ' mwr.life/s/f8OcG                            Guest Pass:EJU571', '08069bd1b8a38469', '664', 'https://www.mwrlife.com/UnitedLifeServices/signup-lite', 1, '2019-03-16 02:03:53', '2019-04-09 11:18:25', 1),
(572, 'J0JbR', 13, '+91 75680', 65, 'mwr.life/s/J0JbR', '', '439', 'https://mwrlifeapp.com/assets/media/thumbnail/16612b609367eaa4046171bc9a0b21fa.jpg', 0, '2019-03-17 07:03:47', '0000-00-00 00:00:00', 1),
(573, '9umdu', 13, '+91 75680', 65, 'mwr.life/s/9umdu', '', '439', 'https://mwrlifeapp.com/assets/media/thumbnail/16612b609367eaa4046171bc9a0b21fa.jpg', 0, '2019-03-17 07:03:00', '0000-00-00 00:00:00', 1),
(574, 'dcFNs', 13, '8460187920', 65, 'mwr.life/s/dcFNs', '', '182', 'https://mwrlifeapp.com/assets/media/thumbnail/16612b609367eaa4046171bc9a0b21fa.jpg', 0, '2019-03-17 07:03:12', '0000-00-00 00:00:00', 1),
(575, 'NPOkt', 13, 'Aadil', 65, 'mwr.life/s/NPOkt', '', '3726', 'https://mwrlifeapp.com/assets/media/thumbnail/16612b609367eaa4046171bc9a0b21fa.jpg', 0, '2019-03-17 07:03:30', '0000-00-00 00:00:00', 1),
(576, 'FFFEt', 13, 'Aadil', 65, 'mwr.life/s/FFFEt', '', '3726', 'https://mwrlifeapp.com/assets/media/thumbnail/16612b609367eaa4046171bc9a0b21fa.jpg', 0, '2019-03-17 07:03:40', '0000-00-00 00:00:00', 1),
(577, 'btGkh', 13, 'Abhishek', 69, 'mwr.life/s/btGkh', '', '527', 'https://mwrlifeapp.com/assets/media/thumbnail/7e984515205296be5b02be66624c71f9.png', 0, '2019-03-18 06:03:00', '2019-03-18 06:54:27', 1),
(578, 'LnJkk', 13, 'Adv Rohit', 0, ' mwr.life/s/LnJkk                            Guest Pass:YUT563', 'cf1f3120e39be41a', '609', 'https://www.mwrlife.com/UnitedLifeServices/signup-lite', 1, '2019-03-18 06:03:00', '2019-03-18 06:56:27', 1),
(579, 'vMOUe', 13, 'Alpesh', 0, 'mwr.life/s/vMOUe', 'cf1f3120e39be41a', '473', 'https://www.mwrlife.com/UnitedLifeServices/signup-traveladvantagevip', 1, '2019-03-18 06:03:18', '2019-03-18 06:57:43', 1),
(580, 'CqraE', 13, '12345678901', 69, 'mwr.life/s/CqraE', '', '97E6CF0B-22B1-4A2D-9EF3-20F57BC4049C', 'https://mwrlifeapp.com/assets/media/thumbnail/7e984515205296be5b02be66624c71f9.png', 0, '2019-03-18 08:03:11', '0000-00-00 00:00:00', 1),
(581, '4jNNp', 13, 'Abhishek Sensegiz', 30, 'mwr.life/s/4jNNp', '', '4F0DB4AD-1B12-4233-ABAE-8CA5BA3A8572', 'https://www.youtube.com/watch?v=ikCDbUM8Zn8', 0, '2019-03-18 08:03:14', '2019-03-18 08:30:33', 1),
(582, 'UGypw', 13, 'Abhishek Sensegiz', 30, 'mwr.life/s/UGypw', '', '4F0DB4AD-1B12-4233-ABAE-8CA5BA3A8572', 'https://www.youtube.com/watch?v=ikCDbUM8Zn8', 0, '2019-03-18 08:03:17', '0000-00-00 00:00:00', 1),
(583, 'KCRdN', 13, 'Aadil Xceltec', 30, 'mwr.life/s/KCRdN', '', '482', 'https://www.youtube.com/watch?v=ikCDbUM8Zn8', 0, '2019-03-18 08:03:05', '0000-00-00 00:00:00', 1),
(584, 'NwA6K', 13, 'Abhishek', 30, 'mwr.life/s/NwA6K', '', '527', 'https://www.youtube.com/watch?v=ikCDbUM8Zn8', 0, '2019-03-18 08:03:10', '2019-03-18 08:32:15', 1),
(585, 'qq8h1', 13, 'Aadil', 30, 'mwr.life/s/qq8h1', '', '3726', 'https://www.youtube.com/watch?v=ikCDbUM8Zn8', 0, '2019-03-18 09:03:19', '2019-03-18 09:43:29', 1),
(586, 'obFOA', 13, 'Aaaa A', 42, 'mwr.life/s/obFOA', '', 'BAC7EC67-FB5B-457D-93D2-9977FADF3E1B', 'https://mwrlifeapp.com/assets/media/13f11197b2a331527857b095fa9bfbb0.mp4', 0, '2019-03-18 09:03:42', '0000-00-00 00:00:00', 1),
(587, '4SIeP', 13, 'A V Patel', 42, 'mwr.life/s/4SIeP', '', 'EB17C926-612F-435F-B140-456431FD11E6', 'https://mwrlifeapp.com/assets/media/13f11197b2a331527857b095fa9bfbb0.mp4', 0, '2019-03-18 09:03:57', '0000-00-00 00:00:00', 1),
(588, '6nuC6', 13, 'A V Patel', 30, 'mwr.life/s/6nuC6', '', 'EB17C926-612F-435F-B140-456431FD11E6', 'https://www.youtube.com/watch?v=ikCDbUM8Zn8', 0, '2019-03-18 09:03:58', '2019-03-18 09:44:23', 1),
(589, 'Bu57R', 13, 'A V Patel', 30, 'mwr.life/s/Bu57R', '', 'EB17C926-612F-435F-B140-456431FD11E6', 'https://www.youtube.com/watch?v=ikCDbUM8Zn8', 0, '2019-03-18 09:03:43', '2019-03-18 09:45:05', 1),
(590, 'ClbII', 13, 'AV Patel', 0, 'mwr.life/s/ClbII', '', '8C9CBBFB-450C-4097-8AA2-3A63DE1EDBE9', 'https://www.mwrlife.com/UnitedLifeServices/signup-traveladvantagevip', 1, '2019-03-18 09:03:54', '0000-00-00 00:00:00', 1),
(591, 'MB1p6', 13, 'AV Patel', 0, 'mwr.life/s/MB1p6', '', '8C9CBBFB-450C-4097-8AA2-3A63DE1EDBE9', 'https://www.mwrlife.com/UnitedLifeServices/signup-traveladvantagevip', 1, '2019-03-18 09:03:50', '2019-03-18 09:48:35', 1),
(592, '2n3qd', 13, '+91 75680', 0, 'mwr.life/s/2n3qd', 'cf1f3120e39be41a', '439', 'https://www.mwrlife.com/UnitedLifeServices', 1, '2019-03-18 09:03:38', '2019-03-18 09:53:10', 1),
(593, 'mHQ9O', 13, 'AbhimanyuDhaval', 0, 'mwr.life/s/mHQ9O', '', '23A41E51-5545-452C-853F-DB02AE9AD5E1', 'https://www.mwrlife.com/UnitedLifeServices/signup-traveladvantagepro', 1, '2019-03-18 09:03:29', '2019-03-18 09:54:56', 1),
(594, 'iRIq6', 13, 'A V Patel', 69, 'mwr.life/s/iRIq6', '', 'EB17C926-612F-435F-B140-456431FD11E6', 'https://mwrlifeapp.com/assets/media/thumbnail/7e984515205296be5b02be66624c71f9.png', 0, '2019-03-18 09:03:02', '0000-00-00 00:00:00', 1),
(595, 'Qa3j8', 13, 'A V Patel', 69, 'mwr.life/s/Qa3j8', '', '8C9CBBFB-450C-4097-8AA2-3A63DE1EDBE9', 'https://mwrlifeapp.com/assets/media/thumbnail/7e984515205296be5b02be66624c71f9.png', 0, '2019-03-18 09:03:14', '0000-00-00 00:00:00', 1),
(596, '5ac6q', 13, 'ABC', 69, 'mwr.life/s/5ac6q', '', '348C3336-7627-4388-BC02-DF3BB2409A07', 'https://mwrlifeapp.com/assets/media/thumbnail/7e984515205296be5b02be66624c71f9.png', 0, '2019-03-18 09:03:13', '2019-03-18 09:57:34', 1),
(597, 'MMzJp', 13, 'Aadil', 69, 'mwr.life/s/MMzJp', '', '3726', 'https://mwrlifeapp.com/assets/media/thumbnail/7e984515205296be5b02be66624c71f9.png', 0, '2019-03-18 09:03:09', '2019-03-18 09:58:39', 1),
(598, 'OB1YQ', 13, 'Abhinav Nishant Hsbc', 69, 'mwr.life/s/OB1YQ', '', '1816FD40-2FE8-4DB2-9488-B16EBBA65F42', 'https://mwrlifeapp.com/assets/media/thumbnail/7e984515205296be5b02be66624c71f9.png', 0, '2019-03-18 10:03:48', '2019-03-18 10:01:20', 1),
(599, 'e7j1v', 13, 'A V Patel', 69, 'mwr.life/s/e7j1v', '', '8C9CBBFB-450C-4097-8AA2-3A63DE1EDBE9', 'https://mwrlifeapp.com/assets/media/thumbnail/7e984515205296be5b02be66624c71f9.png', 0, '2019-03-18 10:03:00', '2019-03-18 10:16:02', 1),
(600, '4Ny54', 13, 'A V Patel', 69, 'mwr.life/s/4Ny54', '', 'EB17C926-612F-435F-B140-456431FD11E6', 'https://mwrlifeapp.com/assets/media/thumbnail/7e984515205296be5b02be66624c71f9.png', 0, '2019-03-18 10:03:25', '0000-00-00 00:00:00', 1),
(601, 'Pz57p', 5, 'Account', 69, 'mwr.life/s/Pz57p', '', '25', 'https://mwrlifeapp.com/assets/media/thumbnail/7e984515205296be5b02be66624c71f9.png', 0, '2019-03-18 10:03:37', '2019-03-18 10:17:42', 1),
(602, 'nPp2V', 5, 'Account', 69, 'mwr.life/s/nPp2V', '', '25', 'https://mwrlifeapp.com/assets/media/thumbnail/7e984515205296be5b02be66624c71f9.png', 0, '2019-03-18 10:03:26', '0000-00-00 00:00:00', 1),
(603, 'XZEJZ', 5, 'Account', 0, 'mwr.life/s/XZEJZ', 'fe91379c1dbf7dd6', '25', 'https://www.mwrlife.com/v2aubin', 1, '2019-03-18 10:03:41', '2019-03-18 10:20:00', 1),
(604, 'eD0XS', 5, 'Codelight', 30, 'mwr.life/s/eD0XS', '', 'C9E9A3AF-487A-4E7F-8B34-5E982E9DA8CA', 'https://www.youtube.com/watch?v=ikCDbUM8Zn8', 0, '2019-03-18 10:03:25', '0000-00-00 00:00:00', 1),
(605, '6R4nw', 5, 'Brijesh Chauhan', 30, 'mwr.life/s/6R4nw', '', '5CBEF217-C8E0-4115-9BEF-FCFEDCB4753A', 'https://www.youtube.com/watch?v=ikCDbUM8Zn8', 0, '2019-03-18 10:03:26', '0000-00-00 00:00:00', 1),
(606, 'rv8bP', 5, 'Brijesh Chauhan', 30, 'mwr.life/s/rv8bP', '', '5CBEF217-C8E0-4115-9BEF-FCFEDCB4753A', 'https://www.youtube.com/watch?v=ikCDbUM8Zn8', 0, '2019-03-18 10:03:54', '0000-00-00 00:00:00', 1),
(607, 'b48IZ', 5, 'Brijesh Chauhan', 42, 'mwr.life/s/b48IZ', '', '5CBEF217-C8E0-4115-9BEF-FCFEDCB4753A', 'https://mwrlifeapp.com/assets/media/13f11197b2a331527857b095fa9bfbb0.mp4', 0, '2019-03-18 10:03:15', '0000-00-00 00:00:00', 1),
(608, '8OhLs', 5, 'Brijesh Chauhan', 30, 'mwr.life/s/8OhLs', '', '5CBEF217-C8E0-4115-9BEF-FCFEDCB4753A', 'https://www.youtube.com/watch?v=ikCDbUM8Zn8', 0, '2019-03-18 10:03:37', '2019-03-18 10:42:31', 1),
(609, 'xLyL4', 13, 'Akahay', 30, 'mwr.life/s/xLyL4', '', '91', 'https://www.youtube.com/watch?v=ikCDbUM8Zn8', 0, '2019-03-18 10:03:45', '2019-03-18 10:55:42', 1),
(610, '9PAjH', 5, 'Akshay', 30, 'mwr.life/s/9PAjH', '', '15', 'https://www.youtube.com/watch?v=ikCDbUM8Zn8', 0, '2019-03-18 11:03:35', '2019-03-18 11:03:03', 1),
(611, 'fNy1q', 5, 'Brijesh Chauhan', 30, 'mwr.life/s/fNy1q', '', '5CBEF217-C8E0-4115-9BEF-FCFEDCB4753A', 'https://www.youtube.com/watch?v=ikCDbUM8Zn8', 0, '2019-03-18 11:03:36', '0000-00-00 00:00:00', 1),
(612, 'jTmcC', 5, 'Brijesh Chauhan', 30, 'mwr.life/s/jTmcC', '', '5CBEF217-C8E0-4115-9BEF-FCFEDCB4753A', 'https://www.youtube.com/watch?v=ikCDbUM8Zn8', 0, '2019-03-18 11:03:38', '2019-03-18 11:04:57', 1),
(613, 'leS95', 5, 'Aadil', 30, 'mwr.life/s/leS95', '', '3726', 'https://www.youtube.com/watch?v=ikCDbUM8Zn8', 0, '2019-03-18 11:03:15', '2019-03-18 11:11:41', 1),
(614, 't8vy7', 5, 'Brijesh Chauhan', 30, 'mwr.life/s/t8vy7', '', '5CBEF217-C8E0-4115-9BEF-FCFEDCB4753A', 'https://www.youtube.com/watch?v=ikCDbUM8Zn8', 0, '2019-03-18 11:03:32', '2019-03-18 11:14:45', 1),
(615, 'nA5Gc', 5, 'Mobi123456789', 0, 'mwr.life/s/nA5Gc', '', '829225A1-4EE0-4042-BE7E-07EB1B569935', 'https://www.mwrlife.com/v2aubin/signup-traveladvantagepro', 1, '2019-03-19 12:03:13', '0000-00-00 00:00:00', 1),
(616, 'AktdU', 5, 'Mobi123456789', 0, 'mwr.life/s/AktdU', '', '829225A1-4EE0-4042-BE7E-07EB1B569935', 'https://www.mwrlife.com/v2aubin/signup-traveladvantagepro', 1, '2019-03-19 12:03:20', '0000-00-00 00:00:00', 1),
(617, 'sasGV', 5, 'Mobi123456789', 0, 'mwr.life/s/sasGV', '', '829225A1-4EE0-4042-BE7E-07EB1B569935', 'https://www.mwrlife.com/v2aubin/signup-traveladvantagepro', 1, '2019-03-19 12:03:34', '2019-03-19 12:17:36', 1),
(618, 'wWmR6', 5, 'Codelight', 74, 'mwr.life/s/wWmR6', '', 'C9E9A3AF-487A-4E7F-8B34-5E982E9DA8CA', 'https://www.youtube.com/watch?v=LOmyFynHeY8', 0, '2019-03-21 08:03:39', '2019-03-21 08:24:20', 1),
(619, 'MrBoP', 5, 'Codelightggh', 0, ' mwr.life/s/MrBoP                            Guest Pass:DYM003', '', 'C9E9A3AF-487A-4E7F-8B34-5E982E9DA8CA', 'https://www.mwrlife.com/v2aubin/signup-lite', 1, '2019-03-21 11:03:23', '0000-00-00 00:00:00', 1),
(620, 'zqKZQ', 5, 'Codelightggh', 0, ' mwr.life/s/zqKZQ                            Guest Pass:USM834', '', 'C9E9A3AF-487A-4E7F-8B34-5E982E9DA8CA', 'https://www.mwrlife.com/v2aubin/signup-lite', 1, '2019-03-21 11:03:24', '2019-03-21 11:18:07', 1),
(621, 'kOrJe', 5, 'Apna Apna', 0, 'mwr.life/s/kOrJe', '4e4839638d7d8058', '121', 'https://www.mwrlife.com/v2aubin', 1, '2019-03-22 01:03:37', '0000-00-00 00:00:00', 1),
(622, 'K8drP', 13, '8460187920', 0, 'mwr.life/s/K8drP', 'cf1f3120e39be41a', '182', 'https://www.mwrlife.com/UnitedLifeServices/signup-traveladvantagepro', 1, '2019-03-26 05:03:03', '0000-00-00 00:00:00', 1),
(623, 'um5wj', 13, '8460187920', 0, ' mwr.life/s/um5wj                            Guest Pass:EJU571', 'cf1f3120e39be41a', '182', 'https://www.mwrlife.com/UnitedLifeServices/signup-lite', 1, '2019-03-26 05:03:19', '0000-00-00 00:00:00', 1),
(624, 'TxdvN', 13, '+91 92652', 0, 'mwr.life/s/TxdvN', 'cf1f3120e39be41a', '487', 'https://www.mwrlife.com/UnitedLifeServices', 1, '2019-03-26 05:03:55', '0000-00-00 00:00:00', 1),
(625, 'hofRR', 13, '+91 92652', 0, 'mwr.life/s/hofRR', 'cf1f3120e39be41a', '487', 'https://www.mwrlife.com/UnitedLifeServices', 1, '2019-03-26 05:03:55', '2019-03-26 05:52:34', 1),
(626, 'FU1DR', 13, '+91 75680', 3, 'mwr.life/s/FU1DR', '', '439', 'https://mwrlifeapp.com/assets/media/thumbnail/b5392056e38d256a1cadaf42ab076aaf.jpeg', 0, '2019-03-26 05:03:54', '2019-03-26 05:57:14', 1),
(627, 'XFk1i', 13, '+91 90353', 3, 'mwr.life/s/XFk1i', '', '419', 'https://mwrlifeapp.com/assets/media/thumbnail/b5392056e38d256a1cadaf42ab076aaf.jpeg', 0, '2019-03-26 05:03:53', '2019-03-26 05:58:24', 1),
(628, 'UMOom', 13, 'Aadil', 0, 'mwr.life/s/UMOom', 'cf1f3120e39be41a', '3726', 'https://www.mwrlife.com/UnitedLifeServices/signup-traveladvantagepro', 1, '2019-03-26 10:03:59', '2019-03-26 10:23:33', 1),
(629, 'JKfgG', 13, 'AbhimanyuDhaval', 0, 'mwr.life/s/JKfgG', '', '23A41E51-5545-452C-853F-DB02AE9AD5E1', 'https://www.mwrlife.com/UnitedLifeServices/signup-traveladvantagepro', 1, '2019-03-26 10:03:33', '2019-03-26 10:25:04', 1),
(630, 'explh', 13, 'Aadil', 3, 'mwr.life/s/explh', '', '3726', 'https://mwrlifeapp.com/assets/media/thumbnail/b5392056e38d256a1cadaf42ab076aaf.jpeg', 0, '2019-03-26 10:03:09', '2019-03-26 10:45:40', 1),
(631, '88wtO', 13, 'A V Patel', 3, 'mwr.life/s/88wtO', '', '8C9CBBFB-450C-4097-8AA2-3A63DE1EDBE9', 'https://mwrlifeapp.com/assets/media/thumbnail/b5392056e38d256a1cadaf42ab076aaf.jpeg', 0, '2019-03-26 10:03:36', '2019-03-26 10:47:00', 1),
(632, 'q3SiD', 13, 'Aadil', 3, 'mwr.life/s/q3SiD', '', '3726', 'https://mwrlifeapp.com/assets/media/thumbnail/b5392056e38d256a1cadaf42ab076aaf.jpeg', 0, '2019-03-26 10:03:03', '2019-03-26 10:48:53', 1),
(633, 'Urt4y', 13, 'A V Patel', 3, 'mwr.life/s/Urt4y', '', '8C9CBBFB-450C-4097-8AA2-3A63DE1EDBE9', 'https://mwrlifeapp.com/assets/media/thumbnail/b5392056e38d256a1cadaf42ab076aaf.jpeg', 0, '2019-03-26 10:03:14', '0000-00-00 00:00:00', 1),
(634, 'OA0oC', 13, 'A V Patel', 3, 'mwr.life/s/OA0oC', '', '8C9CBBFB-450C-4097-8AA2-3A63DE1EDBE9', 'https://mwrlifeapp.com/assets/media/thumbnail/b5392056e38d256a1cadaf42ab076aaf.jpeg', 0, '2019-03-26 10:03:17', '2019-03-26 10:50:52', 1),
(635, 'gTuxb', 5, 'Anirudh Jain', 2, 'mwr.life/s/gTuxb', '', '89C3BF32-0059-4DC3-8196-7E548E3EB777', 'https://mwrlifeapp.com/assets/media/thumbnail/6b39a5db456571146c570a8114473aee.jpg', 0, '2019-03-29 03:03:47', '0000-00-00 00:00:00', 1),
(636, 's5VRf', 5, 'Account', 2, 'mwr.life/s/s5VRf', '', '25', 'https://mwrlifeapp.com/assets/media/thumbnail/6b39a5db456571146c570a8114473aee.jpg', 0, '2019-04-03 11:04:35', '2019-04-03 11:18:47', 1),
(637, 'CsbNt', 5, 'Account', 2, 'mwr.life/s/CsbNt', '', '25', 'https://mwrlifeapp.com/assets/media/thumbnail/6b39a5db456571146c570a8114473aee.jpg', 0, '2019-04-03 11:04:08', '2019-04-03 11:43:29', 1),
(638, 'vCLJu', 5, '(980) 980-980', 2, 'mwr.life/s/vCLJu', '', '9D822911-CBE2-479F-B314-F76E74339DEF:ABPerson', 'https://mwrlifeapp.com/assets/media/thumbnail/6b39a5db456571146c570a8114473aee.jpg', 0, '2019-04-03 11:04:35', '2019-04-03 11:33:21', 1),
(639, 'ztun8', 5, 'Gaurav Sir', 3, 'mwr.life/s/ztun8', '', '3817', 'https://mwrlifeapp.com/assets/media/thumbnail/b5392056e38d256a1cadaf42ab076aaf.jpeg', 0, '2019-04-03 12:04:35', '0000-00-00 00:00:00', 1),
(640, 'LRaac', 5, 'Gaurav Sir', 3, 'mwr.life/s/LRaac', '', '3817', 'https://mwrlifeapp.com/assets/media/thumbnail/b5392056e38d256a1cadaf42ab076aaf.jpeg', 0, '2019-04-03 12:04:54', '2019-04-03 12:17:21', 1),
(641, 'spU9B', 5, 'Gaurav Sir', 0, 'mwr.life/s/spU9B', 'cf1f3120e39be41a', '3817', 'https://www.mwrlife.com/v2aubin/signup-traveladvantagevip', 1, '2019-04-03 12:04:17', '2019-04-03 12:18:50', 1),
(642, 'gkKTU', 5, 'Shubham', 3, 'mwr.life/s/gkKTU', '', 'AEF40237-162E-4950-9501-715A6E674EC0', 'https://mwrlifeapp.com/assets/media/thumbnail/b5392056e38d256a1cadaf42ab076aaf.jpeg', 0, '2019-04-03 12:04:33', '0000-00-00 00:00:00', 1),
(643, 'ULYnR', 5, 'Shubham', 3, 'mwr.life/s/ULYnR', '', 'AEF40237-162E-4950-9501-715A6E674EC0', 'https://mwrlifeapp.com/assets/media/thumbnail/b5392056e38d256a1cadaf42ab076aaf.jpeg', 0, '2019-04-03 12:04:42', '0000-00-00 00:00:00', 1),
(644, 'ee87F', 5, 'Shubham', 3, 'mwr.life/s/ee87F', '', 'AEF40237-162E-4950-9501-715A6E674EC0', 'https://mwrlifeapp.com/assets/media/thumbnail/b5392056e38d256a1cadaf42ab076aaf.jpeg', 0, '2019-04-03 12:04:45', '0000-00-00 00:00:00', 1),
(645, 'w4FAj', 5, 'Shubham', 3, 'mwr.life/s/w4FAj', '', 'AEF40237-162E-4950-9501-715A6E674EC0', 'https://mwrlifeapp.com/assets/media/thumbnail/b5392056e38d256a1cadaf42ab076aaf.jpeg', 0, '2019-04-03 12:04:03', '2019-04-03 01:34:48', 1),
(646, 'zwiGg', 5, 'Shubham', 3, 'mwr.life/s/zwiGg', '', 'AEF40237-162E-4950-9501-715A6E674EC0', 'https://mwrlifeapp.com/assets/media/thumbnail/b5392056e38d256a1cadaf42ab076aaf.jpeg', 0, '2019-04-03 12:04:13', '0000-00-00 00:00:00', 1),
(647, 'tMiyY', 5, 'Harsh', 4, 'mwr.life/s/tMiyY', '', '3141', 'https://www.youtube.com/watch?v=89ctKkG_lpE', 0, '2019-04-03 01:04:34', '2019-04-03 01:37:58', 1),
(648, 'cyVRX', 5, 'Abhayraj', 3, 'mwr.life/s/cyVRX', '', '76', 'https://mwrlifeapp.com/assets/media/thumbnail/b5392056e38d256a1cadaf42ab076aaf.jpeg', 0, '2019-04-03 01:04:10', '2019-04-03 01:42:51', 1),
(649, 'ViG3l', 5, 'Harsh', 4, 'mwr.life/s/ViG3l', '', '3141', 'https://www.youtube.com/watch?v=89ctKkG_lpE', 0, '2019-04-03 01:04:12', '0000-00-00 00:00:00', 1),
(650, '4moVm', 5, 'Harsh', 2, 'mwr.life/s/4moVm', '', '3141', 'https://mwrlifeapp.com/assets/media/thumbnail/6b39a5db456571146c570a8114473aee.jpg', 0, '2019-04-03 02:04:04', '2019-04-03 02:04:31', 1),
(651, '0RFJa', 5, 'ChinmayPatel', 0, 'mwr.life/s/0RFJa', '', '0FB23F1A-ABF6-447A-AA48-625E3A88C5B9', 'https://www.mwrlife.com/v2aubin/signup-traveladvantagevip', 1, '2019-04-06 01:04:01', '0000-00-00 00:00:00', 1),
(652, 'RUbb4', 5, 'A Balance enq', 4, 'mwr.life/s/RUbb4', '', '973404B9-E86F-4CBE-9269-9D0996958C73', 'https://www.youtube.com/watch?v=89ctKkG_lpE', 0, '2019-04-06 01:04:37', '0000-00-00 00:00:00', 1),
(653, 'HUtZL', 5, 'Aaa Bbb1', 4, 'mwr.life/s/HUtZL', '', '84A9C401-8159-4411-A2F4-898E9F7F34B2', 'https://www.youtube.com/watch?v=89ctKkG_lpE', 0, '2019-04-06 01:04:40', '0000-00-00 00:00:00', 1),
(654, 'm1UuW', 5, 'Jokes', 4, 'mwr.life/s/m1UuW', '', '20', 'https://www.youtube.com/watch?v=89ctKkG_lpE', 0, '2019-04-08 06:04:26', '0000-00-00 00:00:00', 1),
(655, 'Yo55t', 5, 'Gaurav Sir', 4, 'mwr.life/s/Yo55t', '', '3817', 'https://www.youtube.com/watch?v=89ctKkG_lpE', 0, '2019-04-22 12:04:28', '2019-04-22 12:48:02', 1),
(656, 'lAdrF', 5, '+91 75680', 3, 'mwr.life/s/lAdrF', '', '439', 'https://mwrlifeapp.com/assets/media/thumbnail/d13560b6e81c468741c652d65528c3a0.jpg', 0, '2019-04-24 11:04:23', '0000-00-00 00:00:00', 1),
(657, 'zugWD', 5, 'Abhimanyu Dhaval', 2, 'mwr.life/s/zugWD', '', '23A41E51-5545-452C-853F-DB02AE9AD5E1', 'https://mwrlifeapp.com/assets/media/cdc6710df9d0eb8d5553fcddb6338f7b.mp4', 0, '2019-04-24 03:04:41', '0000-00-00 00:00:00', 1),
(658, 'rWgyo', 5, 'Abhimanyu Dhaval', 2, 'mwr.life/s/rWgyo', '', '23A41E51-5545-452C-853F-DB02AE9AD5E1', 'https://mwrlifeapp.com/assets/media/cdc6710df9d0eb8d5553fcddb6338f7b.mp4', 0, '2019-04-24 03:04:04', '0000-00-00 00:00:00', 1),
(659, 'FUuMQ', 5, 'Aaaa A', 2, 'mwr.life/s/FUuMQ', '', 'C57A593D-5A1A-498F-BF09-E119A8BC439B', 'https://mwrlifeapp.com/assets/media/cdc6710df9d0eb8d5553fcddb6338f7b.mp4', 0, '2019-04-25 08:04:45', '0000-00-00 00:00:00', 1),
(660, '1S2Fp', 5, 'Aaaa A', 2, 'mwr.life/s/1S2Fp', '', 'C57A593D-5A1A-498F-BF09-E119A8BC439B', 'https://mwrlifeapp.com/assets/media/cdc6710df9d0eb8d5553fcddb6338f7b.mp4', 0, '2019-04-25 08:04:49', '0000-00-00 00:00:00', 1),
(661, 'KZcqu', 5, 'Aaaa A', 2, 'mwr.life/s/KZcqu', '', 'C57A593D-5A1A-498F-BF09-E119A8BC439B', 'https://mwrlifeapp.com/assets/media/cdc6710df9d0eb8d5553fcddb6338f7b.mp4', 0, '2019-04-25 08:04:57', '0000-00-00 00:00:00', 1),
(662, 'pmeb9', 5, 'Aaaa A', 2, 'mwr.life/s/pmeb9', '', 'C57A593D-5A1A-498F-BF09-E119A8BC439B', 'https://mwrlifeapp.com/assets/media/cdc6710df9d0eb8d5553fcddb6338f7b.mp4', 0, '2019-04-25 08:04:24', '0000-00-00 00:00:00', 1),
(663, 'zga7H', 13, '+91 90353', 4, 'mwr.life/s/zga7H', '', '419', 'https://www.youtube.com/watch?v=hmZvqx0cZ-U', 0, '2019-04-29 02:04:00', '0000-00-00 00:00:00', 1),
(664, '1FBge', 13, 'Aldo', 0, 'mwr.life/s/1FBge', '08069bd1b8a38469', '836', 'https://www.mwrlife.com/UnitedLifeServices', 1, '2019-04-29 04:04:45', '0000-00-00 00:00:00', 1),
(665, 'rrx6w', 13, 'ALAN', 0, 'mwr.life/s/rrx6w', '08069bd1b8a38469', '354', 'https://www.mwrlife.com/UnitedLifeServices/signup-traveladvantagepro', 1, '2019-04-29 04:04:58', '0000-00-00 00:00:00', 1),
(666, 'YGlgk', 13, 'Brenda', 0, 'mwr.life/s/YGlgk', '08069bd1b8a38469', '664', 'https://www.mwrlife.com/UnitedLifeServices', 1, '2019-04-29 04:04:19', '0000-00-00 00:00:00', 1),
(667, 'HSXNV', 13, 'Brenda', 0, ' mwr.life/s/HSXNV                            Guest Pass:EJU571', '08069bd1b8a38469', '664', 'https://www.mwrlife.com/UnitedLifeServices/signup-lite', 1, '2019-04-29 04:04:54', '2019-04-29 04:27:05', 1),
(668, 'vaJNj', 13, 'Brenda', 0, ' mwr.life/s/vaJNj                            Guest Pass:BHC117', '08069bd1b8a38469', '664', 'https://www.mwrlife.com/UnitedLifeServices/signup-lite', 1, '2019-04-29 05:04:31', '2019-04-29 06:57:50', 1),
(669, 'zo6PL', 13, 'Gaurav Sir', 4, 'mwr.life/s/zo6PL', '', '3817', 'https://www.youtube.com/watch?v=hmZvqx0cZ-U', 0, '2019-05-01 06:05:02', '2019-05-01 06:58:39', 1),
(670, 'UuMNH', 5, 'Gaurav Monani', 2, 'mwr.life/s/UuMNH', '', '315', 'https://mwrlifeapp.com/assets/media/cdc6710df9d0eb8d5553fcddb6338f7b.mp4', 0, '2019-05-01 07:05:32', '0000-00-00 00:00:00', 1),
(671, 'klnp4', 5, 'Gaurav Monani', 2, 'mwr.life/s/klnp4', '', '315', 'https://mwrlifeapp.com/assets/media/cdc6710df9d0eb8d5553fcddb6338f7b.mp4', 0, '2019-05-01 07:05:32', '0000-00-00 00:00:00', 1),
(672, 'QqGfp', 5, 'Gaurav Monani', 2, 'mwr.life/s/QqGfp', '', '315', 'https://mwrlifeapp.com/assets/media/cdc6710df9d0eb8d5553fcddb6338f7b.mp4', 0, '2019-05-01 07:05:34', '0000-00-00 00:00:00', 1),
(673, 'TBmZQ', 5, 'Gaurav Monani', 2, 'mwr.life/s/TBmZQ', '', '315', 'https://mwrlifeapp.com/assets/media/cdc6710df9d0eb8d5553fcddb6338f7b.mp4', 0, '2019-05-01 07:05:36', '0000-00-00 00:00:00', 1),
(674, 'HEAMN', 5, 'Gaurav Monani', 2, 'mwr.life/s/HEAMN', '', '315', 'https://mwrlifeapp.com/assets/media/cdc6710df9d0eb8d5553fcddb6338f7b.mp4', 0, '2019-05-01 07:05:38', '0000-00-00 00:00:00', 1),
(675, '0ljlC', 5, 'Gaurav Monani', 2, 'mwr.life/s/0ljlC', '', '315', 'https://mwrlifeapp.com/assets/media/cdc6710df9d0eb8d5553fcddb6338f7b.mp4', 0, '2019-05-01 07:05:38', '0000-00-00 00:00:00', 1),
(676, 'DWd2p', 5, 'Gaurav Monani', 2, 'mwr.life/s/DWd2p', '', '315', 'https://mwrlifeapp.com/assets/media/cdc6710df9d0eb8d5553fcddb6338f7b.mp4', 0, '2019-05-01 07:05:41', '0000-00-00 00:00:00', 1),
(677, 'NkwCP', 5, 'Gaurav Monani', 2, 'mwr.life/s/NkwCP', '', '315', 'https://mwrlifeapp.com/assets/media/cdc6710df9d0eb8d5553fcddb6338f7b.mp4', 0, '2019-05-01 07:05:43', '0000-00-00 00:00:00', 1),
(678, '6o2KD', 5, 'Gaurav Sir', 2, 'mwr.life/s/6o2KD', '', '3817', 'https://mwrlifeapp.com/assets/media/cdc6710df9d0eb8d5553fcddb6338f7b.mp4', 0, '2019-05-01 07:05:43', '0000-00-00 00:00:00', 1),
(679, '3Tstz', 5, 'Gaurav', 2, 'mwr.life/s/3Tstz', '', '99', 'https://mwrlifeapp.com/assets/media/cdc6710df9d0eb8d5553fcddb6338f7b.mp4', 0, '2019-05-01 07:05:47', '0000-00-00 00:00:00', 1),
(680, 'hP2fJ', 5, 'Gaurav Monani', 2, 'mwr.life/s/hP2fJ', '', '315', 'https://mwrlifeapp.com/assets/media/cdc6710df9d0eb8d5553fcddb6338f7b.mp4', 0, '2019-05-01 07:05:47', '0000-00-00 00:00:00', 1),
(681, 'ZsNqJ', 5, 'Gaurav Monani', 2, 'mwr.life/s/ZsNqJ', '', '315', 'https://mwrlifeapp.com/assets/media/cdc6710df9d0eb8d5553fcddb6338f7b.mp4', 0, '2019-05-01 07:05:49', '0000-00-00 00:00:00', 1),
(682, 'AFcgj', 5, 'Gaurav Monani', 2, 'mwr.life/s/AFcgj', '', '315', 'https://mwrlifeapp.com/assets/media/cdc6710df9d0eb8d5553fcddb6338f7b.mp4', 0, '2019-05-01 07:05:51', '0000-00-00 00:00:00', 1),
(683, 'xPkwN', 5, 'Gaurav Monani', 2, 'mwr.life/s/xPkwN', '', '315', 'https://mwrlifeapp.com/assets/media/cdc6710df9d0eb8d5553fcddb6338f7b.mp4', 0, '2019-05-01 07:05:05', '0000-00-00 00:00:00', 1),
(684, 'CMa3D', 5, 'Gaurav Monani', 2, 'mwr.life/s/CMa3D', '', '315', 'https://mwrlifeapp.com/assets/media/cdc6710df9d0eb8d5553fcddb6338f7b.mp4', 0, '2019-05-01 07:05:06', '0000-00-00 00:00:00', 1),
(685, 'r5GDK', 5, 'Gaurav Monani', 2, 'mwr.life/s/r5GDK', '', '315', 'https://mwrlifeapp.com/assets/media/cdc6710df9d0eb8d5553fcddb6338f7b.mp4', 0, '2019-05-01 07:05:07', '0000-00-00 00:00:00', 1),
(686, '8bAWV', 5, 'Gaurav Monani', 2, 'mwr.life/s/8bAWV', '', '315', 'https://mwrlifeapp.com/assets/media/cdc6710df9d0eb8d5553fcddb6338f7b.mp4', 0, '2019-05-01 07:05:08', '0000-00-00 00:00:00', 1),
(687, 'NjVAN', 5, 'Gaurav Monani', 2, 'mwr.life/s/NjVAN', '', '315', 'https://mwrlifeapp.com/assets/media/cdc6710df9d0eb8d5553fcddb6338f7b.mp4', 0, '2019-05-01 07:05:09', '0000-00-00 00:00:00', 1),
(688, 'Ioa7u', 5, 'Gaurav Monani', 2, 'mwr.life/s/Ioa7u', '', '315', 'https://mwrlifeapp.com/assets/media/cdc6710df9d0eb8d5553fcddb6338f7b.mp4', 0, '2019-05-01 07:05:11', '0000-00-00 00:00:00', 1),
(689, 'jRDTW', 5, 'Gaurav Monani', 2, 'mwr.life/s/jRDTW', '', '315', 'https://mwrlifeapp.com/assets/media/cdc6710df9d0eb8d5553fcddb6338f7b.mp4', 0, '2019-05-01 07:05:19', '0000-00-00 00:00:00', 1),
(690, 'fsQng', 5, '+91 90353', 4, 'mwr.life/s/fsQng', '', '419', 'https://www.youtube.com/watch?v=hmZvqx0cZ-U', 0, '2019-05-01 07:05:31', '0000-00-00 00:00:00', 1),
(691, 'Hd1rr', 5, '+918733056030', 4, 'mwr.life/s/Hd1rr', '', '190', 'https://www.youtube.com/watch?v=hmZvqx0cZ-U', 0, '2019-05-01 07:05:34', '0000-00-00 00:00:00', 1),
(692, '0qxow', 5, 'Gaurav Sir', 4, 'mwr.life/s/0qxow', '', '3817', 'https://www.youtube.com/watch?v=hmZvqx0cZ-U', 0, '2019-05-01 07:05:40', '2019-05-01 07:14:12', 1),
(693, 'kiYv4', 5, '+91 97371 76103', 2, 'mwr.life/s/kiYv4', '', '2FF78230-84D7-46F4-8D40-213A8D7CA6A5', 'https://mwrlifeapp.com/assets/media/cdc6710df9d0eb8d5553fcddb6338f7b.mp4', 0, '2019-05-01 02:05:44', '0000-00-00 00:00:00', 1),
(694, 'MUodF', 5, '+91 97371 76103', 2, 'mwr.life/s/MUodF', '', '2FF78230-84D7-46F4-8D40-213A8D7CA6A5', 'https://mwrlifeapp.com/assets/media/cdc6710df9d0eb8d5553fcddb6338f7b.mp4', 0, '2019-05-01 02:05:24', '0000-00-00 00:00:00', 1),
(695, '1HWZJ', 5, '0987654321', 2, 'mwr.life/s/1HWZJ', '', '372', 'https://mwrlifeapp.com/assets/media/cdc6710df9d0eb8d5553fcddb6338f7b.mp4', 0, '2019-05-01 02:05:41', '0000-00-00 00:00:00', 1),
(696, 'yI3dG', 5, '00', 2, 'mwr.life/s/yI3dG', '', '31C22421-1D32-45FE-A659-E2A471EB841E', 'https://mwrlifeapp.com/assets/media/cdc6710df9d0eb8d5553fcddb6338f7b.mp4', 0, '2019-05-01 02:05:31', '0000-00-00 00:00:00', 1),
(697, 'cYfr8', 5, '0987654321', 2, 'mwr.life/s/cYfr8', '', '372', 'https://mwrlifeapp.com/assets/media/cdc6710df9d0eb8d5553fcddb6338f7b.mp4', 0, '2019-05-01 02:05:33', '0000-00-00 00:00:00', 1),
(698, 'yrFwx', 5, '+91 97371 76103', 2, 'mwr.life/s/yrFwx', '', '2FF78230-84D7-46F4-8D40-213A8D7CA6A5', 'https://mwrlifeapp.com/assets/media/cdc6710df9d0eb8d5553fcddb6338f7b.mp4', 0, '2019-05-01 02:05:57', '0000-00-00 00:00:00', 1),
(699, 'yRSnF', 5, '+91 97371 76103', 2, 'mwr.life/s/yRSnF', '', '2FF78230-84D7-46F4-8D40-213A8D7CA6A5', 'https://mwrlifeapp.com/assets/media/cdc6710df9d0eb8d5553fcddb6338f7b.mp4', 0, '2019-05-01 02:05:27', '0000-00-00 00:00:00', 1),
(700, 'qrZcO', 5, '097845 6123', 2, 'mwr.life/s/qrZcO', '', '76031BFC-50A5-423E-8B9A-8E41E7073C98:ABPerson', 'https://mwrlifeapp.com/assets/media/cdc6710df9d0eb8d5553fcddb6338f7b.mp4', 0, '2019-05-01 03:05:38', '0000-00-00 00:00:00', 1),
(701, 'NXgqI', 5, '336718165484', 2, 'mwr.life/s/NXgqI', '', 'B45C0A6E-CA70-4B1E-A71C-5A08B9845782', 'https://mwrlifeapp.com/assets/media/cdc6710df9d0eb8d5553fcddb6338f7b.mp4', 0, '2019-05-01 03:05:50', '0000-00-00 00:00:00', 1),
(702, 'vsa3O', 5, '4679879874545', 2, 'mwr.life/s/vsa3O', '', 'CD6F5A8A-8962-4C20-AA25-228EF1F28562', 'https://mwrlifeapp.com/assets/media/cdc6710df9d0eb8d5553fcddb6338f7b.mp4', 0, '2019-05-01 03:05:05', '0000-00-00 00:00:00', 1),
(703, '4xvGA', 5, '+91 97371 76103', 2, 'mwr.life/s/4xvGA', '', '2FF78230-84D7-46F4-8D40-213A8D7CA6A5', 'https://mwrlifeapp.com/assets/media/cdc6710df9d0eb8d5553fcddb6338f7b.mp4', 0, '2019-05-01 03:05:09', '0000-00-00 00:00:00', 1);

-- --------------------------------------------------------

--
-- Table structure for table `tbl_users`
--

CREATE TABLE `tbl_users` (
  `user_id` int(11) NOT NULL,
  `role_id` tinyint(4) NOT NULL,
  `first_name` varchar(255) NOT NULL,
  `middle_name` varchar(255) DEFAULT NULL,
  `last_name` varchar(255) NOT NULL,
  `email` varchar(255) NOT NULL,
  `rank_id` int(11) NOT NULL,
  `country_id` int(11) NOT NULL,
  `account_type` tinyint(4) NOT NULL DEFAULT '0' COMMENT 'Vip = 1,Pro=2,Elite=3,Lite=4,5=>Consultant',
  `rank` varchar(100) NOT NULL,
  `password` varchar(255) NOT NULL,
  `phone_no` varchar(255) NOT NULL,
  `profile_pic` varchar(255) NOT NULL,
  `dob` date NOT NULL,
  `mwr_life_user_id` varchar(255) NOT NULL,
  `current_level` varchar(255) NOT NULL,
  `current_month_balance` varchar(255) NOT NULL,
  `status_for_nextlevel` varchar(255) NOT NULL,
  `site_link` varchar(255) NOT NULL,
  `personal_note` text NOT NULL,
  `preferred_language` int(11) NOT NULL,
  `time_zone` varchar(255) NOT NULL,
  `is_active` enum('1','0') NOT NULL DEFAULT '1' COMMENT '1=>Active,2 =>Deactive',
  `is_mail_send` tinyint(4) NOT NULL DEFAULT '1' COMMENT '0=>mail not send,1=>mail send successfully',
  `security_token` varchar(255) NOT NULL,
  `security_token_expiry_date` datetime NOT NULL,
  `member_registration_date` datetime NOT NULL,
  `sso_token` varchar(255) NOT NULL,
  `created_date` date NOT NULL,
  `mwr_user_role` varchar(255) NOT NULL COMMENT 'user role use at mwrlife',
  `mwr_user_status` varchar(255) NOT NULL COMMENT 'user status use at mwrlife',
  `mwr_uniqueid` varchar(255) NOT NULL COMMENT 'uniqueid use at mwrlife',
  `life_experiance_sso_token` varchar(255) NOT NULL,
  `updated_date` datetime NOT NULL
) ENGINE=InnoDB DEFAULT CHARSET=latin1;

--
-- Dumping data for table `tbl_users`
--

INSERT INTO `tbl_users` (`user_id`, `role_id`, `first_name`, `middle_name`, `last_name`, `email`, `rank_id`, `country_id`, `account_type`, `rank`, `password`, `phone_no`, `profile_pic`, `dob`, `mwr_life_user_id`, `current_level`, `current_month_balance`, `status_for_nextlevel`, `site_link`, `personal_note`, `preferred_language`, `time_zone`, `is_active`, `is_mail_send`, `security_token`, `security_token_expiry_date`, `member_registration_date`, `sso_token`, `created_date`, `mwr_user_role`, `mwr_user_status`, `mwr_uniqueid`, `life_experiance_sso_token`, `updated_date`) VALUES
(4, 0, 'Jeannito', '', 'PIERRE', 'pj.jeannito@hotmail.fr', 0, 0, 5, '', 'ousav', '0782510939', '86ea7008c9fe47a0190a2b78b209234c.jpg', '1967-01-12', '', '', '', '', '', '', 0, '', '', 1, '', '0000-00-00 00:00:00', '2018-11-21 06:41:36', '', '0000-00-00', '', '', '', '', '0000-00-00 00:00:00'),
(5, 3, 'Valérie', '', 'AUBIN', 'v2aubin@gmail.com', 3, 72, 5, 'Manager', 'valerie78', '0658212637', '4a37b47403bde1916eef232d38adb517.jpg', '1961-03-09', '12051', '0', '0', '0', 'https://www.mwrlife.com/v2aubin', '', 0, 'Asia/Kolkata', '1', 1, '', '0000-00-00 00:00:00', '2017-01-13 16:02:22', 'cc991d5a-eb22-4839-bc5a-cb061201bfa3', '2019-01-27', 'Elite', 'Active', '7c9953d2-a291-4ec5-9e38-0c515fae1a7b', 'xYcQI5GYZJF8hizs23OBhOqrQqxaFCKOVkMxBm7plcSV0K8fHe', '2019-01-28 07:24:09'),
(6, 1, 'Admin', '', 'user', 'developer@itoneclick.com', 0, 0, 0, '', '5c8d9de287932b0d99d8515d68a6e093', '9632587410', '9573d4479065e6a90dd0df8370415cc3.png', '0000-00-00', '', '', '', '', '', '', 0, '', '1', 1, '', '0000-00-00 00:00:00', '0000-00-00 00:00:00', '', '2018-12-04', '', '', '', '', '2019-03-16 11:53:02'),
(10, 3, 'Isaac', '', 'Ashurov', 'isaac.ashurov@gmail.com', 6, 36, 5, 'District Manager', 'Sirl7777', '8888015853', 'https://www.mwrlife.com/images/profile/compressed/32777_636705420219019449.png', '1978-02-01', '32777', '0', '0', '33', 'https://www.mwrlife.com/joinisaac', '', 0, 'Asia/Calcutta', '1', 1, '', '0000-00-00 00:00:00', '2018-08-21 19:33:33', 'aa68d9c7-cbeb-4537-b2a8-01fc3fb44ba1', '0000-00-00', 'Elite', 'Active', '147571a8-72e4-4983-a606-a0d879684925', 'UsbW1ajWELccDnmTvxY4dZKpThY8DYacFEAlqJt53IKTDZ9r4I', '0000-00-00 00:00:00'),
(11, 3, 'Demo', '', 'Account 2', 'demo2@MWRTravelPro.com', 2, 228, 5, 'Lifestyle Consultant', 'demo123', '8885361341', 'f7e541b89c83e5e5422f55fa6b672a8a.jpg', '1982-01-01', '27839', '0', '0', '0', 'https://www.mwrlife.com/demo2', '', 0, 'Asia/Calcutta', '1', 1, '', '0000-00-00 00:00:00', '2018-01-15 15:29:24', 'c504f4a1-51e8-4ba8-a70c-3efbc1e07502', '0000-00-00', 'Elite', 'Active', '4bbd98f9-d27b-422b-b808-019ab03ec516', '8bg6ZBfZm1DZnSAdhrpeWQRKxLtJFi5MoGJwZDwQotW8BYycZN', '0000-00-00 00:00:00'),
(12, 3, 'Danielle', '', 'Terpko', 'danielle@mwrlife.com', 2, 228, 5, 'Lifestyle Consultant', 'DNMf42At', '7542642486', 'c385ab9abf26d5dadb1333c175e51a71.jpg', '1991-07-08', '22119', '0', '0', '0', 'https://www.mwrlife.com/danielle', '', 0, 'Asia/Dubai', '1', 1, '', '0000-00-00 00:00:00', '2017-08-03 16:25:21', '90d6770d-f508-4fb5-b2dc-2aea498db8f6', '0000-00-00', 'Elite', 'Active', 'cb393563-f0ed-4f86-9ff2-a6e9110f3c9d', 'Hw04ZQ1Pyd55P9yKaA2jJJ1bPhEX9M6qQpGkCtnhejSRLxRAuH', '0000-00-00 00:00:00'),
(13, 3, 'United Life', '', 'Services', 'UnitedLifeServices@gmail.com', 8, 228, 5, 'National Manager', 'MWRlife16', '7028607746', 'https://www.mwrlife.com/images/profile/compressed/5481_636834232307236016.jpg', '1964-08-13', '5481', '0', '0', '0', 'https://www.mwrlife.com/UnitedLifeServices', '', 0, 'Asia/Kolkata', '1', 1, '', '0000-00-00 00:00:00', '2015-11-11 16:39:33', '49e71cdb-1a05-4739-a10e-4244d336bbb7', '0000-00-00', 'Elite', 'Active', '4db05bf9-db6c-4cab-a687-62404e4564f8', '5gHEXXCPhtizNzb6tkttILO2XEgpW7OmZRABZP8IPwaMe1lNJE', '2019-01-25 06:14:13'),
(17, 3, 'Lifestyle', '', 'Consultant', 'demo@mwrlife.com', 2, 228, 5, 'Lifestyle Consultant', 'demo123', '8885361341', 'https://www.mwrlife.com/images/profile/compressed/32750_636842853610132089.jpg', '1982-01-01', '32750', '0', '0', '0', 'https://www.mwrlife.com/demo123', '', 0, 'Europe/Bucharest', '1', 1, '', '0000-00-00 00:00:00', '2018-08-18 16:22:38', '65287549-fb80-49e9-ad15-6b6dc7d26ff3', '0000-00-00', 'Elite', 'Active', '56d34fcf-68ba-472a-bcbb-8230ae9e60e9', 'AMY0p1U0JezMangrbEymioGsUb700M1gdBhb3EIAeBDzfXQ4Xt', '0000-00-00 00:00:00'),
(18, 2, 'shubham', NULL, 'chandarana', 'shubham@itoneclick.com', 0, 0, 5, '', '25f9e794323b453885f5181f1b624d0b', '9870125847', 'cc67873c05502ed9b9d6327ddc4881ae.png', '0000-00-00', '', '', '', '', '', '', 0, 'Asia/Kolkata', '1', 1, '', '2019-04-25 08:07:30', '0000-00-00 00:00:00', '', '2019-01-30', '', '', '', '', '2019-03-14 09:59:52'),
(20, 2, 'Kevin', NULL, 'Albright', 'kevin@mwrlife.com', 0, 0, 5, '', 'f8f3763922eb2457fbb85afc7028a757', '7028607746', '', '0000-00-00', '', '', '', '', '', '', 0, '', '1', 1, '', '0000-00-00 00:00:00', '0000-00-00 00:00:00', '', '2019-02-06', '', '', '', '', '0000-00-00 00:00:00');

-- --------------------------------------------------------

--
-- Table structure for table `tbl_users_contacts`
--

CREATE TABLE `tbl_users_contacts` (
  `contact_id` int(11) NOT NULL,
  `user_id` int(11) NOT NULL,
  `contact_name` varchar(255) NOT NULL,
  `contact_pic` varchar(255) NOT NULL,
  `prospects_status` tinyint(4) NOT NULL COMMENT '0=>began,Hot=>1,  In-play=>2, Unsorted=>3 Cold=>4 Unworkable=>5',
  `follow_up_date` datetime NOT NULL,
  `notes` text NOT NULL,
  `is_active` tinyint(4) NOT NULL DEFAULT '1',
  `created_date` datetime NOT NULL,
  `updated_date` datetime NOT NULL
) ENGINE=InnoDB DEFAULT CHARSET=latin1;

--
-- Dumping data for table `tbl_users_contacts`
--

INSERT INTO `tbl_users_contacts` (`contact_id`, `user_id`, `contact_name`, `contact_pic`, `prospects_status`, `follow_up_date`, `notes`, `is_active`, `created_date`, `updated_date`) VALUES
(5, 1, 'suresh', '', 1, '0000-00-00 00:00:00', '', 1, '2018-11-22 17:23:20', '0000-00-00 00:00:00'),
(6, 1, 'hatrsh', '', 1, '0000-00-00 00:00:00', '', 1, '2018-11-22 17:24:27', '0000-00-00 00:00:00'),
(7, 1, 'magan', '', 2, '0000-00-00 00:00:00', '', 1, '2018-11-22 17:25:04', '0000-00-00 00:00:00'),
(8, 1, 'opa', '', 2, '0000-00-00 00:00:00', '', 1, '2018-11-22 17:48:04', '0000-00-00 00:00:00');

-- --------------------------------------------------------

--
-- Table structure for table `tbl_user_contact_numbers`
--

CREATE TABLE `tbl_user_contact_numbers` (
  `user_contact_number_id` int(11) NOT NULL,
  `contact_id` int(11) NOT NULL,
  `contact_number` varchar(255) NOT NULL,
  `created_date` datetime NOT NULL
) ENGINE=InnoDB DEFAULT CHARSET=latin1;

--
-- Dumping data for table `tbl_user_contact_numbers`
--

INSERT INTO `tbl_user_contact_numbers` (`user_contact_number_id`, `contact_id`, `contact_number`, `created_date`) VALUES
(3, 2, '987765655', '0000-00-00 00:00:00'),
(4, 2, '9678688', '0000-00-00 00:00:00'),
(5, 2, '8787987', '0000-00-00 00:00:00'),
(6, 3, '987765655', '0000-00-00 00:00:00'),
(7, 3, '9678688', '0000-00-00 00:00:00'),
(8, 3, '8787987', '0000-00-00 00:00:00'),
(9, 2, '9783098169', '0000-00-00 00:00:00'),
(10, 6, '9783098169', '2018-11-22 17:24:27'),
(11, 6, '9678688', '2018-11-22 17:24:27'),
(12, 6, '8787987', '2018-11-22 17:24:27'),
(13, 7, '9783098169', '2018-11-22 17:25:04'),
(14, 7, '9678688', '2018-11-22 17:25:04'),
(15, 7, '8787987', '2018-11-22 17:25:04'),
(16, 8, '9783098169', '2018-11-22 17:48:04'),
(17, 8, '9678688', '2018-11-22 17:48:04'),
(18, 8, '8787987', '2018-11-22 17:48:04'),
(19, 9, '9783098169', '2018-11-22 17:48:07'),
(20, 9, '9678688', '2018-11-22 17:48:07'),
(21, 9, '8787987', '2018-11-22 17:48:07'),
(22, 10, '9783098169', '2018-11-22 17:48:09'),
(23, 10, '9678688', '2018-11-22 17:48:09'),
(24, 10, '8787987', '2018-11-22 17:48:09'),
(25, 11, '9783098169', '2018-11-22 17:48:10'),
(26, 11, '9678688', '2018-11-22 17:48:10'),
(27, 11, '8787987', '2018-11-22 17:48:10');

-- --------------------------------------------------------

--
-- Table structure for table `tbl_user_meta`
--

CREATE TABLE `tbl_user_meta` (
  `id` int(11) NOT NULL,
  `user_id` int(11) NOT NULL,
  `device_type` varchar(255) NOT NULL,
  `device_token` varchar(255) DEFAULT NULL,
  `access_token` varchar(255) NOT NULL,
  `is_active` tinyint(4) NOT NULL DEFAULT '1',
  `created_date` datetime NOT NULL
) ENGINE=InnoDB DEFAULT CHARSET=latin1;

--
-- Dumping data for table `tbl_user_meta`
--

INSERT INTO `tbl_user_meta` (`id`, `user_id`, `device_type`, `device_token`, `access_token`, `is_active`, `created_date`) VALUES
(1, 5, '1', '3ff162df8ef619b1', '6a70843b99194d7f2d8e80e72f25304f', 1, '2019-01-24 06:49:22'),
(2, 5, '1', 'eMeJ97R7dlw:APA91bFZHpme1b9bjxmqN56efIH6mZ6rM2oS8c2sSsgeaByhGqwDrm5XnIbVDVGXhI5TlU7FLQgyjuUwDEUbrv5dalAsFtc5hjfkn6mOCifxj081fN1yKFeqFspfRbNZD0d_hqnwxHqL', 'c0658b16c0ea336f75d26ea931927b6f', 1, '2019-01-24 06:58:10'),
(3, 5, '1', 'etx9HoV-8P0:APA91bGi9GU6dvZDrDypBFjgSI68mUtrMZMiliM0kEcvEO8hJYuRZlOQF4gdgF2VF4oM8oWKt1q0Yd3HlGJoLsR7mZk-suZ7D0skHtPHxkRjN7JNtQogwYZO5UvQ2MWfl5bJtZI6HRSh', '14141406c60484b09af4da15a0cfaefd', 0, '2019-01-24 07:54:42'),
(4, 5, '1', 'fjJngFMZQQY:APA91bEj8l7J0x46wJPfdcOOu9QxbU2GCQAe0QUXrTm9wZO7OSRYWavUTHt3K8Q9RnocbG43SHoABXDHdWpiHkRMpr6SwvGS-mPvIKWTA6NsqiG9e15fs_uLEXLPe2NRe1_cLSW9HlKy', '3fe74fdc3a9f71f6977d7be894b7b53b', 0, '2019-01-24 13:29:11'),
(5, 5, '1', 'fjJngFMZQQY:APA91bEj8l7J0x46wJPfdcOOu9QxbU2GCQAe0QUXrTm9wZO7OSRYWavUTHt3K8Q9RnocbG43SHoABXDHdWpiHkRMpr6SwvGS-mPvIKWTA6NsqiG9e15fs_uLEXLPe2NRe1_cLSW9HlKy', 'e55b67cf12cb74a27bad7bc12c40ecb8', 0, '2019-01-24 14:08:24'),
(6, 5, '1', 'fjJngFMZQQY:APA91bEj8l7J0x46wJPfdcOOu9QxbU2GCQAe0QUXrTm9wZO7OSRYWavUTHt3K8Q9RnocbG43SHoABXDHdWpiHkRMpr6SwvGS-mPvIKWTA6NsqiG9e15fs_uLEXLPe2NRe1_cLSW9HlKy', '9776f883be65aec3a0dfee1faf6c7ff0', 0, '2019-01-24 14:09:03'),
(7, 5, '1', '3ff162df8ef619b1', 'e827f28e0df2f92521782162d7a68bb7', 1, '2019-01-24 14:12:19'),
(8, 5, '1', 'fjJngFMZQQY:APA91bEj8l7J0x46wJPfdcOOu9QxbU2GCQAe0QUXrTm9wZO7OSRYWavUTHt3K8Q9RnocbG43SHoABXDHdWpiHkRMpr6SwvGS-mPvIKWTA6NsqiG9e15fs_uLEXLPe2NRe1_cLSW9HlKy', '9e6321f4ea6b47ca15e0da4100411c7a', 0, '2019-01-24 14:14:55'),
(9, 5, '1', 'fjJngFMZQQY:APA91bEj8l7J0x46wJPfdcOOu9QxbU2GCQAe0QUXrTm9wZO7OSRYWavUTHt3K8Q9RnocbG43SHoABXDHdWpiHkRMpr6SwvGS-mPvIKWTA6NsqiG9e15fs_uLEXLPe2NRe1_cLSW9HlKy', '33a6c3b80c0709634b2f6d36ba996d73', 1, '2019-01-24 14:19:51'),
(10, 13, '1', 'eMrPTgrSihY:APA91bEtqDMiRgBQXAMlkHuPKRbUfbpUeXZqGShE52NOwJLZ0pxTcN_H6gknCAzFiQZ7qOLCB9WE-9nS3bFGa8y12LczmDwEJcBFUak8_bGSVsu_YoLiQhECgQDrJDQw09Oi_urBl4GA', '04a2129c6920d2984042a2eef264bc30', 0, '2019-01-25 05:22:51'),
(11, 13, '1', 'eMrPTgrSihY:APA91bEtqDMiRgBQXAMlkHuPKRbUfbpUeXZqGShE52NOwJLZ0pxTcN_H6gknCAzFiQZ7qOLCB9WE-9nS3bFGa8y12LczmDwEJcBFUak8_bGSVsu_YoLiQhECgQDrJDQw09Oi_urBl4GA', '3694beb971affd76c580a47f27227e7a', 0, '2019-01-25 06:12:27'),
(12, 13, '1', 'eMrPTgrSihY:APA91bEtqDMiRgBQXAMlkHuPKRbUfbpUeXZqGShE52NOwJLZ0pxTcN_H6gknCAzFiQZ7qOLCB9WE-9nS3bFGa8y12LczmDwEJcBFUak8_bGSVsu_YoLiQhECgQDrJDQw09Oi_urBl4GA', '08aebff55e2131d517c49d7893b73878', 0, '2019-01-25 06:14:01'),
(13, 13, '1', 'eMrPTgrSihY:APA91bEtqDMiRgBQXAMlkHuPKRbUfbpUeXZqGShE52NOwJLZ0pxTcN_H6gknCAzFiQZ7qOLCB9WE-9nS3bFGa8y12LczmDwEJcBFUak8_bGSVsu_YoLiQhECgQDrJDQw09Oi_urBl4GA', 'e830e3f7556e7f3657e7ec52792dc2fa', 0, '2019-01-25 06:51:10'),
(14, 5, '1', 'cPIQ0o5bXrM:APA91bFpOMdTHRQKqDkkcnzHjW65OFUOZHb9w3Uo4P4X_FITSExIat-3GTHxy0UusRll8Tvqe9g4SLY-pufxU8Uf-cxoSakvS9PLLMjI8JA1tGMJNnhI_6ItnlQZhvfLN8DdTbNYNucK', '9534996fbaf16c03b4b562fc7985ce75', 1, '2019-01-25 07:09:06'),
(15, 5, '1', 'eMrPTgrSihY:APA91bEtqDMiRgBQXAMlkHuPKRbUfbpUeXZqGShE52NOwJLZ0pxTcN_H6gknCAzFiQZ7qOLCB9WE-9nS3bFGa8y12LczmDwEJcBFUak8_bGSVsu_YoLiQhECgQDrJDQw09Oi_urBl4GA', 'a3d999eb8a3e5ab0f405f22f3355e790', 0, '2019-01-25 08:06:10'),
(16, 13, '1', NULL, 'eb52ce1a31a8a14c327ed1b39ac4fa2f', 0, '2019-01-25 08:11:19'),
(17, 13, '1', NULL, 'e000a3515de0567f9fa93fed40568c93', 0, '2019-01-25 08:20:00'),
(18, 13, '1', NULL, '834b81b13395fc13849bc790cb12af31', 0, '2019-01-25 08:21:56'),
(19, 5, '1', 'etx9HoV-8P0:APA91bGi9GU6dvZDrDypBFjgSI68mUtrMZMiliM0kEcvEO8hJYuRZlOQF4gdgF2VF4oM8oWKt1q0Yd3HlGJoLsR7mZk-suZ7D0skHtPHxkRjN7JNtQogwYZO5UvQ2MWfl5bJtZI6HRSh', '5dfd16e4601532de6327c8a969c521a3', 0, '2019-01-25 09:33:03'),
(20, 5, '1', 'etx9HoV-8P0:APA91bGi9GU6dvZDrDypBFjgSI68mUtrMZMiliM0kEcvEO8hJYuRZlOQF4gdgF2VF4oM8oWKt1q0Yd3HlGJoLsR7mZk-suZ7D0skHtPHxkRjN7JNtQogwYZO5UvQ2MWfl5bJtZI6HRSh', '1039162b66b32967463e795670a355eb', 0, '2019-01-25 09:43:47'),
(21, 13, '1', NULL, 'f2a1bb8523a61ee2bde55098b553bd47', 1, '2019-01-25 09:44:59'),
(22, 13, '1', NULL, '322d2b09b9b181ef9cc9a58c9d95a05c', 1, '2019-01-25 09:45:43'),
(23, 13, '1', NULL, '4c91425969d49ce556d14a3ad1627efc', 1, '2019-01-25 09:48:01'),
(24, 13, '1', 'eMrPTgrSihY:APA91bEtqDMiRgBQXAMlkHuPKRbUfbpUeXZqGShE52NOwJLZ0pxTcN_H6gknCAzFiQZ7qOLCB9WE-9nS3bFGa8y12LczmDwEJcBFUak8_bGSVsu_YoLiQhECgQDrJDQw09Oi_urBl4GA', '6f11eb8408f763b4ea866d44a0c5d365', 1, '2019-01-25 09:51:18'),
(25, 5, '1', 'etx9HoV-8P0:APA91bGi9GU6dvZDrDypBFjgSI68mUtrMZMiliM0kEcvEO8hJYuRZlOQF4gdgF2VF4oM8oWKt1q0Yd3HlGJoLsR7mZk-suZ7D0skHtPHxkRjN7JNtQogwYZO5UvQ2MWfl5bJtZI6HRSh', '6b449bf77b407666c51088271bce283e', 0, '2019-01-25 09:54:11'),
(26, 5, '1', 'etx9HoV-8P0:APA91bGi9GU6dvZDrDypBFjgSI68mUtrMZMiliM0kEcvEO8hJYuRZlOQF4gdgF2VF4oM8oWKt1q0Yd3HlGJoLsR7mZk-suZ7D0skHtPHxkRjN7JNtQogwYZO5UvQ2MWfl5bJtZI6HRSh', '3c6c477df19bd6116b91f181a43ea86a', 1, '2019-01-25 10:00:19'),
(27, 13, '1', NULL, '0964bd74b9bac1b3e279d5db5fad7fd8', 1, '2019-01-25 10:08:44'),
(28, 5, '1', 'e3Nhiwxpj18:APA91bGH9XuoXo_wcejKPD0FbEBKWV8ccv_Gnb2Er4eYTODb4XoZEtFyu_vSpqCThnX7n3-idJa_-P2vKBaMkDEsTqj1BYXkxEbcXMqCLyJ-55qAIJ-meMmy9V6uTOFyNXOg9puMXk9c', '2f298c272a5811f9b245cfd4312f1686', 0, '2019-01-25 10:14:38'),
(29, 13, '1', NULL, 'e429f2976fcfe67ca091f9e2ee13f0f8', 1, '2019-01-25 10:15:02'),
(32, 5, '1', 'e3Nhiwxpj18:APA91bGH9XuoXo_wcejKPD0FbEBKWV8ccv_Gnb2Er4eYTODb4XoZEtFyu_vSpqCThnX7n3-idJa_-P2vKBaMkDEsTqj1BYXkxEbcXMqCLyJ-55qAIJ-meMmy9V6uTOFyNXOg9puMXk9c', '12f79411b072e956beef6f2c41ab78e1', 1, '2019-01-25 10:49:13'),
(33, 5, '1', 'cq_1rT9aIxo:APA91bFqDeSXPZPtnHtJ0d_YipvjwLgzqzPD6GDbQkPdLoS_MMue-ch52nxU1kzIX3xlQDctxw_9AB0Z0XSPQeOZDhEcJyKNe5WG3j5xfQ75mZr1-AAaXb61kritreEAVl7Yk-XFFF85', 'fa241bb7ccf1392cd4f3590fc5fd34df', 0, '2019-01-25 11:03:51'),
(34, 5, '1', 'fzJDzE5ZhRc:APA91bFEmUQbw9FwyT_yw6qjWRt0BrGPNidj0hIyYaoayMQ-TUS8CvKxCKTdLBS0HSscMYWI84estaqjcOu0cON8HtQRkjztHprRehVJJ8pabZuocSntZWKAUfmDquxl1aqUym_xjfFH', '3295e45e1a240233d9f90cf9d3085bf5', 0, '2019-01-25 11:23:39'),
(35, 5, '1', 'fzJDzE5ZhRc:APA91bFEmUQbw9FwyT_yw6qjWRt0BrGPNidj0hIyYaoayMQ-TUS8CvKxCKTdLBS0HSscMYWI84estaqjcOu0cON8HtQRkjztHprRehVJJ8pabZuocSntZWKAUfmDquxl1aqUym_xjfFH', '708895b4b5506f5c75b21b04008cf3fc', 0, '2019-01-25 11:25:51'),
(40, 5, '1', 'ctmouHiPNb8:APA91bFzlH8EUT8ly_BTv2xGEe1F6rGSsq2S5QFVzbrcKUslRtb7JwgdBBIcwIiN7GHriS7cKxJyWaQjyu5roEJ-JoYon6W8LM7YNn-WH6DaimhdyJ8S7CNEgrTedKybAxcpU4t6bjHz', '9eb99aee18ad991d3b37d6eab1509603', 1, '2019-01-25 12:20:22'),
(41, 13, '1', 'ctmouHiPNb8:APA91bFzlH8EUT8ly_BTv2xGEe1F6rGSsq2S5QFVzbrcKUslRtb7JwgdBBIcwIiN7GHriS7cKxJyWaQjyu5roEJ-JoYon6W8LM7YNn-WH6DaimhdyJ8S7CNEgrTedKybAxcpU4t6bjHz', '74e8c2fd2c432b3e8cd0c7697c8479b4', 1, '2019-01-25 12:57:16'),
(47, 5, '1', 'cq_1rT9aIxo:APA91bFqDeSXPZPtnHtJ0d_YipvjwLgzqzPD6GDbQkPdLoS_MMue-ch52nxU1kzIX3xlQDctxw_9AB0Z0XSPQeOZDhEcJyKNe5WG3j5xfQ75mZr1-AAaXb61kritreEAVl7Yk-XFFF85', '36a6790c01b3b6ccb2355f5065035ecb', 0, '2019-01-25 14:07:25'),
(48, 5, '1', 'cq_1rT9aIxo:APA91bFqDeSXPZPtnHtJ0d_YipvjwLgzqzPD6GDbQkPdLoS_MMue-ch52nxU1kzIX3xlQDctxw_9AB0Z0XSPQeOZDhEcJyKNe5WG3j5xfQ75mZr1-AAaXb61kritreEAVl7Yk-XFFF85', 'a77cb94b62ce6117a50c99778089cfa4', 1, '2019-01-25 14:09:59'),
(59, 13, '1', 'c-zA3xQYxu4:APA91bEcPon2qX5mlw5CkJN6q4weg897QP0yRl1IXlD2M8o1Kx4x45-WVyZVG9ja__ORWlFr47Z6RqX5LliRHIqYiV5PFSEXEaq-Q3kEAfS_GpQu0zyAYY8_MwzbKhEADMIrnT0Q8b0X', '83c1ee38c068c1a7c026b621ae3af57b', 1, '2019-01-25 20:21:17'),
(61, 13, '1', 'ejumQLIqj1o:APA91bHNDml08icFNFQzGIlD5_w9Ap7lqEIpc6r4rPy05kCpXj8PkaaKU_varKCy_AtV237LBf6MPB10UYgkuTdRIyvfTmqphewK4E8DJncBm4H_DUI62wl2uafPS3jXjfQSfT8edDpR', '648d61795b41d6fb66caa4550cce73a4', 0, '2019-01-26 06:20:02'),
(62, 13, '1', 'ejumQLIqj1o:APA91bHNDml08icFNFQzGIlD5_w9Ap7lqEIpc6r4rPy05kCpXj8PkaaKU_varKCy_AtV237LBf6MPB10UYgkuTdRIyvfTmqphewK4E8DJncBm4H_DUI62wl2uafPS3jXjfQSfT8edDpR', '641a7c252245b075e1c6525d664a2b31', 0, '2019-01-26 06:39:19'),
(66, 5, '1', 'c6aCAgpbrbc:APA91bEAWLqX6Vp3AnOkHHwRsGDYyNHe-Vj_BbJxDhgzQAUEx_apnlkow2afDEmV1mQiPYlRE-3BHyL5jIHTJB8i3zdZughPFhIpKyn1d_lfSQfwOdeJXK8GdF3JVdkRVcVi4t3UPojB', '1d75eb67ddbe75594309aed038790069', 0, '2019-01-26 06:56:11'),
(72, 5, '1', 'c6aCAgpbrbc:APA91bEAWLqX6Vp3AnOkHHwRsGDYyNHe-Vj_BbJxDhgzQAUEx_apnlkow2afDEmV1mQiPYlRE-3BHyL5jIHTJB8i3zdZughPFhIpKyn1d_lfSQfwOdeJXK8GdF3JVdkRVcVi4t3UPojB', 'ab8ab88bf884cf75b6488bd891fcf8a3', 0, '2019-01-26 07:24:27'),
(73, 13, '1', 'ejumQLIqj1o:APA91bHNDml08icFNFQzGIlD5_w9Ap7lqEIpc6r4rPy05kCpXj8PkaaKU_varKCy_AtV237LBf6MPB10UYgkuTdRIyvfTmqphewK4E8DJncBm4H_DUI62wl2uafPS3jXjfQSfT8edDpR', '4bfcb9a0fb5881b19bb360a327640da6', 0, '2019-01-26 07:25:03'),
(74, 5, '1', 'c6aCAgpbrbc:APA91bEAWLqX6Vp3AnOkHHwRsGDYyNHe-Vj_BbJxDhgzQAUEx_apnlkow2afDEmV1mQiPYlRE-3BHyL5jIHTJB8i3zdZughPFhIpKyn1d_lfSQfwOdeJXK8GdF3JVdkRVcVi4t3UPojB', '192b3ad26f711678e064c4eadae60ae7', 0, '2019-01-26 07:25:10'),
(77, 13, '1', 'c6aCAgpbrbc:APA91bEAWLqX6Vp3AnOkHHwRsGDYyNHe-Vj_BbJxDhgzQAUEx_apnlkow2afDEmV1mQiPYlRE-3BHyL5jIHTJB8i3zdZughPFhIpKyn1d_lfSQfwOdeJXK8GdF3JVdkRVcVi4t3UPojB', 'd9aea7300357164107bf007383f12cd9', 0, '2019-01-26 07:32:59'),
(78, 5, '1', 'c6aCAgpbrbc:APA91bEAWLqX6Vp3AnOkHHwRsGDYyNHe-Vj_BbJxDhgzQAUEx_apnlkow2afDEmV1mQiPYlRE-3BHyL5jIHTJB8i3zdZughPFhIpKyn1d_lfSQfwOdeJXK8GdF3JVdkRVcVi4t3UPojB', '7c59cc12dd7495ab8383c2394977dbef', 0, '2019-01-26 07:36:39'),
(82, 13, '1', 'ejumQLIqj1o:APA91bHNDml08icFNFQzGIlD5_w9Ap7lqEIpc6r4rPy05kCpXj8PkaaKU_varKCy_AtV237LBf6MPB10UYgkuTdRIyvfTmqphewK4E8DJncBm4H_DUI62wl2uafPS3jXjfQSfT8edDpR', '5c2c0bb0b7fc8a3b1cf302b9e6897ad8', 1, '2019-01-26 09:35:29'),
(83, 13, '1', 'dFmPFu6GnYU:APA91bFkhhGLdnWhpMjQWHMvQSHD9lEOdE9GuS2FiYcVziDPxNGS7ARhHr7dR4xcGiJUbtKGRiU50vvHoUTnO3YDaoGomyDO0bn6E2_V0OKdbHxFC_1sHPZv-eENuEZXj7Mb-ApV5tYv', 'f442a54fa1b70d3eedc3ac5556ca7e04', 0, '2019-01-26 09:37:11'),
(84, 13, '1', 'dFmPFu6GnYU:APA91bFkhhGLdnWhpMjQWHMvQSHD9lEOdE9GuS2FiYcVziDPxNGS7ARhHr7dR4xcGiJUbtKGRiU50vvHoUTnO3YDaoGomyDO0bn6E2_V0OKdbHxFC_1sHPZv-eENuEZXj7Mb-ApV5tYv', 'dd91567520cc9223a57b60898b8ec929', 0, '2019-01-26 10:05:09'),
(85, 13, '1', 'eBBJd0joa-M:APA91bHhN6mFEr8eT0TJDyzv70R9ZI4jdG26QBcBMZiaCfFc9RgvnMx5ddBfFo05ZopodrnuwPduV9WCSw5Vf5WIdw4MwUuUzr0SomntqSau8Xhx35OMxRCUV8ZkiSTCUWmG6QgwsSg5', '0817a7514eca6a9d1880f2f30430aceb', 1, '2019-01-26 10:07:25'),
(94, 13, '1', NULL, '9037933e8b4f1252df75f3389f1fd261', 1, '2019-01-26 10:46:22'),
(103, 5, '1', 'cnmalalgJtk:APA91bGwzq8T2ILTdhdx1gPprbX1YLtdHx37BohV_72kWdqqpooCTCuvpw1IrVli6U6xZUydpodJbKpcdxTaNGK9s2P-XvX0WekVPlwf6OF_IfGAQ5x2Z72T__LlHi6LzH4yxw1Xjj5Z', '34840ece710e59b0e88941534ddc2060', 1, '2019-01-26 13:06:22'),
(104, 5, '1', 'e-02auu8m1E:APA91bH6_PhnFHj324RABEZvcXQezMVb9EnPzh-MQCDQugglc-sg9wECZiXxgV3J_pOJqlwbVqBl9IgqrNRT-Dv4hL74Cc2cQyM1oVqLJtNE5cvVH1NQUd_d7LibZZmWNGpn5B1iCtUF', '033ebed83b31fac28e3106d70c40e172', 1, '2019-01-26 13:18:03'),
(109, 13, '1', 'efSMkG4bZkY:APA91bHqo86TaALRDm85qRn3U3BCmmgHNjBL2U83_qhlW6EOXLL06Kg6T3Yd4W7gUkZfcXreRNr5dK9ClHvjkLL8fRuu0fTpGOD7FjQPcBiAEt9cTNg0Aj_iqeNT-Vfe8itQHgPJRyFe', 'b209cea1091c0ea1450ebe00ff775b89', 1, '2019-01-26 15:03:35'),
(112, 5, '1', 'dU9K3Kw6dpM:APA91bGjuScYjbRzVS6N-TV4omq7DcrAFjDHzSLIYFD2GAQI7kqD2f7J7ITO-CslESS5ZAokNHK5g5LT4y38WfkVArshgHcekrj7cuZ-45YJF9aXmjYLyFRxh_1TI_4mE7mQgxircMg1', 'd2fcfceb581714b30429fdeddb2bafd9', 1, '2019-01-28 05:57:51'),
(113, 13, '1', 'fZ4Db136G18:APA91bF2dElf8EIcWHcfACcyDxvgOUlwsl0A_hPQ3ldJposVK3FfU6NEEINO2PceCDJnuxojuD2JLTzaVKVB4dwH0upk0tPTOHSfZbh-kPVLSGynxauAGSNVxcPVnzMZlfHoQH6LURy9', '6b48fcba30f44e5bf6439bc525855f85', 0, '2019-01-28 06:06:12'),
(123, 5, '1', 'fZ4Db136G18:APA91bF2dElf8EIcWHcfACcyDxvgOUlwsl0A_hPQ3ldJposVK3FfU6NEEINO2PceCDJnuxojuD2JLTzaVKVB4dwH0upk0tPTOHSfZbh-kPVLSGynxauAGSNVxcPVnzMZlfHoQH6LURy9', 'b07273791a285f9105dff372ed040a51', 0, '2019-01-28 07:14:49'),
(124, 5, '1', NULL, '5ef06775d2fc2045a2513c1fe04a523f', 1, '2019-01-28 07:15:06'),
(125, 5, '1', 'fZ4Db136G18:APA91bF2dElf8EIcWHcfACcyDxvgOUlwsl0A_hPQ3ldJposVK3FfU6NEEINO2PceCDJnuxojuD2JLTzaVKVB4dwH0upk0tPTOHSfZbh-kPVLSGynxauAGSNVxcPVnzMZlfHoQH6LURy9', '2fb6514a42a55196bc4ebca8b08c378e', 0, '2019-01-28 07:20:29'),
(126, 5, '1', NULL, '5e614e25ce6fc6909d61d2fb656b3985', 1, '2019-01-28 07:26:00'),
(128, 13, '1', 'fZ4Db136G18:APA91bF2dElf8EIcWHcfACcyDxvgOUlwsl0A_hPQ3ldJposVK3FfU6NEEINO2PceCDJnuxojuD2JLTzaVKVB4dwH0upk0tPTOHSfZbh-kPVLSGynxauAGSNVxcPVnzMZlfHoQH6LURy9', 'f23972c2a99b9d43fb75dded8fd846c5', 1, '2019-01-28 07:33:36'),
(140, 13, '1', 'dltN5DmnUSY:APA91bFHlwbYYjE9CyPGDAgJbimEQ0sDfLjazXwSjUkHV0S0sT80PmGQiVDasD9EKCg9zDqVS2uE85R_RDaWKz-172O3YVHOHZR146n9JS3Nd4aT2z7v1Zbqdng9Imp2R1T_DVgMpZu9', 'c37b6eec67822bc879faffe2b5fb64b4', 0, '2019-01-28 13:49:26'),
(141, 13, '1', 'euRNYsrTDyw:APA91bFpeGcHjVwXcc3x3yIHSUz13QF_kqqE_fr4kySXTnyRPM1uDw3l-jtW59BmZUCZPTjs_g0z7Ks4udfyiDGioIWpi0lhceWOiDLs-ciu4ti9OeX8IvhfMRqU8Zcr02W6885E6s-u', 'ca8e04b0f83a3f5055a48ee57a7ac08b', 0, '2019-01-28 14:50:27'),
(142, 17, '1', 'dltN5DmnUSY:APA91bFHlwbYYjE9CyPGDAgJbimEQ0sDfLjazXwSjUkHV0S0sT80PmGQiVDasD9EKCg9zDqVS2uE85R_RDaWKz-172O3YVHOHZR146n9JS3Nd4aT2z7v1Zbqdng9Imp2R1T_DVgMpZu9', '3f9ef2096ed26df7144690f8362f0e90', 0, '2019-01-28 20:14:46'),
(143, 17, '1', 'dltN5DmnUSY:APA91bFHlwbYYjE9CyPGDAgJbimEQ0sDfLjazXwSjUkHV0S0sT80PmGQiVDasD9EKCg9zDqVS2uE85R_RDaWKz-172O3YVHOHZR146n9JS3Nd4aT2z7v1Zbqdng9Imp2R1T_DVgMpZu9', '5f04a503629639ba5646f771403531ec', 0, '2019-01-28 20:29:43'),
(145, 11, '1', 'euRNYsrTDyw:APA91bFpeGcHjVwXcc3x3yIHSUz13QF_kqqE_fr4kySXTnyRPM1uDw3l-jtW59BmZUCZPTjs_g0z7Ks4udfyiDGioIWpi0lhceWOiDLs-ciu4ti9OeX8IvhfMRqU8Zcr02W6885E6s-u', '3c84d13f0362b137073b1c542d6daeb2', 0, '2019-01-29 08:24:19'),
(150, 13, '1', 'euRNYsrTDyw:APA91bFpeGcHjVwXcc3x3yIHSUz13QF_kqqE_fr4kySXTnyRPM1uDw3l-jtW59BmZUCZPTjs_g0z7Ks4udfyiDGioIWpi0lhceWOiDLs-ciu4ti9OeX8IvhfMRqU8Zcr02W6885E6s-u', 'f985f32eacad190aea858456a04bda92', 0, '2019-01-29 11:26:54'),
(153, 5, '1', 'fzJDzE5ZhRc:APA91bFEmUQbw9FwyT_yw6qjWRt0BrGPNidj0hIyYaoayMQ-TUS8CvKxCKTdLBS0HSscMYWI84estaqjcOu0cON8HtQRkjztHprRehVJJ8pabZuocSntZWKAUfmDquxl1aqUym_xjfFH', '961685581b8031f7158c5c6f72030a64', 0, '2019-01-29 14:07:56'),
(159, 13, '1', 'dltN5DmnUSY:APA91bFHlwbYYjE9CyPGDAgJbimEQ0sDfLjazXwSjUkHV0S0sT80PmGQiVDasD9EKCg9zDqVS2uE85R_RDaWKz-172O3YVHOHZR146n9JS3Nd4aT2z7v1Zbqdng9Imp2R1T_DVgMpZu9', 'e2813426d26467c5be2b32fec2f70b09', 1, '2019-01-29 21:06:51'),
(166, 13, '1', 'euRNYsrTDyw:APA91bFpeGcHjVwXcc3x3yIHSUz13QF_kqqE_fr4kySXTnyRPM1uDw3l-jtW59BmZUCZPTjs_g0z7Ks4udfyiDGioIWpi0lhceWOiDLs-ciu4ti9OeX8IvhfMRqU8Zcr02W6885E6s-u', '4364208ca8d98df6603196152f2373ef', 1, '2019-01-30 13:08:17'),
(172, 5, '1', 'eLKn6AaBZ6A:APA91bF-tNIgZrbTk0mnAYXusAB6H9ASpMT_s3aH6riOszG6xrBYjLKw6v-yqol8JVMoxC0AP1yaOYkCIcZAFvbx-8rXnRGk7kLiE1aGAYI-ISMITCKwKz4aiOZQ6AggNLulPTGQRjpE', 'deff3f0e7ba2859a385eaefece3fdc01', 1, '2019-01-31 05:58:04'),
(174, 13, '1', 'fkiwtFsZXJQ:APA91bGrCEyi2M3C_ATc_cxMR7orAjSjAfRvSvAdqPLqk6YP5uoYigW4KCkVU-jtCNzwXG4SL1pAP_3jEV6JxffeB0UiKESPbpsJ8ssq_Zpdobf_VTHN5NSlPOvTX6EMY6_gXcFz3A2S', '469b8a0f0429b59d2ca0c06c7a6fb8bb', 0, '2019-01-31 06:42:11'),
(177, 5, '1', 'doDJTBn3s9I:APA91bFcPGrxmtgIUzq3E_FJy-BPWDwpukR-IIMheW6DtJyfyjcNA1dthTPR9pU1vC1GX3BEs-esPdyZYedlEzABeqJI6zJuJ9VyDzh6Dk-chXEI8fWmjeLJr06J42OXkHtprYEC3Nry', 'ec8b679805a2026477593d330d3a1442', 0, '2019-01-31 07:49:47'),
(181, 5, '1', 'fzJDzE5ZhRc:APA91bFEmUQbw9FwyT_yw6qjWRt0BrGPNidj0hIyYaoayMQ-TUS8CvKxCKTdLBS0HSscMYWI84estaqjcOu0cON8HtQRkjztHprRehVJJ8pabZuocSntZWKAUfmDquxl1aqUym_xjfFH', '8e00a6d6c3130d53b08a6c68cf8c439c', 1, '2019-01-31 12:42:38'),
(183, 13, '1', 'fUNbOPTmJDU:APA91bG2CyyoyTB2xSM1GcLuIZPxo602XFjsGj-VG6mr-p9nTU70UhbmisZcvjhJ4pBiMNnVO42Pbs1UHvT6Lakk0eCzWPrWU30M0FeMrdtS9WYvvcx6e6N_JxE-p0nrt0JNOVmLt9QW', '8f9512dc19b1fe4de53aab2027f6abde', 0, '2019-01-31 14:06:38'),
(186, 5, '1', 'fkiwtFsZXJQ:APA91bGrCEyi2M3C_ATc_cxMR7orAjSjAfRvSvAdqPLqk6YP5uoYigW4KCkVU-jtCNzwXG4SL1pAP_3jEV6JxffeB0UiKESPbpsJ8ssq_Zpdobf_VTHN5NSlPOvTX6EMY6_gXcFz3A2S', '8d77f785d1c00c49e40cb9965ac6eb7f', 0, '2019-01-31 14:44:45'),
(192, 13, '1', 'fkiwtFsZXJQ:APA91bGrCEyi2M3C_ATc_cxMR7orAjSjAfRvSvAdqPLqk6YP5uoYigW4KCkVU-jtCNzwXG4SL1pAP_3jEV6JxffeB0UiKESPbpsJ8ssq_Zpdobf_VTHN5NSlPOvTX6EMY6_gXcFz3A2S', '842f06dcec290aa72ac4d89965345397', 0, '2019-01-31 15:05:14'),
(195, 5, '1', 'fkiwtFsZXJQ:APA91bGrCEyi2M3C_ATc_cxMR7orAjSjAfRvSvAdqPLqk6YP5uoYigW4KCkVU-jtCNzwXG4SL1pAP_3jEV6JxffeB0UiKESPbpsJ8ssq_Zpdobf_VTHN5NSlPOvTX6EMY6_gXcFz3A2S', '487bbc1a16f7edce45bb88a23eef8cd1', 0, '2019-01-31 15:09:26'),
(201, 13, '1', 'fkiwtFsZXJQ:APA91bGrCEyi2M3C_ATc_cxMR7orAjSjAfRvSvAdqPLqk6YP5uoYigW4KCkVU-jtCNzwXG4SL1pAP_3jEV6JxffeB0UiKESPbpsJ8ssq_Zpdobf_VTHN5NSlPOvTX6EMY6_gXcFz3A2S', 'c9d69d755bcee7996638dd7908527a55', 0, '2019-02-01 06:35:12'),
(202, 5, '2', 'dn_SE4jJo8k:APA91bGaRYPTR73Sq9vMbleydi3X3mABv3848_-sNSEU5AYxUS0kT3c6_jypCQjWA2_H3fUhQWOK8O7dhCr3zz1jRohihdJYc4AUlueCpdSmi72dbV3yCKDcHQrA5gPNXC6t1qx2JuB7', '018676fd2654efc3f08e14fc0d0c8270', 0, '2019-02-01 07:21:38'),
(203, 5, '2', 'dn_SE4jJo8k:APA91bGaRYPTR73Sq9vMbleydi3X3mABv3848_-sNSEU5AYxUS0kT3c6_jypCQjWA2_H3fUhQWOK8O7dhCr3zz1jRohihdJYc4AUlueCpdSmi72dbV3yCKDcHQrA5gPNXC6t1qx2JuB7', '6d448d1f525a20b0959505d1061c2c97', 0, '2019-02-01 07:41:09'),
(204, 5, '2', 'e2QRvZBfb8E:APA91bHzhroRx_lDdfHWsdgb285RwMBWwrCRKjZuqc01kKjOtx7BKXBU682e0uQHBmQNdKgRbslHg5lRON2ak4ERz4vEmM3XdVke55GJ6mIRSfvm2P2i37ZP-lHjY27FHsEqnAUyDw0e', '9f34edfe4b7aad6a6c26980533f6f90c', 0, '2019-02-01 07:50:35'),
(205, 5, '2', 'dn_SE4jJo8k:APA91bGaRYPTR73Sq9vMbleydi3X3mABv3848_-sNSEU5AYxUS0kT3c6_jypCQjWA2_H3fUhQWOK8O7dhCr3zz1jRohihdJYc4AUlueCpdSmi72dbV3yCKDcHQrA5gPNXC6t1qx2JuB7', '1cc2d91434cfeb04920fcdf9b9ea1328', 0, '2019-02-01 07:51:26'),
(206, 5, '2', 'dn_SE4jJo8k:APA91bGaRYPTR73Sq9vMbleydi3X3mABv3848_-sNSEU5AYxUS0kT3c6_jypCQjWA2_H3fUhQWOK8O7dhCr3zz1jRohihdJYc4AUlueCpdSmi72dbV3yCKDcHQrA5gPNXC6t1qx2JuB7', 'cdedaca7e8d8dc17e8d406cc7d90a980', 0, '2019-02-01 07:59:34'),
(207, 5, '2', 'dn_SE4jJo8k:APA91bGaRYPTR73Sq9vMbleydi3X3mABv3848_-sNSEU5AYxUS0kT3c6_jypCQjWA2_H3fUhQWOK8O7dhCr3zz1jRohihdJYc4AUlueCpdSmi72dbV3yCKDcHQrA5gPNXC6t1qx2JuB7', '44d66a5fea49cc399f8abba3eb87c078', 1, '2019-02-01 08:00:25'),
(208, 5, '2', 'd7vxQb4Zbxc:APA91bHN4jDFnVXJK5vKZnW3GCPOXzXfwRCDkz0IarJdbcLostgpbDBhfse39aJx7ZH2IHfionRDUivZM9T422TOTIvHsbDO4yoKi-awGuVEi4JIDlz57FMpJ2gFpr5aqbxGI6rE_bb_', '441c6aa53d178b0a23a970e3c4d77bb9', 0, '2019-02-01 10:04:42'),
(209, 5, '2', 'e2QRvZBfb8E:APA91bHzhroRx_lDdfHWsdgb285RwMBWwrCRKjZuqc01kKjOtx7BKXBU682e0uQHBmQNdKgRbslHg5lRON2ak4ERz4vEmM3XdVke55GJ6mIRSfvm2P2i37ZP-lHjY27FHsEqnAUyDw0e', 'fbb8553e29678545adfc0acb58780c6d', 0, '2019-02-02 07:45:23'),
(210, 5, '2', 'e2QRvZBfb8E:APA91bHzhroRx_lDdfHWsdgb285RwMBWwrCRKjZuqc01kKjOtx7BKXBU682e0uQHBmQNdKgRbslHg5lRON2ak4ERz4vEmM3XdVke55GJ6mIRSfvm2P2i37ZP-lHjY27FHsEqnAUyDw0e', '7407ce8f229dacb82e69996d7b88bb43', 1, '2019-02-02 07:59:35'),
(211, 5, '2', 'dSgCWGrhPvc:APA91bHpGY3LJkkWQnatSOOZ-OF73L0B5SX9M6Yt1XRyrVGqOMomv7qeNZXCcSrwlr49OX6KS4be7u2iH1yjd_wmzwE79RfE2gwkffjq6id2QvxUJCXKz7xbDLyA-IBzodQhiKZt59PR', 'ac7bf2de91a2df9a7d857d3b7d202f5c', 0, '2019-02-02 08:56:21'),
(212, 17, '1', 'fUNbOPTmJDU:APA91bG2CyyoyTB2xSM1GcLuIZPxo602XFjsGj-VG6mr-p9nTU70UhbmisZcvjhJ4pBiMNnVO42Pbs1UHvT6Lakk0eCzWPrWU30M0FeMrdtS9WYvvcx6e6N_JxE-p0nrt0JNOVmLt9QW', '524d098c15b0ee2bd9edb3dad38cb8b1', 0, '2019-02-02 21:50:10'),
(213, 13, '1', 'fUNbOPTmJDU:APA91bG2CyyoyTB2xSM1GcLuIZPxo602XFjsGj-VG6mr-p9nTU70UhbmisZcvjhJ4pBiMNnVO42Pbs1UHvT6Lakk0eCzWPrWU30M0FeMrdtS9WYvvcx6e6N_JxE-p0nrt0JNOVmLt9QW', 'fc17a5683c3d9386b7d34ad0aa262e9a', 0, '2019-02-02 22:13:14'),
(214, 5, '2', 'faiFX36NLf0:APA91bEHhr0bdfEHYCLNq-ri5dwnlKrte6MjlKkavj7USt5ZwSPMNNlAsv4Gf4UpR5zxyKiHeaVVOtfQw2mDZ1Ghr3YRaqwsugUlsyQ1hKJjVJx5Bvc4GJ-dMMG9QKjXbM0MgOjSXayD', 'cec739e158de0b5f7e6672601ca568dd', 0, '2019-02-04 10:10:21'),
(215, 5, '1', 'dGcdOnfQwTM:APA91bGY_GuS65DqKNGdIJON2NZ0COp-aiQjkpqizfyBbs2L52Hs07PMvqvAczG5tdX3amsWyke8CHKxzCWJPZipDzEReCDQfad43j4gQlD5MCH71_wL0opviaIQl3U6UrxMa29_aM4R', '07f7f498b2c855ce5ddbb8d96f9d1a49', 1, '2019-02-04 10:10:26'),
(216, 11, '1', 'fkiwtFsZXJQ:APA91bGrCEyi2M3C_ATc_cxMR7orAjSjAfRvSvAdqPLqk6YP5uoYigW4KCkVU-jtCNzwXG4SL1pAP_3jEV6JxffeB0UiKESPbpsJ8ssq_Zpdobf_VTHN5NSlPOvTX6EMY6_gXcFz3A2S', 'c23f3461e641eda716d6ca65d7aeefe6', 0, '2019-02-05 06:11:02'),
(217, 13, '1', 'fkiwtFsZXJQ:APA91bGrCEyi2M3C_ATc_cxMR7orAjSjAfRvSvAdqPLqk6YP5uoYigW4KCkVU-jtCNzwXG4SL1pAP_3jEV6JxffeB0UiKESPbpsJ8ssq_Zpdobf_VTHN5NSlPOvTX6EMY6_gXcFz3A2S', 'cd4d7412222ff1cfc99491a01414a83e', 0, '2019-02-05 06:13:00'),
(218, 12, '1', 'fkiwtFsZXJQ:APA91bGrCEyi2M3C_ATc_cxMR7orAjSjAfRvSvAdqPLqk6YP5uoYigW4KCkVU-jtCNzwXG4SL1pAP_3jEV6JxffeB0UiKESPbpsJ8ssq_Zpdobf_VTHN5NSlPOvTX6EMY6_gXcFz3A2S', '271f01864ce0e80e7cff433a43ac7857', 0, '2019-02-05 06:46:35'),
(219, 13, '1', 'fkiwtFsZXJQ:APA91bGrCEyi2M3C_ATc_cxMR7orAjSjAfRvSvAdqPLqk6YP5uoYigW4KCkVU-jtCNzwXG4SL1pAP_3jEV6JxffeB0UiKESPbpsJ8ssq_Zpdobf_VTHN5NSlPOvTX6EMY6_gXcFz3A2S', '05e272325ea44c6867a79e8c7bfb14aa', 0, '2019-02-05 06:59:41'),
(220, 13, '2', 'dSgCWGrhPvc:APA91bHpGY3LJkkWQnatSOOZ-OF73L0B5SX9M6Yt1XRyrVGqOMomv7qeNZXCcSrwlr49OX6KS4be7u2iH1yjd_wmzwE79RfE2gwkffjq6id2QvxUJCXKz7xbDLyA-IBzodQhiKZt59PR', 'fa11a2a74cf687810624edc8d60155ae', 0, '2019-02-05 07:31:51'),
(221, 12, '2', 'dSgCWGrhPvc:APA91bHpGY3LJkkWQnatSOOZ-OF73L0B5SX9M6Yt1XRyrVGqOMomv7qeNZXCcSrwlr49OX6KS4be7u2iH1yjd_wmzwE79RfE2gwkffjq6id2QvxUJCXKz7xbDLyA-IBzodQhiKZt59PR', '0d6fbf5183bbc26785bdca7145f9fa5d', 0, '2019-02-05 07:34:18'),
(222, 11, '1', 'fkiwtFsZXJQ:APA91bGrCEyi2M3C_ATc_cxMR7orAjSjAfRvSvAdqPLqk6YP5uoYigW4KCkVU-jtCNzwXG4SL1pAP_3jEV6JxffeB0UiKESPbpsJ8ssq_Zpdobf_VTHN5NSlPOvTX6EMY6_gXcFz3A2S', 'be97aa4bf0306aaa1a8e1290f0ebd536', 0, '2019-02-05 07:36:55'),
(223, 12, '2', 'dSgCWGrhPvc:APA91bHpGY3LJkkWQnatSOOZ-OF73L0B5SX9M6Yt1XRyrVGqOMomv7qeNZXCcSrwlr49OX6KS4be7u2iH1yjd_wmzwE79RfE2gwkffjq6id2QvxUJCXKz7xbDLyA-IBzodQhiKZt59PR', 'aa7f0ccc1a2d553b6305ef58c9a34b7b', 0, '2019-02-05 07:40:50'),
(224, 13, '2', 'dSgCWGrhPvc:APA91bHpGY3LJkkWQnatSOOZ-OF73L0B5SX9M6Yt1XRyrVGqOMomv7qeNZXCcSrwlr49OX6KS4be7u2iH1yjd_wmzwE79RfE2gwkffjq6id2QvxUJCXKz7xbDLyA-IBzodQhiKZt59PR', 'ef0515c233b84f171602f34e6af50679', 0, '2019-02-05 07:53:28'),
(225, 13, '1', 'fkiwtFsZXJQ:APA91bGrCEyi2M3C_ATc_cxMR7orAjSjAfRvSvAdqPLqk6YP5uoYigW4KCkVU-jtCNzwXG4SL1pAP_3jEV6JxffeB0UiKESPbpsJ8ssq_Zpdobf_VTHN5NSlPOvTX6EMY6_gXcFz3A2S', '84f590a683c2348321a75a7bf336db06', 1, '2019-02-05 07:54:00'),
(226, 5, '1', 'exL9IX_EWnM:APA91bE1e2YgNvRQ6cBUHc38_zpo3lTHOrA6y0lvFOnoDACbg-aZdFzpMuTPcd-FDA_uqKthn3NqQtWa0LekTmWD8Xkvy2Tb2sg-rto_wEy23_mF3o2FfcxhR_sHpzpgLAXYLqIvPgUF', 'd5a129bc231573cec38a6782f6b82765', 1, '2019-02-05 12:05:48'),
(227, 5, '1', 'dkKb_eoBMkU:APA91bHfQr9yKe8pl2rwhx-DIa5fwJen0pKnn1Y9kP5h8zdpwM-UcbPO2RIsjj4iNc2pVJEeaPaNwQqvZxCKmA5OHsMacT8gt6wm9hE73D3wu_L383o3v4BkbxSk0_gRCYtQ8_Mtpxr8', '2946de0c6461ba185cda8bcd82eee4fe', 1, '2019-02-05 13:16:52'),
(228, 5, '1', 'fxJPMz1QITA:APA91bEmBPkeO1gKJU7v9s8PEeStCSLR-30vcFlQAa0ophUx2SiqWl37MIPoPSQTJhY8Egq5qFwHLJeQXsnu-QFWJvib21XnAmSl3KQQV0aRObyZGOCLEVZZZbMvFsyq2fNbvYyC6gBX', '3fd881fdd7a19a8eea99500fa2a7b56c', 1, '2019-02-05 14:01:23'),
(229, 13, '1', 'cGLkpXi_UHM:APA91bFme5VoB69GtbKEVKsglY_ODfa-W47CYduDLluCct4AmmhR1UQ3d-i47fKU0QgkzXD7S58m_GmUuLrgGO8w8uVXLaR2HIdVi7UTnuUP0Osa04ZVFRD_246QMuJlLH4Hin_VPgOS', '6edf67625b08adb3c721531109513328', 0, '2019-02-06 05:45:15'),
(230, 5, '2', NULL, '01fae316d677280242db130a54cbb48a', 1, '2019-02-06 07:42:53'),
(231, 5, '2', 'dSgCWGrhPvc:APA91bHpGY3LJkkWQnatSOOZ-OF73L0B5SX9M6Yt1XRyrVGqOMomv7qeNZXCcSrwlr49OX6KS4be7u2iH1yjd_wmzwE79RfE2gwkffjq6id2QvxUJCXKz7xbDLyA-IBzodQhiKZt59PR', 'd2fc8d963f4194f2a96574499bf42bb6', 1, '2019-02-06 07:44:31'),
(232, 13, '1', 'fUNbOPTmJDU:APA91bG2CyyoyTB2xSM1GcLuIZPxo602XFjsGj-VG6mr-p9nTU70UhbmisZcvjhJ4pBiMNnVO42Pbs1UHvT6Lakk0eCzWPrWU30M0FeMrdtS9WYvvcx6e6N_JxE-p0nrt0JNOVmLt9QW', '7f013dfc8faff2507bfecc34e4311117', 1, '2019-02-06 17:41:26'),
(233, 13, '1', 'eBvuK-7sDQM:APA91bFYAClBYHtCcA95PCtE81IdnUNiu0zJTMw0vPHInjGlVAxw_LflsV5rWSCyfTAzXKjjpirQbkGp-spn4AuU_W62JfFpTfNnKTzFR_VLWeYomEJ-B_LlaIDclBGugPOBgGxk9csD', 'c8c208b44ad470a90ac4b8b635bd1717', 0, '2019-02-06 19:33:57'),
(234, 5, '2', NULL, '08a19f3cb36e6a32cf0c5f9b2359299f', 1, '2019-02-12 07:18:41'),
(235, 13, '1', 'cGLkpXi_UHM:APA91bFme5VoB69GtbKEVKsglY_ODfa-W47CYduDLluCct4AmmhR1UQ3d-i47fKU0QgkzXD7S58m_GmUuLrgGO8w8uVXLaR2HIdVi7UTnuUP0Osa04ZVFRD_246QMuJlLH4Hin_VPgOS', '2ad07b01ea0c370dfc471c400b8acf2a', 1, '2019-02-14 12:43:10'),
(236, 5, '1', 'doDJTBn3s9I:APA91bFcPGrxmtgIUzq3E_FJy-BPWDwpukR-IIMheW6DtJyfyjcNA1dthTPR9pU1vC1GX3BEs-esPdyZYedlEzABeqJI6zJuJ9VyDzh6Dk-chXEI8fWmjeLJr06J42OXkHtprYEC3Nry', 'f6b3556de30af4f0448a1bb2ed82a78b', 1, '2019-02-15 07:21:42'),
(237, 5, '1', 'fyQLBbCYoQE%3AAPA91bEWAXonozgpk-WfaTXsIMoWLzt61pFxYt9_mG5VKPaBxBPLk7WSyloCjCFTeYXrhkZBFw_y_5G586JK5FDb_U4-hioM21IYKjD9Zz6GafB1rp5ESQH3_mTcMZ-qh8Wssh7mbX3i', 'fc5ff3b560ce37d10b9f49a9e4baddf7', 1, '2019-02-15 08:05:50'),
(238, 5, '1', 'ewslkM0bZrM:APA91bEXTyGhVIZxBn6Uegec0Vnadmynj3QpjLTVhUjQB9m4DC4UmEjvNYvpP0J8z6wdR2cCgObwm9n6TaZubXTuZLW3gGRuXnH7sWf14_SP5RMF0zhANqbLO_Sa8X9Y-16DuXHm1kCh', '47bae32bc3e17e71511086caab289769', 1, '2019-02-15 10:04:21'),
(239, 13, '1', 'dJKJDhRDuUE:APA91bF1qNjT_Bx0rGlJJ3M2NnAYNf_-BVDl8eRj0Bq4hsvOcMdO4TUdSUF9LYYRaZZMR4E_WbYdlHRvlCSjd6LCqubUGftkPTV3ySiPCt1GXBzW_OXKW6cIrB2-xdA0POAdaCaG-Ujn', 'a9bb2161ea8542c4639963c1e740bc7c', 0, '2019-02-15 12:13:45'),
(240, 5, '2', 'dtxQjKOfqls:APA91bHz5aMrq9HyjeMqh-pTF97Pmv1ejKyOa4PII8Yvu43dEvGOUJVg-ciefQ0ujXT1IJ_Ax5Pa2G9aDWYId17vtyvia1xTIz6ts3LtnFvJCpY2HDw0efrxrafgrCVvpnQZJX9cjwYb', '652a668638ab8407ddbd2ed42e6d5496', 1, '2019-02-15 12:16:06'),
(241, 5, '1', 'csE0XyMP8h4:APA91bGpLQyHPqLQNgWg_hp_skZTPXcusSe4qh9UvpRh8rYN-tOGyOPZoGil8Fc13I22AsMMdxL8z3kpKBpxAD9XmAJZaHfpzkHl69DwqrAG8oiSsZQFAMLAqxr8zjzuYPHCxbDcyIIt', 'fdfbd746e179aff39db20e7a5caec53c', 1, '2019-02-15 12:46:01'),
(242, 5, '2', 'dEeFIVKkx1Q:APA91bFgD5yQ0EvsslLyfZgegs3Bok-0TcOxvbWDACdFIc3qwR7_ueFCH6LBF-WwaOkAst7iA9-_yelvOSOotscfnXVRTu8fOxPEcBsi1RT_EcSxb8du9L1Z2gVqylavvNAc__VMfkCp', '7843e33dfdd1409332bf61d7f6df0cb6', 1, '2019-02-15 12:46:58'),
(243, 5, '1', 'csE0XyMP8h4:APA91bGpLQyHPqLQNgWg_hp_skZTPXcusSe4qh9UvpRh8rYN-tOGyOPZoGil8Fc13I22AsMMdxL8z3kpKBpxAD9XmAJZaHfpzkHl69DwqrAG8oiSsZQFAMLAqxr8zjzuYPHCxbDcyIIt', 'b94e1d4ef75e98c8a512b050e81c86d5', 1, '2019-02-15 12:48:37'),
(244, 5, '2', 'd8dTT4MwTtQ:APA91bGx9jJyb11PXJ4TwHrOcAV-cn1LNPGVBX7BpWDYXhD-j5q9Ais0MANtWeAkbkTKaEY7So3OugXHdwopvPh3VKP316oeHdmETcJHW81aH0VzRTasLCHtmq-mvPWD_qSM7si8IHun', 'ad2b95604c3b179e66c94dddbfc92724', 0, '2019-02-15 13:29:22'),
(245, 13, '2', 'd8dTT4MwTtQ:APA91bGx9jJyb11PXJ4TwHrOcAV-cn1LNPGVBX7BpWDYXhD-j5q9Ais0MANtWeAkbkTKaEY7So3OugXHdwopvPh3VKP316oeHdmETcJHW81aH0VzRTasLCHtmq-mvPWD_qSM7si8IHun', '96ce2b791852803906192016cec871c9', 0, '2019-02-15 13:32:40'),
(246, 13, '1', 'eBvuK-7sDQM:APA91bFYAClBYHtCcA95PCtE81IdnUNiu0zJTMw0vPHInjGlVAxw_LflsV5rWSCyfTAzXKjjpirQbkGp-spn4AuU_W62JfFpTfNnKTzFR_VLWeYomEJ-B_LlaIDclBGugPOBgGxk9csD', 'd4853195fe3906ede113f84d12d43391', 0, '2019-02-15 23:12:11'),
(247, 5, '1', 'csE0XyMP8h4:APA91bGpLQyHPqLQNgWg_hp_skZTPXcusSe4qh9UvpRh8rYN-tOGyOPZoGil8Fc13I22AsMMdxL8z3kpKBpxAD9XmAJZaHfpzkHl69DwqrAG8oiSsZQFAMLAqxr8zjzuYPHCxbDcyIIt', '29ea06ab01a9f06238b02b933e10f977', 1, '2019-02-16 13:41:41'),
(248, 5, '1', 'fObo_e1Xrbg:APA91bH425SFhgNpUrHAafC8ie-PoiStcQRdQ4Ff_6Wx2Mtw4X3l0SNEX7-IJLMeVN6DvzK-9LcjxXZFcZdDsb1FotYGszi0kvyFgy8XOJkQBn-51cZ-0HrX9P4QNsAKp36qNxZ_beM0', '2b2ab504c8d2d2bfe3050e51fccba41c', 1, '2019-02-18 06:22:42'),
(249, 5, '2', 'ciAKZFRoVEg:APA91bET2sWnFmJ8ioHugFt3XoxqFx7cPikAgBSw1UdNZQXSA32im7sZP5FfQtfCR7WoHCeBnxGpLFzaQgip1tlA75i08-UzJA03lCX9hSNLg52FsNjj4zHUwbqDJ9UDQ7L61YgzpFY3', 'e856ded4717daa5f4cb8181d2a8133b7', 1, '2019-02-18 14:14:37'),
(250, 13, '1', 'dJKJDhRDuUE:APA91bF1qNjT_Bx0rGlJJ3M2NnAYNf_-BVDl8eRj0Bq4hsvOcMdO4TUdSUF9LYYRaZZMR4E_WbYdlHRvlCSjd6LCqubUGftkPTV3ySiPCt1GXBzW_OXKW6cIrB2-xdA0POAdaCaG-Ujn', 'a7f2f950b8d734d9d00881ec092b3153', 0, '2019-02-19 06:24:30'),
(251, 5, '2', 'd8dTT4MwTtQ:APA91bGx9jJyb11PXJ4TwHrOcAV-cn1LNPGVBX7BpWDYXhD-j5q9Ais0MANtWeAkbkTKaEY7So3OugXHdwopvPh3VKP316oeHdmETcJHW81aH0VzRTasLCHtmq-mvPWD_qSM7si8IHun', 'fa8f4e319347f54df09b921d484d1032', 0, '2019-02-19 09:56:12'),
(252, 5, '2', 'd8dTT4MwTtQ:APA91bGx9jJyb11PXJ4TwHrOcAV-cn1LNPGVBX7BpWDYXhD-j5q9Ais0MANtWeAkbkTKaEY7So3OugXHdwopvPh3VKP316oeHdmETcJHW81aH0VzRTasLCHtmq-mvPWD_qSM7si8IHun', '63ce9739d84395a51f19d0dee869577e', 0, '2019-02-19 10:23:21'),
(253, 5, '2', 'd8dTT4MwTtQ:APA91bGx9jJyb11PXJ4TwHrOcAV-cn1LNPGVBX7BpWDYXhD-j5q9Ais0MANtWeAkbkTKaEY7So3OugXHdwopvPh3VKP316oeHdmETcJHW81aH0VzRTasLCHtmq-mvPWD_qSM7si8IHun', 'dcc038c808e5ea43b777c0a580726a48', 1, '2019-02-20 07:15:34'),
(254, 5, '2', 'cjAZ8Mzh6B0:APA91bHln4EzKHhn6DzE96katziOHILCIacY4Igef3gEBqnVgxS80bZbZ_CV_RysVQz59t-Oov3BGYeMDP-1ThvOF1qBI3xc9z3omPatzqJJ2_wPXEyJkALzV9xVh9arNM4pKH0wM9rG', 'eda67afbefa11a2eb3ca4e1a730e6b82', 1, '2019-02-20 07:16:35'),
(255, 13, '1', 'dJKJDhRDuUE:APA91bF1qNjT_Bx0rGlJJ3M2NnAYNf_-BVDl8eRj0Bq4hsvOcMdO4TUdSUF9LYYRaZZMR4E_WbYdlHRvlCSjd6LCqubUGftkPTV3ySiPCt1GXBzW_OXKW6cIrB2-xdA0POAdaCaG-Ujn', 'dfca2e7a2d469686d7f0e9bb56151b62', 1, '2019-02-20 08:15:07'),
(256, 5, '1', 'c0RdjJj1nw0:APA91bEwACrJLqEwkS5aHgZi-_KKgPF2dmwk-uBWDOVlxFlVHKCvfLzdfmwT71E_SDzEi5li9RpxcWJtqxGvjNFGd6y9BuyukKBLSJvwQIibumHzlVdqSPVMxk_2RF5-IXqM8t57Us5L', '66e239ad80a24d0a683baa2fa1020c38', 1, '2019-02-20 14:04:02'),
(257, 5, '2', 'd7vxQb4Zbxc:APA91bHN4jDFnVXJK5vKZnW3GCPOXzXfwRCDkz0IarJdbcLostgpbDBhfse39aJx7ZH2IHfionRDUivZM9T422TOTIvHsbDO4yoKi-awGuVEi4JIDlz57FMpJ2gFpr5aqbxGI6rE_bb_', '228c41a7099a0194e591e828db1f48cd', 0, '2019-02-20 14:32:25'),
(258, 5, '2', 'fBtwBSDm7TU:APA91bHBSC5YnQtYb2S5tJZh9LqctvUig8Rnfj5OQex4dZChZ6w22tYdgJWQLeVOmecv5tE7q8RNqVAmpuNpVjT_79CVZg-5BwYFwxkGV7cwj7t64mEN8tYAfqOhSDB5Qa_jSB_13K4M', 'dc2d7e5b2c32d1399cd76fa4ba875b98', 1, '2019-02-21 06:36:38'),
(259, 5, '1', 'dXpCD2_f2xg:APA91bEJDnjla18gPI8pL778Fwy_FpBYAHCIc1AQiisGyW0q7B_28pduQl1U4F2TSYx0icnjX2fX4a3c_yi3lSiti50Y2zPtsLQVPGH4K4jWTvNDFHvvawx6iu4iK5dVjsapRYRVKCne', '5d1f5b6794ed592e0c1653271b7429d2', 1, '2019-02-21 07:13:35'),
(260, 5, '2', 'd-WamfLkhgc:APA91bGGo_AG2rdy4KYWyoNPzj2CzIoe1a9eUeDTQJjEelrdqqDUHCm1jBDjozS3RljSPrzh4h8yNe0r7RVl6m9E64tY-2ZnXYcN1ovRfRGH2vaI68W3FXDVdxhI_F5N5Ew3HEx-fLeI', '16430be545a1dd00319304c4f20136ae', 0, '2019-02-21 08:18:10'),
(261, 5, '2', 'e7u-PDEXcSc:APA91bF79Cmoa8C-hv_1LOLEQGeooL-KINc7JTDC98MJ8aaVv9xGblvcmSI_9_jeRCDISYvHBbQg2y1TnFXt_P4mvSXSi7l9X4JcBWHBOne2W0vqrBQTTNIfaZUMuV1jOru_K3xNM5Gl', '1754d843df6b9b5bdb8d1e5ec6e72dcb', 0, '2019-02-25 12:34:23'),
(262, 5, '2', 'cLLIZCEsvgI:APA91bFM_sxKwm7XSJyZF-g3TGLcOtHt6mUbAPoYsCoturGzVeS-5ksFkoqSW9XZeT4QpfD5LEw2PDWQYh1tgX2RIG_a6JGW6QqvvbzWWgy2kQTy5HrM4acwvsLjxfYN-lCrg7qekTGg', '8652c77b27df77db3dc7888fa9cbb54d', 0, '2019-02-25 12:55:32'),
(263, 13, '1', 'e9ve97vNQN8:APA91bHOGeIOU6_OeEPgni8Q1hVyt0Surf_LFal7JCDzxQDkiSRk78isABvC3CJ4NngiAImJG7I8h8JqDbfQQlIQi58y7mhYO7-3sZL9QruaYyKW10k9sf09Vew72oxDizXCfWSVEbSn', '482555ac6edc0f94037a8969dc7e4077', 0, '2019-02-26 07:14:32'),
(264, 13, '1', NULL, '344e180f6c980b70a9d34c0f80321045', 1, '2019-02-28 13:10:25'),
(265, 13, '2', NULL, 'ecad88923c1448b117293242d6129374', 1, '2019-02-28 13:19:37'),
(266, 13, '1', 'e9ve97vNQN8:APA91bHOGeIOU6_OeEPgni8Q1hVyt0Surf_LFal7JCDzxQDkiSRk78isABvC3CJ4NngiAImJG7I8h8JqDbfQQlIQi58y7mhYO7-3sZL9QruaYyKW10k9sf09Vew72oxDizXCfWSVEbSn', 'fff94c4b917af9e5787cb2a396447066', 1, '2019-03-01 12:49:36'),
(267, 13, '1', 'etlyaEmEbzw:APA91bFJLZ_zWjj7lK5c5KTUn4_5v0k4CVPPcIIOC1a7Yhdtkg2UlSUSO_Zo9oUQLQUaewvAUL69Eu1-ra1IJOQRTd1EJv9SPPpzCwKyjA21p2RoYwLbQxNmm35i7fGc-2wR3eZZeqFZ', 'dc6581d66f82896d4311c94cd7345033', 1, '2019-03-01 13:51:12'),
(268, 13, '1', 'fNXuAG_plwE:APA91bF2Y6w-4_Sr0sPbI2tNbiknJNVGwztvZiMJNC36p2UJ_0YuEuA72f7vTJsAcA6pviTQbNSvRnTQBQEzIqC8znba954KbLhoCd1BtmO0lI2ZPWlN08pqomNdcSva4-YgSlI8U5wo', '2bf7f85987477e88bb440479ff911463', 1, '2019-03-01 13:52:35'),
(269, 5, '2', 'e7u-PDEXcSc:APA91bF79Cmoa8C-hv_1LOLEQGeooL-KINc7JTDC98MJ8aaVv9xGblvcmSI_9_jeRCDISYvHBbQg2y1TnFXt_P4mvSXSi7l9X4JcBWHBOne2W0vqrBQTTNIfaZUMuV1jOru_K3xNM5Gl', 'adb43e30aa81aa5899c49331cd112913', 0, '2019-03-01 14:19:47'),
(270, 5, '2', 'cEQ_94YVYZo:APA91bFgRWDTVwojZDNqG6Q-GwxoOnNYgBJkLLg_F2NngucYHbIa7gTDgmK5aKDFD5QRVXSITDhuIs-jN9LGXxaw_Kh889UhlzGuHN1e8xFrjxu1QFTLPpZ2uX7vKz6dHXakJz6iKdgk', '05fac781c63b6304d628283c3cdc746b', 0, '2019-03-02 06:48:43'),
(271, 5, '2', 'cEQ_94YVYZo:APA91bFgRWDTVwojZDNqG6Q-GwxoOnNYgBJkLLg_F2NngucYHbIa7gTDgmK5aKDFD5QRVXSITDhuIs-jN9LGXxaw_Kh889UhlzGuHN1e8xFrjxu1QFTLPpZ2uX7vKz6dHXakJz6iKdgk', 'dd811a0cd7727d01b86e2de3467a3219', 0, '2019-03-02 09:49:37'),
(272, 5, '1', 'fyQLBbCYoQE%3AAPA91bEWAXonozgpk-WfaTXsIMoWLzt61pFxYt9_mG5VKPaBxBPLk7WSyloCjCFTeYXrhkZBFw_y_5G586JK5FDb_U4-hioM21IYKjD9Zz6GafB1rp5ESQH3_mTcMZ-qh8Wssh7mbX3i', '1efbd4d5a21c5f80c8591b6d0c7d1e34', 1, '2019-03-02 10:00:39'),
(273, 5, '1', 'dXufEFFV-yM:APA91bHiQOAzRgpZIz_jjzCLPJIydGDsjZxsvpuQ3P5Y7pQ0IYZmGCsfhscM0g42F68pP2X19VsG2dy10sWroNXdrv5KkR-LA5w9J5C318kh7aluC7__SIfOYkZM4qNX_U6MZVdPwv1I', '62f304d9769dbeae9b9dea7e12c54a85', 1, '2019-03-02 10:08:01'),
(274, 13, '2', 'cEQ_94YVYZo:APA91bFgRWDTVwojZDNqG6Q-GwxoOnNYgBJkLLg_F2NngucYHbIa7gTDgmK5aKDFD5QRVXSITDhuIs-jN9LGXxaw_Kh889UhlzGuHN1e8xFrjxu1QFTLPpZ2uX7vKz6dHXakJz6iKdgk', '47e64d2ec18a33d0c66fafb5158f41e9', 1, '2019-03-02 10:18:32'),
(275, 13, '2', 'e7u-PDEXcSc:APA91bF79Cmoa8C-hv_1LOLEQGeooL-KINc7JTDC98MJ8aaVv9xGblvcmSI_9_jeRCDISYvHBbQg2y1TnFXt_P4mvSXSi7l9X4JcBWHBOne2W0vqrBQTTNIfaZUMuV1jOru_K3xNM5Gl', '6e989216dc209b7046b627df4099795b', 1, '2019-03-02 12:03:45'),
(276, 5, '2', 'c7kvGX-imCk:APA91bFHB38mAJQvX3wZdMSaltqguk6viPQt4xzaYAVdNeuyTHHUOwr_KnBrNNALs2FPe83BCBhmihClbw9q1zfW3fRJx-hlEsA1iW4qVw5paO-fA52ChWyQn8GU6V3laUvDgQPE65EM', 'cfde413f4b3742e262df17baab3a1ca4', 1, '2019-03-02 15:05:04'),
(277, 5, '1', 'fDKTUhcGcnI:APA91bFjOsFemBghI8pHHt9h1w7FJnw51oC4dTTpTWdwaAbtxzl_AnfOXFQxTK77D8OXNBsSTCfqXanU9WjtquVBtRQ85zmoOj6mX84CRTFNow3uS5Ztt53Zpndq-ZeGfEV2VRIcY_o9', 'ddde697a8330048e87f884b7679fd447', 1, '2019-03-02 15:51:28'),
(278, 5, '1', 'dK1jWOXN4hY:APA91bH8M4jdmpV9ZX8Uu2OQm0aJ73M7elpY-susbvPoqw7_mmHgfJshMARPsliH_q0J8nec6yG-pyLS7Vq-c8_gT7EmLzaMpC3AtBzBg273Eel-VqeUyVC_b7zevk1XVj2C-t6dYVI3', '7b1e53b6f7c5a951894eb21e5015436e', 1, '2019-03-02 16:35:34'),
(279, 13, '1', 'fBNZQRdZ8zc:APA91bHrRq-SKq0mEsq5c3KcNQa79a0ov0LlLO6KPYW5BwGvlpk1agqoXS7vBd6mkOVkkhEy9GEUMpqNULcf30EY65KWcbGsZCGFPZtk3E5XEymiUegyG9qL45HZpYG4boBModa50c6S', '2124ab2667d1f84f02d6c8974897e2cb', 0, '2019-03-02 19:18:34'),
(280, 13, '1', 'fBNZQRdZ8zc:APA91bHrRq-SKq0mEsq5c3KcNQa79a0ov0LlLO6KPYW5BwGvlpk1agqoXS7vBd6mkOVkkhEy9GEUMpqNULcf30EY65KWcbGsZCGFPZtk3E5XEymiUegyG9qL45HZpYG4boBModa50c6S', 'b4f2e3f30dfb9f00e0ebf393454e3cd1', 0, '2019-03-04 06:54:23'),
(281, 5, '1', 'c6aCAgpbrbc:APA91bEAWLqX6Vp3AnOkHHwRsGDYyNHe-Vj_BbJxDhgzQAUEx_apnlkow2afDEmV1mQiPYlRE-3BHyL5jIHTJB8i3zdZughPFhIpKyn1d_lfSQfwOdeJXK8GdF3JVdkRVcVi4t3UPojB', 'e910d651bde2c9a59934e9176c1bdb6b', 0, '2019-03-04 07:52:48'),
(282, 5, '1', 'c3-08TXWqwM:APA91bHH6NmjY3hZCjt6vuM40cP5kPNO1QfsXGEeAfaztx3eZMKzfxsEgz2P1xG_6ltkk_7eYujyYXKXsz-HyIsNQz_SaYUfeSsV8zBWN_-CQmaRBewS-V3sMxQDCZMpGn3a069DbhdS', '3d5cb11fc4ad9b54b259d2c7094d6bc8', 1, '2019-03-04 11:09:51'),
(283, 13, '2', NULL, '4eeb3251a26a6f37efeb6b0c9a190b7e', 1, '2019-03-05 05:34:47'),
(284, 5, '1', 'dnl4QC0ormo:APA91bFwZW0-okUJwdqfdDDxbUT7GopDVyO8u9bkuG5o-4MmwDZOAz-UGFRLi5WNOWjS-rH7Tk_RiBZu9nhr5urKmxCL8glF8Vhv6xKFeqEy656mwBLv5djUO7GDLJKdVf9cL-Fns548', 'da6f68d3d9d6585b80b0049afb783869', 1, '2019-03-05 07:18:32'),
(285, 5, '1', 'eB3FGUsSXlA:APA91bFPyfYspq8HWDKRc0umUCXV4TcBQJ2MgY8k_mgLw2jYUU2ze0jBhFWyha54PKqvVYMCUP_om1jykJuhAUfg95U10jLs1bZ6ISxka9m9h28vBawqlQxmuAV_5QdQWpA5hawSDY7R', '015cb72ad3b397dbabbb4d55fea476c1', 1, '2019-03-05 07:59:46'),
(286, 5, '1', 'eB3FGUsSXlA:APA91bFPyfYspq8HWDKRc0umUCXV4TcBQJ2MgY8k_mgLw2jYUU2ze0jBhFWyha54PKqvVYMCUP_om1jykJuhAUfg95U10jLs1bZ6ISxka9m9h28vBawqlQxmuAV_5QdQWpA5hawSDY7R', '8f9ac7d47d4ba71c8c942019ee26a4ec', 1, '2019-03-05 08:02:50'),
(287, 5, '1', 'ckx5CektjgY:APA91bE81J9sQUnaIdCQZ8Xu-0c5w6gidmLZlH1vtB4TwARiK13IoJbSvov5S-u3-_wzeTs4NsmDr9teYpkclZLwZLU-7lKEreXeyPg2H4NPCEi-_pVOCaENDJq-Zazm-E-sLEJgld9Q', 'b331651d9a2e4cb9656ececcc3474970', 1, '2019-03-05 08:17:16'),
(288, 5, '1', 'cWkp3uB6F2M:APA91bE-vA_Zcf5icLB1cNcnmuWN6MOZg1fpMDTS424dn-MG9kYxWSZ8ArF5iX77DB583U_HmQjxUH2UKWNYKBtl2jM5qf7o-TKgx6w65Nj4QfZP_4oE6dk7P6JFQZdbrQqs6mng9Cts', 'ef881cb26bf96589b3768dd118a41466', 1, '2019-03-05 08:21:28'),
(289, 13, '2', 'cLLIZCEsvgI:APA91bFM_sxKwm7XSJyZF-g3TGLcOtHt6mUbAPoYsCoturGzVeS-5ksFkoqSW9XZeT4QpfD5LEw2PDWQYh1tgX2RIG_a6JGW6QqvvbzWWgy2kQTy5HrM4acwvsLjxfYN-lCrg7qekTGg', '41c262694554660c8da09e9c0e27e3eb', 0, '2019-03-05 10:34:35'),
(290, 13, '1', 'fBNZQRdZ8zc:APA91bHrRq-SKq0mEsq5c3KcNQa79a0ov0LlLO6KPYW5BwGvlpk1agqoXS7vBd6mkOVkkhEy9GEUMpqNULcf30EY65KWcbGsZCGFPZtk3E5XEymiUegyG9qL45HZpYG4boBModa50c6S', '9da6568313df2a106c540cccca9c1cef', 0, '2019-03-05 10:35:22'),
(291, 5, '2', 'cLLIZCEsvgI:APA91bFM_sxKwm7XSJyZF-g3TGLcOtHt6mUbAPoYsCoturGzVeS-5ksFkoqSW9XZeT4QpfD5LEw2PDWQYh1tgX2RIG_a6JGW6QqvvbzWWgy2kQTy5HrM4acwvsLjxfYN-lCrg7qekTGg', '3ab4b89047b168cdd404109301f0bb22', 1, '2019-03-05 11:40:43'),
(292, 5, '1', 'fyQLBbCYoQE%3AAPA91bEWAXonozgpk-WfaTXsIMoWLzt61pFxYt9_mG5VKPaBxBPLk7WSyloCjCFTeYXrhkZBFw_y_5G586JK5FDb_U4-hioM21IYKjD9Zz6GafB1rp5ESQH3_mTcMZ-qh8Wssh7mbX3i', 'c5b9641c3ba94ff2ee5482071395155c', 1, '2019-03-06 06:50:50'),
(293, 5, '1', 'fORLpA-PC7A:APA91bFBZfAeO4R-txm2rkUsa-cRmwjRyMuNxhbH9XsYJN8690AhQrVvy5JRpBb31VN0z04Oo9T1RIdGLhhWmxAkvtIsORdGMKwULiQ3iCNNY6KDExImGCGTC8U_6f660_yKDVmOSPJH', 'c0a9667171df751576f08b073dfa42f2', 0, '2019-03-06 09:46:41'),
(294, 5, '2', 'f_lsfT9Z9I4:APA91bHulEwbdhuyAVsho_AhsUKmFvnb7QZQ3fJ75Eb5fnj7Au2S6fKEzqZj39TXgAb_wolS2S4aKElncg8it0K2Jp6LErR98RgcqVjR8jKLeiw11xWdrI-jPg3PjkA4LJGE9z2OC1uR', '4ca8908ecc34a78c3a9183ae9ea809fb', 1, '2019-03-06 14:51:00'),
(295, 5, '2', 'cZk-8xoL2os:APA91bGO0y__oiektmSQjWA_9oDHkrivf4yNFp6ebb5Su4-TyekpZQsZRY0KSMin0JdkiD9TikBoAista9NZ07PcrML-CztHjP-n2vsdrvAX1bZ2zGT8W3mIF8SbHCNaUmojfVNrHiFW', '86105f2a23cc13a02bfa8c8b59a7f418', 1, '2019-03-06 15:51:50'),
(296, 5, '2', 'd-WamfLkhgc:APA91bGGo_AG2rdy4KYWyoNPzj2CzIoe1a9eUeDTQJjEelrdqqDUHCm1jBDjozS3RljSPrzh4h8yNe0r7RVl6m9E64tY-2ZnXYcN1ovRfRGH2vaI68W3FXDVdxhI_F5N5Ew3HEx-fLeI', '86a96ff6e4566fd60b9fe2469210d942', 1, '2019-03-07 09:47:13'),
(297, 5, '2', 'dtuTfLfC7JY:APA91bFEfxo4eu_S4cEziFiJf_QQU-C1ibTPLVpRHorOwWlI60NgU6axmdikx7qVprxLppI3VbAgPV71QzIo4WxdnMb38rBfTGxwkuCIUsz0cPqs9JIMitOME0THnGp0X4hN5x_gRqAN', '86d5017ed714e7620485ffa74e76f145', 1, '2019-03-08 06:09:10'),
(298, 5, '2', 'cKAayZZOTB8:APA91bE7vjJRIsGVfMhIldTBb4dZdf7PwXyy3rlaV44RsKcWnGuEcGwfo18zXjZ2kT1vZal-yIcQi9jVAcoq_hXzefgL6OzaBLjJ15Hioz71eVyS5SJCbQg0KHzFgu4wyyzxJ2AR0nSr', '7c817cf5cc759528dd1d4d47de5526a0', 0, '2019-03-08 06:13:27'),
(299, 5, '1', 'dO7nj18Bssg:APA91bG1E7Kh-OCaYA9M0lTQP4p0qXhfJLh1_7leKyy7_FjL6xWUHTgewcYRxxIg-gmbpFpZFwRxsAxgLCTdtx3PwxCJed7A9xP4zsaQLZN2UVO2OiyWUxS7ZeakDkXqHi-wh4wpp6aH', '45ae1a8ecdb84fb7c422a6149178b2d2', 1, '2019-03-08 06:21:30'),
(300, 5, '2', 'faEzgHu--RA:APA91bEm5b4JHsvktd4EvSQRJVVgETY4yfFpbgdIyBctW5HnY7de0JtFVQvWXcfgP1ZZpHfySrJrkrU-wBrttXb7IUQm-1hz_aRnkCHiJnCBnoFrW2XnTY8awrlYPVkVbCGTJXDRr-6a', '3fd44c4de52bec5b0e5d321454b523bf', 0, '2019-03-08 06:25:25'),
(301, 5, '2', 'faEzgHu--RA:APA91bEm5b4JHsvktd4EvSQRJVVgETY4yfFpbgdIyBctW5HnY7de0JtFVQvWXcfgP1ZZpHfySrJrkrU-wBrttXb7IUQm-1hz_aRnkCHiJnCBnoFrW2XnTY8awrlYPVkVbCGTJXDRr-6a', '7b8adb7071db63efc1738b531b833224', 0, '2019-03-08 06:33:41'),
(302, 5, '2', 'e6WmZmbxa4c:APA91bHyko2ls1cQntKwluzmdzdllXEsYhZuEyK1TUIVtyzFbrEvpf9bAE6dyF7I3moEkX9o1CtV-QohHYjd8u1KvfQkZQUIFzN3lUj90wiIlCpg51lpcIRtif4FPXb16JHlQmBcBBec', 'c7d7c85d506c9fea347f0260ec0cf74c', 0, '2019-03-08 06:36:33'),
(303, 13, '2', 'faEzgHu--RA:APA91bEm5b4JHsvktd4EvSQRJVVgETY4yfFpbgdIyBctW5HnY7de0JtFVQvWXcfgP1ZZpHfySrJrkrU-wBrttXb7IUQm-1hz_aRnkCHiJnCBnoFrW2XnTY8awrlYPVkVbCGTJXDRr-6a', '5c35c082848332ef19d8e5a36890fb36', 0, '2019-03-08 06:52:41'),
(304, 5, '2', 'cKAayZZOTB8:APA91bE7vjJRIsGVfMhIldTBb4dZdf7PwXyy3rlaV44RsKcWnGuEcGwfo18zXjZ2kT1vZal-yIcQi9jVAcoq_hXzefgL6OzaBLjJ15Hioz71eVyS5SJCbQg0KHzFgu4wyyzxJ2AR0nSr', '7df60ff65ae5dee1e7cac16d882c533b', 1, '2019-03-08 07:33:19'),
(305, 5, '2', 'e6WmZmbxa4c:APA91bHyko2ls1cQntKwluzmdzdllXEsYhZuEyK1TUIVtyzFbrEvpf9bAE6dyF7I3moEkX9o1CtV-QohHYjd8u1KvfQkZQUIFzN3lUj90wiIlCpg51lpcIRtif4FPXb16JHlQmBcBBec', 'e6617aa8d85b75952e7c86266efbf4e8', 0, '2019-03-08 08:15:58'),
(306, 5, '1', 'c6aCAgpbrbc:APA91bEAWLqX6Vp3AnOkHHwRsGDYyNHe-Vj_BbJxDhgzQAUEx_apnlkow2afDEmV1mQiPYlRE-3BHyL5jIHTJB8i3zdZughPFhIpKyn1d_lfSQfwOdeJXK8GdF3JVdkRVcVi4t3UPojB', '935a47aa3cd2c87f5b1b73346c742e1c', 0, '2019-03-08 09:39:01'),
(307, 13, '1', 'eBvuK-7sDQM:APA91bFYAClBYHtCcA95PCtE81IdnUNiu0zJTMw0vPHInjGlVAxw_LflsV5rWSCyfTAzXKjjpirQbkGp-spn4AuU_W62JfFpTfNnKTzFR_VLWeYomEJ-B_LlaIDclBGugPOBgGxk9csD', 'f698caa7c0a1550b3bcb2124482bec04', 0, '2019-03-11 15:03:01'),
(308, 5, '1', 'eFn6n-7nayQ:APA91bGfDIcQySp94rGy_OO_1nn2tH1ltvwN7NWuVS7lIJHoSxNLmWUS32kj6eqwWkxvzoCoG1qOTb5ppPfJAzU6_UoUKIIQqggI0SD1tDoVez-dn2cJzPh0hlFHlZvOav5FDqABT-tQ', '9cd84174990edfc51f1a07e5dd084b6f', 1, '2019-03-12 07:21:58'),
(309, 5, '2', 'efXG_pvqkAo:APA91bHph4u0K7WAUwRH0_7CbfZGEL38HegOZX2LzjqqSXU4qIScr6m_2zyLOgEzjCj5K0Mq7TuezleB0agXbIpDJROXIL4AjcQIlQUYgdxen4FrMOft_tCoe2K82x-Op8VK_viBpRLe', '9988c9bf512978541acbaa90801b8f3a', 1, '2019-03-12 15:47:35'),
(310, 5, '2', 'fcdWQVQN2dM:APA91bFFRasV73ed19eDZVAezppD8q6W1hR-PzgM8Nndy7Nocv9jQ1GpHqRs2YL_wkpzUkSmddx_x4c2apt49BooxRb2uTNnO5GkN5tiW31b9vx6wbW6pz-MNFJ30GesdCzNuhwQ2NY4', 'a8b83380e4d1ced423af68cba0f56a0f', 1, '2019-03-13 07:23:15'),
(311, 5, '2', 'eGS8BO-Z4Yo:APA91bHyoKIMfKuZ72hYqIiwMb_j28t8ozMeIzfwbAIm1PQ7cWDTJ4aM9_kjfjNM3r3ztaKDtbAYVk_D_jpeN92bnXBiCi-4XC5zwD5Ruk0zshC2G8K6e60xwjCygnNgx-izPBZv5Sj3', '0329a50e6fbababe7fbedb676131466f', 1, '2019-03-13 07:31:54'),
(312, 5, '2', 'eba5yBEV4Dw:APA91bHKMy5R1ovYYAdEEi-T8sP3sjsHH8A8aGa6DXADnL6rZCwhmjMyjmYjuzbmFL4fvJbt8tB8qRJvQpXKdoqoUTuY1Y92lzZmZnQsp5dq4HJlcIXNBuWw9oBzLVlkdQ2TTwKFdmP3', 'b4c70d34fde480eb98c760dbfa1f8891', 1, '2019-03-13 07:38:22'),
(313, 5, '2', 'ekFJUJxFV3M:APA91bFMOJmFNzJyS0jMMcKGAYjIuCPtG0iQpDRufusK8xDpmtZSkpXGIFs6TF3xOy4l-AhsDKNSRFs2XW6B6pkoCJQPVFucleitenfrLCPFWsPQ5ABbjVtEoX342CCzZ7GfcYBBBXDi', '49d7f721a5142ebd42fb513722d04ef1', 1, '2019-03-13 12:50:32'),
(314, 5, '2', 'c2Pbin8YakI:APA91bFux6Xaotg6h9ycbEJoj0-oRgdrwOdOLJ-eXYaWKKloPHaPdKG9tFt_3A03jUkYYCJ9BtFfu_2X-ErQnTLrnoDhKkbYEVSMm-aKEGToYIcQivch1h-_IGzHbE7Zn5NV-Xx_xdtS', '804b37995de20d49d03dd966c94ddaef', 1, '2019-03-13 12:56:45'),
(315, 5, '2', 'd18pCdk9e1s:APA91bFz9BrVaUifHJhHFciZrCY9b4hvk-KGnfBVKWqzEHalsHdqX8ZSTRznBt_MViQ-j29F1JysznSO3OTCPI-I-pBNZe9Qslls_wGhGZulMeurkTis8JR6FcIgUl6fsYCfqZicE9xE', '396b819566829c59b6b126c0aa2d4f89', 1, '2019-03-13 13:10:07'),
(316, 5, '2', 'c3pT1X1G2VQ:APA91bEQsumdocaJVOpzWhEJPTzup_1LbylRbNDmVfl3yqVSQsGYbZSVMKVwQZpvp5QLnmXQqXjgLgezKQF1Y0iR6QsC9UQwEUBTHUxukNkFG1JWXYowe8NgKDrA5NEACzBW6L_p_JJK', '0263faa5b2eae4972e0cc20f9999f4d4', 1, '2019-03-13 13:48:39'),
(317, 5, '2', 'ctRSwdEL6nc:APA91bGE_E7wBZUJq0E4Vtfkq8B6KEH78bHiayZORIyE8PCS632j1aZ2cFFNWHeT_Vx5237uCjF4Xt_SktkXwihPJYu0QLZuEC4hx8nHXrtSacuqRpLkPIkZOUm3rUIdMv5hp5u84x_g', '99f22b945fda7d8707faceb7fd3ee58b', 1, '2019-03-13 13:55:11'),
(318, 5, '2', 'epnJlq_Rs00:APA91bHwDDsK9v8wHMYa3zFRMGfsITactNaVWYFN6G1K6_87O0VxNF3g9c1O-xVpiBTfhUnzcZwXutTMC9TOTuNARr4BZu91R0_Ryf9KxMhFk_EsVYIMNwqdL5_Iopl1g9TErpR0YT-u', 'e1ec626f6e0e6840be44a13f687c455d', 1, '2019-03-14 07:20:45'),
(319, 5, '2', 'fnXeWhvWRFs:APA91bFuODLWZNEmwDRkYbIBQM6zk4tUyt6L83T7CRI4ZoQixnYO8iGOqEUVXCvB4wfvcp6hHPI5NrnIfv_438OEEPIIcU-Pt_6PGL-BKbc7zswAkCsJDFn6bNXFhGZ0spOGapSGdhm9', 'f84b2506b15cd39f06980dc7866eddff', 1, '2019-03-14 09:38:17'),
(320, 5, '2', 'cBoQY1-AzmY:APA91bFSnPf7xP_BI8daYTVkmOYidW-NBjmw7c4TvPFVIaIH_8OoWplO-XrXg7cUk-TcGuRy87G5rKbcOehkV4lWwhFMV3ua-wwHSGCxQSPvLvOa4DXtOtBJgaFJ9ZlrpLs6FHUyMHlj', 'e645d3482b11bbcadc8bcf7dcdd113f0', 0, '2019-03-14 10:51:47'),
(321, 5, '2', 'cBoQY1-AzmY:APA91bFSnPf7xP_BI8daYTVkmOYidW-NBjmw7c4TvPFVIaIH_8OoWplO-XrXg7cUk-TcGuRy87G5rKbcOehkV4lWwhFMV3ua-wwHSGCxQSPvLvOa4DXtOtBJgaFJ9ZlrpLs6FHUyMHlj', '698c7e05e033f2b889a602322d64d125', 0, '2019-03-14 11:11:50'),
(322, 5, '2', 'cxMHDUx3oKU:APA91bHcn64SZOjRIVy0h6cej6x-2i92VUXP_5W3KvMQJqy-I_6KiW_bpebrwr6ySl00mb_j0PDOEIKn3Mrv5wN_j5ZYnRSz-nGb9FrfmG3kpFxYVj1FNwjWkjv5qlVrMvDKi7BKocKe', '0c3452177e1ee892dd04a06104e87964', 1, '2019-03-14 14:34:26'),
(323, 5, '1', 'cfmjwjCdyqA:APA91bGbiq-3qSujyWRzf9F3ZsEhsG5pZGOf8tDH07U9sPUR4bq5c1q3gee0Z9ACtDuDGdUSDI-GVwrPn2WMDpOVLJPWnKsLt0kwGCLVfzV7ek64kZMX8v28CUnm9hDnwedSfRxT_16I', '14ef54d077f7eaa2ab912e7b89e32ce8', 1, '2019-03-15 10:29:11'),
(324, 13, '2', 'cBoQY1-AzmY:APA91bFSnPf7xP_BI8daYTVkmOYidW-NBjmw7c4TvPFVIaIH_8OoWplO-XrXg7cUk-TcGuRy87G5rKbcOehkV4lWwhFMV3ua-wwHSGCxQSPvLvOa4DXtOtBJgaFJ9ZlrpLs6FHUyMHlj', '7ea9d93f1197a2821cd6a01b39509252', 1, '2019-03-16 04:32:50'),
(325, 13, '2', 'e6WmZmbxa4c:APA91bHyko2ls1cQntKwluzmdzdllXEsYhZuEyK1TUIVtyzFbrEvpf9bAE6dyF7I3moEkX9o1CtV-QohHYjd8u1KvfQkZQUIFzN3lUj90wiIlCpg51lpcIRtif4FPXb16JHlQmBcBBec', 'f1c802bd6f9f2e7b0b6085bb3a9e3b55', 0, '2019-03-16 06:36:56'),
(326, 5, '2', 'eeIa_XQ_tfc:APA91bGM4Zfq3RDJMBKSspMtGgBn8UV3Vn_NRoDrl8J5KuN0Zv_RstJrJgIsXCnQ2vuMpdw9hKkHtpgbzAtGncHBkSHWKjbMtdEfEHWZWpVKPaChdbJlE8dfkq24kawBCV44gaAuh8Sd', '35db52214dc271e603a2a9a34ba7fe1c', 0, '2019-03-16 06:43:53'),
(327, 13, '1', NULL, '5d2689320fa4137c51fc75590011727e', 1, '2019-03-16 06:54:14'),
(328, 13, '2', 'eeIa_XQ_tfc:APA91bGM4Zfq3RDJMBKSspMtGgBn8UV3Vn_NRoDrl8J5KuN0Zv_RstJrJgIsXCnQ2vuMpdw9hKkHtpgbzAtGncHBkSHWKjbMtdEfEHWZWpVKPaChdbJlE8dfkq24kawBCV44gaAuh8Sd', '8c732781249b86a59d4569df09dc9049', 0, '2019-03-16 07:05:06'),
(329, 5, '1', 'c6aCAgpbrbc:APA91bEAWLqX6Vp3AnOkHHwRsGDYyNHe-Vj_BbJxDhgzQAUEx_apnlkow2afDEmV1mQiPYlRE-3BHyL5jIHTJB8i3zdZughPFhIpKyn1d_lfSQfwOdeJXK8GdF3JVdkRVcVi4t3UPojB', 'cb8dc52b1f7ccd5a2d2d172296a51d96', 0, '2019-03-16 07:05:31'),
(330, 5, '1', NULL, 'b94a2c29f60d4b5c39347700ff21b00e', 1, '2019-03-16 07:06:36'),
(331, 13, '1', 'fBNZQRdZ8zc:APA91bHrRq-SKq0mEsq5c3KcNQa79a0ov0LlLO6KPYW5BwGvlpk1agqoXS7vBd6mkOVkkhEy9GEUMpqNULcf30EY65KWcbGsZCGFPZtk3E5XEymiUegyG9qL45HZpYG4boBModa50c6S', '70b7e32548df5a0b32efca831b6d14ca', 1, '2019-03-16 07:08:23'),
(332, 5, '2', 'eeIa_XQ_tfc:APA91bGM4Zfq3RDJMBKSspMtGgBn8UV3Vn_NRoDrl8J5KuN0Zv_RstJrJgIsXCnQ2vuMpdw9hKkHtpgbzAtGncHBkSHWKjbMtdEfEHWZWpVKPaChdbJlE8dfkq24kawBCV44gaAuh8Sd', '99e9748533ec541a3dfb0ed0f45e1bad', 0, '2019-03-16 07:11:46'),
(333, 13, '1', 'ddsh4GNccxM:APA91bF51avr3FheSYoy2R4MxUhDMQg1n4dEC7CtGgkKaoVK-KXi1UT2gWjf5hzpWuHv-dpXgu1F-3Ck2etqQyo3XxVEbAjgE0HTEokhAUVEM-kar6k_5-KkGA47V9tlpnvAgbAILXNH', 'ce6680314de649ecba4a0dc73cf75568', 0, '2019-03-16 09:10:03'),
(334, 13, '1', 'ddsh4GNccxM:APA91bF51avr3FheSYoy2R4MxUhDMQg1n4dEC7CtGgkKaoVK-KXi1UT2gWjf5hzpWuHv-dpXgu1F-3Ck2etqQyo3XxVEbAjgE0HTEokhAUVEM-kar6k_5-KkGA47V9tlpnvAgbAILXNH', 'd4cdff7ddf3ba733a60b7ed0528f4c5f', 1, '2019-03-16 09:14:36'),
(335, 13, '2', 'eeIa_XQ_tfc:APA91bGM4Zfq3RDJMBKSspMtGgBn8UV3Vn_NRoDrl8J5KuN0Zv_RstJrJgIsXCnQ2vuMpdw9hKkHtpgbzAtGncHBkSHWKjbMtdEfEHWZWpVKPaChdbJlE8dfkq24kawBCV44gaAuh8Sd', '46f26b1189009ff11fa0d886f9393a2d', 0, '2019-03-16 09:14:38'),
(336, 5, '2', 'fnbkuCj6nd8:APA91bHmR_dUSy9Lw1pDslrEYNhLe4LtvWR1G9Cnt-4ZuwEwf8hhJG7xKgz5Rhq_Ehm-oaHxL8J0cu8Kcw4OctzhpUN1l5YNuEpZYHnRCVId6b-zgao6yScpoyvENgfTipKvnV_QiI10', '7f2872dbf7f888efd1638e59e46437fc', 0, '2019-03-16 09:55:46'),
(337, 13, '1', 'eFh3mrPCHVE:APA91bHuI_UR2Ci9W6h70691nCzihzOEnEFZE2giRaAHPS3crsQh44IlGJ15NGLZK_1zIb75eqKILzjTinEHp7Ype4WcY7wqVa2xB9vJjmn7eBK6HNIDC-zMJVceWrSnrrLODKa0cASu', 'd185c5c7960036407e33bb79fc221f08', 1, '2019-03-16 10:01:09'),
(338, 5, '2', 'eeIa_XQ_tfc:APA91bGM4Zfq3RDJMBKSspMtGgBn8UV3Vn_NRoDrl8J5KuN0Zv_RstJrJgIsXCnQ2vuMpdw9hKkHtpgbzAtGncHBkSHWKjbMtdEfEHWZWpVKPaChdbJlE8dfkq24kawBCV44gaAuh8Sd', '73a6f5a4793a74ddc7121619b20ede86', 0, '2019-03-16 10:07:57'),
(339, 5, '1', 'dMl_5DKPJTs:APA91bFZJc_Lk3TpWuRPasVZNMvjdHRqKZyNanlyIjOxCTtcTeBQEnx4aq6UiwiIx52Q9vP4cKAPgGX2SnzkAbckTDAuhRwUlJTAr3fSG8slpSMZCLm3gx0XVRMflpjrZVs6y3G7N2Qt', '63d616e1af3fd145c377fd085ed47831', 1, '2019-03-16 10:19:59'),
(340, 5, '1', 'dJMgEzw37VU:APA91bGqu3YVzO30NkpX2cFkO2zCjM1ZfsSHXd3OOkFprd-EQaXuy_8ny7BD1Mkyg0ZefgFvVYFbNiEnM7zXhQiwJhp3syu7wko86sL_CUOI4nz3YgqwSXAemfrtiY1Ix2nObitpA_LA', 'cc824c62dd935c28478190ffc357b97f', 1, '2019-03-16 10:30:50'),
(341, 5, '1', 'c6aCAgpbrbc:APA91bEAWLqX6Vp3AnOkHHwRsGDYyNHe-Vj_BbJxDhgzQAUEx_apnlkow2afDEmV1mQiPYlRE-3BHyL5jIHTJB8i3zdZughPFhIpKyn1d_lfSQfwOdeJXK8GdF3JVdkRVcVi4t3UPojB', 'ae1e85a727cd21c9602d16f7969dc8e2', 0, '2019-03-16 10:39:38'),
(342, 5, '1', 'c6aCAgpbrbc:APA91bEAWLqX6Vp3AnOkHHwRsGDYyNHe-Vj_BbJxDhgzQAUEx_apnlkow2afDEmV1mQiPYlRE-3BHyL5jIHTJB8i3zdZughPFhIpKyn1d_lfSQfwOdeJXK8GdF3JVdkRVcVi4t3UPojB', '40c0bf6dd8460b06718e1cf1a153321c', 1, '2019-03-16 10:54:06'),
(343, 5, '1', 'epCEVp4bvOs:APA91bHv4yAhmVXkgxFebSMQ-Vw_7vBt5e6rgQ0RxqY-vMjaklyWq_-pA0A5JrXRozBawhgJ1heb_kp9gcIsExr2BkdJDkwBU4j4MMvM6MkaAy7Dzgjw1Dm8NfubzPOKkxBhPi1mkh10', '347bc009300dc19aa619d7f53448af60', 1, '2019-03-16 10:59:49'),
(344, 13, '1', 'elp1NOV5T5I:APA91bF6RM0QHOSDQq0NwZISSYp8jM1EPhymXNTuWlKrEfSXL7LPmnA5nM11cJoZ3xJ-nqoQf6jFbmREfo91m17IcOoWy6tbN13cPHTapYjtwqvFJk1_l2tPPhGRXXNOGKtZHlzTYBIY', '5267a37ea81833ed19c9b79ef77b08d0', 0, '2019-03-16 11:08:48'),
(345, 5, '1', 'fi12Yezsrxc:APA91bFVJw58Q18g-eIkiep5v1-4433tUMn49Z4t9VFwllxY17uvrPO5gBiXzvqm7WvSNegTOmtSI0vbiJ8JJCKvu6Z8ij11fmWi0LBzAZByBvqHjgiwodq-wYeVQNaQ59S4ZHcZ0kOe', '9371c0875702511dea9cf48bb4622369', 1, '2019-03-16 11:53:28'),
(346, 5, '2', 'eeIa_XQ_tfc:APA91bGM4Zfq3RDJMBKSspMtGgBn8UV3Vn_NRoDrl8J5KuN0Zv_RstJrJgIsXCnQ2vuMpdw9hKkHtpgbzAtGncHBkSHWKjbMtdEfEHWZWpVKPaChdbJlE8dfkq24kawBCV44gaAuh8Sd', '31ef4525f39ec69b1d8cef4788892e32', 0, '2019-03-16 12:03:00'),
(347, 13, '1', NULL, '399035f2bf1d9008b6d30bfb31714fb0', 1, '2019-03-16 12:06:59'),
(348, 5, '1', 'ciGfl5ie1mA:APA91bGY0WtUJIa12Gt8AgtPTVGe1SaI7yoUSsMF_Nqxmy5Y3_4jeaQzZBor7DNsF_0wbMzPhcbeDmG4qmr-7eM1d4FC30qA0fF4EzKYRfw3QkqHd1V7nFV1DTKMHJJC402ZJw8nBZeO', 'e02d3a5ab3d5fc5c94a57c62b363d866', 0, '2019-03-16 13:02:17'),
(349, 13, '1', 'cMkPhK8lS_Q:APA91bF4Rw7r7Oahl8eQDRhCBEnxSKMvC16sJiZp9upu4zjHPAwMbx2vygaKyf9vObTBHzx5DqUXw-Thjhvr7PAYjnCQww_VjC8anZX23VBEwNaNHyk4_hgUQ-x-WEc_g1-aSIolyUcs', '56951fc740e63fd69e1c4ca00d28d5a0', 1, '2019-03-16 13:16:09'),
(350, 5, '2', 'd7rY3r0GoLc:APA91bF_X2sL7IoEoNy2_MTpN7PWS3fv47wlRV8mZvEWGSXgSMSrK0CvK9LLgsrdQWJf88mpUK2fVX4ygRq57D9rDj8mu9A2dZ_RCCkaT5Mm3y9VF9HIeA9PaQHXEmhXa4B8rOTAR8pv', 'cc4c1501dbbef04623d81d5886e75209', 1, '2019-03-16 13:59:38'),
(351, 13, '1', 'drsg-kd52EA:APA91bGJ-o9ExH6tOHsAeCWwnU-M16d8AJO-UrS0NVoFkBBRQFAHBNPrBh080nNz5NNgv1iFY0XgDXvPOH8tDWjzvakGATLPFnfnctVMqCW4dNvELp9yed_CtHkCZUzx72CSzSyydzWl', '787c844261ea01d44595888398ed8965', 1, '2019-03-17 19:33:25');
INSERT INTO `tbl_user_meta` (`id`, `user_id`, `device_type`, `device_token`, `access_token`, `is_active`, `created_date`) VALUES
(352, 13, '1', 'flWybEkDw1s:APA91bEIqk138CW1mKP8o80CtRU4jgsDYNMEPgImDZB7-FBS2pjuThkN-5OAUqRd8__Qhj6C7AmPE25XCsG7ByETgfub4eitywVnAjVFBeQuetBxS8WWBtqNxB1Ga7NcnY0vo0Ic0KRV', '0a5042a7a151f1f7af3ec646a3cf81df', 0, '2019-03-18 07:07:28'),
(353, 13, '2', 'eeIa_XQ_tfc:APA91bGM4Zfq3RDJMBKSspMtGgBn8UV3Vn_NRoDrl8J5KuN0Zv_RstJrJgIsXCnQ2vuMpdw9hKkHtpgbzAtGncHBkSHWKjbMtdEfEHWZWpVKPaChdbJlE8dfkq24kawBCV44gaAuh8Sd', '750329807b18416e3cfa629377c8ca25', 0, '2019-03-18 08:07:55'),
(354, 13, '1', 'flWybEkDw1s:APA91bEIqk138CW1mKP8o80CtRU4jgsDYNMEPgImDZB7-FBS2pjuThkN-5OAUqRd8__Qhj6C7AmPE25XCsG7ByETgfub4eitywVnAjVFBeQuetBxS8WWBtqNxB1Ga7NcnY0vo0Ic0KRV', 'b36e3e0401fb4bcc4c4447176d667b93', 0, '2019-03-18 08:08:21'),
(355, 13, '1', 'flWybEkDw1s:APA91bEIqk138CW1mKP8o80CtRU4jgsDYNMEPgImDZB7-FBS2pjuThkN-5OAUqRd8__Qhj6C7AmPE25XCsG7ByETgfub4eitywVnAjVFBeQuetBxS8WWBtqNxB1Ga7NcnY0vo0Ic0KRV', 'aeca7c56807b1dff3eb9517a767cdae8', 0, '2019-03-18 08:18:32'),
(356, 13, '2', 'eeIa_XQ_tfc:APA91bGM4Zfq3RDJMBKSspMtGgBn8UV3Vn_NRoDrl8J5KuN0Zv_RstJrJgIsXCnQ2vuMpdw9hKkHtpgbzAtGncHBkSHWKjbMtdEfEHWZWpVKPaChdbJlE8dfkq24kawBCV44gaAuh8Sd', 'f5349674206feaab3bdf76355bf823e3', 1, '2019-03-18 08:20:13'),
(357, 5, '1', 'flWybEkDw1s:APA91bEIqk138CW1mKP8o80CtRU4jgsDYNMEPgImDZB7-FBS2pjuThkN-5OAUqRd8__Qhj6C7AmPE25XCsG7ByETgfub4eitywVnAjVFBeQuetBxS8WWBtqNxB1Ga7NcnY0vo0Ic0KRV', '0decc04f35a0a902e3b7f83b994bb30a', 0, '2019-03-18 11:01:16'),
(358, 5, '2', 'c5cvXJw35MU:APA91bEpAnPlnN370tZqWpW-L8ghEbQQGXQrOXBc-RddhtZcfakMrXWcdHSQuw5nMzmn8yBh3MFnkkYmQd9jr9wj44Qzk2UFnldUkjls9opZ5h9_iXEeozlf6fnns0iGHjy0cVs175xw', '3c3bacdf4b425df325323c7bfcbfa332', 1, '2019-03-18 12:41:07'),
(359, 5, '2', 'fNNl95kXd7w:APA91bFvgRBBiiUveIIM61lKYV7a0-3tWHSl_dxPQUpblUBIUfb1-1wAC8Gyu-HWH0nEC8gJ12t_se4ITRA-yEw2GqTj1cjT5abcFQkUbdu63qoDP9MG5CsQIJTOvQXQ3lXZ9deybDH3', 'bd75673764a39f941dca03d8d2689efd', 1, '2019-03-18 13:25:14'),
(360, 13, '1', 'flWybEkDw1s:APA91bEIqk138CW1mKP8o80CtRU4jgsDYNMEPgImDZB7-FBS2pjuThkN-5OAUqRd8__Qhj6C7AmPE25XCsG7ByETgfub4eitywVnAjVFBeQuetBxS8WWBtqNxB1Ga7NcnY0vo0Ic0KRV', '6f958e8a55275d759aae5826d4bacdfd', 0, '2019-03-19 07:15:11'),
(361, 5, '1', 'flWybEkDw1s:APA91bEIqk138CW1mKP8o80CtRU4jgsDYNMEPgImDZB7-FBS2pjuThkN-5OAUqRd8__Qhj6C7AmPE25XCsG7ByETgfub4eitywVnAjVFBeQuetBxS8WWBtqNxB1Ga7NcnY0vo0Ic0KRV', '200920398dafded2706a59eb7b41bc0b', 1, '2019-03-19 07:18:14'),
(362, 5, '2', 'e_0FEb9aYho:APA91bEEKpvDKtJ55K5ahUEO7dggindsE08qdCcXD_LisEhJELQnFaUXDiyDONjV1bpBNg2Q-h_NKiV6POVv-QErHDqRIHQ1u_Ibjb0xXS8ytjG1I-NnUEiu3Y4DhlXipP-ID7asoLK_', 'f2d00ff1748602defa014dd387f2fd70', 0, '2019-03-19 08:25:18'),
(363, 5, '2', 'cnVxCbc1S0w:APA91bFU6k_7KFL_Agrf5EAUsXBWHU0EVwH4vuP_vTVqvV83cgrDaGyuKNVzFCJ029EeVoaLPnJpke48tuX_DX2GgaE0CZRPW2BZSs3ns1VbURsWcYCHGYWOGY5q20MWvu3lOcRBUfWu', 'f3917572451feef01dd17c9fc4a6ac64', 1, '2019-03-19 08:33:43'),
(364, 5, '2', 'fbszu4KGv0U:APA91bEd6_tNoFvRsmNDMh5Ve2IDnB_Rri-NZiGkGr9DXdneh65FemA20TXqs3PRYUHcyYkN-DmOECddEm-bYIw8pqt-ny9l3CSWTfPXbNQ490DyZDK0AEmB0_mIvlhqxpbjXfXw3CuM', '27ac8646029bd5e88c4b1fa28739d3e2', 1, '2019-03-19 13:47:31'),
(365, 5, '2', 'd64igL1U-Sg:APA91bENiVO3M8ZeOAfaaJGmxqDvWHAWV8dhB33xodbI8M1RsF9ymGyCroQQ4v8kdGRWj-dgwNldupOaFpmdWTR1WDN3jG4A_NZNMlYWNs_yFX5RaZzvXIhzqjBjtIS-Gb67LhuLhrXD', 'cd1eff28d3c5bea7c917f8559110fde4', 1, '2019-03-21 06:52:26'),
(366, 5, '1', 'cRlQM1Zs8EQ:APA91bE40Fnr86RG6PA2DiCnxPT0dL3vDC-Dnm5nw8ySQd_RRTHWtn8zYrKSc0_ZH7V_QnNpeuVQDMQ4r_IPvebLqQvbiA_8ztek00r8re7O_Tq52IzFELSx2pbsufbee9nB5ddYeqSy', 'bdaaae329da4e228428995c4d37f7f0c', 1, '2019-03-22 08:03:16'),
(367, 5, '2', 'e6WmZmbxa4c:APA91bHyko2ls1cQntKwluzmdzdllXEsYhZuEyK1TUIVtyzFbrEvpf9bAE6dyF7I3moEkX9o1CtV-QohHYjd8u1KvfQkZQUIFzN3lUj90wiIlCpg51lpcIRtif4FPXb16JHlQmBcBBec', 'bb9a5b28b64a059ed7c92550d46f73ac', 0, '2019-03-22 10:26:26'),
(368, 5, '1', 'deqk4IN122Y:APA91bGyeM1T2R5frEyRBFwMJcaJ4FYYg7ldhnBnl_HHjQBpAx0L3DnFGxjKQ1tp2xBSSTtarxf_RKyFEOFkR__JRxcJsBlSzlyYqLx_zzd0AXTg60QbPYV9mRuD9hpqaVSp6KEvOs28', 'a2eb5b8b081050b518a8a17eab5106aa', 1, '2019-03-22 11:02:26'),
(369, 5, '1', 'fhtA_bk9VOE:APA91bErgiV4uccYlgR-2flZ6nydjnqydTzgWcYpQ0IXdg-D2Hd-Wj9MG8u-mQZTKWY-DBdewqo64sqphhRho5bM_l52q_TdsD5AD--Fxu35yBYM3OkJz63ttbBzg0T1s5TxNY78fobM', 'd001e5878cee06bcc86baf65f5a6c2b8', 1, '2019-03-22 13:25:27'),
(370, 5, '1', 'cFwSw30I7iI:APA91bEv7gME4XbFF8rnIg6bIZvLOXui_MpcKSl1rA1nyvWEuRgDjVHJ973p96LZ4L7RGBMJMoiOmWS9QTIo33UdYiRzWiwsGYTmTV-R4ycA3gd5pyQ6sCLKyzTuuiHFtLp4mBUMsasJ', '331539b16450558c74266b7fe260a31c', 1, '2019-03-22 14:06:08'),
(371, 5, '1', 'fDMoMtz7IBs:APA91bGMQMQ6bmDLYHgn4To-iaiPXWFca3h4edqJErhe1Iq38Gc-i5VVFb7HuCNDMlIkfi2jUoOopYxUjb2bRYRGPvJ32odkYcTp9O5-ToA7hcDMgkJPUoz1TDIFPorcH5ByCuzEGSrD', 'ccb91d6e8f32424de0df2d9457a4a21c', 1, '2019-03-25 06:10:52'),
(372, 5, '1', 'edWmv1nQcoQ:APA91bE_KfkrvXyU-WIPK9l-5AvyCivUcX7c_YW76f7w6nN8lKatA--nJUZ-KhlrOnGqIHVRtHmDFZp4rpkxKdd9lXvhnLCmzdbKagxA93J3R1AE8lPtIcyuyxq4It7UO689qG6rtFIA', '2becaf450d40c30439538b945256f30a', 1, '2019-03-25 06:11:22'),
(373, 5, '2', 'dxxPsdao0YE:APA91bGOQfeTj9_NoxburrlIyLfaBvd1HeFqw-N0uT96RF_bIa9SpD1JAjrGJK6TN5vf8Cs6ga9aq9jaNu-Xsl0fLuC1GRgrHU5yoPMTEtljhMz0gK6BhLY6FJNX4L4hfpkbR-dmdhTx', 'cc88cba967612c64d2f0a3b6a1a4ba26', 1, '2019-03-25 09:57:39'),
(374, 13, '1', 'dPQiHPX9_W8:APA91bFX6cNYH1e3PF9rWJXH086tYk2QlVfnNQXuQtWbYXimHhz8nlD1eqen-04fDo7U42OXK_oocGOKNDwdyPOETD2sFbE9sOvgP9DsPzl98x6IjKtetbJyYPb747wVOuWIeEFMF-MQ', '9930f1a30474f35a9b936fa39a9b635f', 0, '2019-03-26 05:12:06'),
(375, 10, '1', 'dPQiHPX9_W8:APA91bFX6cNYH1e3PF9rWJXH086tYk2QlVfnNQXuQtWbYXimHhz8nlD1eqen-04fDo7U42OXK_oocGOKNDwdyPOETD2sFbE9sOvgP9DsPzl98x6IjKtetbJyYPb747wVOuWIeEFMF-MQ', 'c56fc3ff6958c8599f41940b016790d5', 0, '2019-03-26 06:55:22'),
(376, 13, '1', 'dPQiHPX9_W8:APA91bFX6cNYH1e3PF9rWJXH086tYk2QlVfnNQXuQtWbYXimHhz8nlD1eqen-04fDo7U42OXK_oocGOKNDwdyPOETD2sFbE9sOvgP9DsPzl98x6IjKtetbJyYPb747wVOuWIeEFMF-MQ', '573c0b6a78554ddd569a81ab7632318d', 0, '2019-03-26 06:56:44'),
(377, 13, '2', 'e_0FEb9aYho:APA91bEEKpvDKtJ55K5ahUEO7dggindsE08qdCcXD_LisEhJELQnFaUXDiyDONjV1bpBNg2Q-h_NKiV6POVv-QErHDqRIHQ1u_Ibjb0xXS8ytjG1I-NnUEiu3Y4DhlXipP-ID7asoLK_', '43940d83aca1648766fac312c65eb45f', 0, '2019-03-26 10:15:55'),
(378, 13, '1', 'dPQiHPX9_W8:APA91bFX6cNYH1e3PF9rWJXH086tYk2QlVfnNQXuQtWbYXimHhz8nlD1eqen-04fDo7U42OXK_oocGOKNDwdyPOETD2sFbE9sOvgP9DsPzl98x6IjKtetbJyYPb747wVOuWIeEFMF-MQ', '56dfb71e16dd2e507ac09cbb3f7bf975', 0, '2019-03-26 10:16:22'),
(379, 13, '1', 'eBvuK-7sDQM:APA91bFYAClBYHtCcA95PCtE81IdnUNiu0zJTMw0vPHInjGlVAxw_LflsV5rWSCyfTAzXKjjpirQbkGp-spn4AuU_W62JfFpTfNnKTzFR_VLWeYomEJ-B_LlaIDclBGugPOBgGxk9csD', '1d5ecc2f8c3cf86e95adaa1989f7fc7f', 0, '2019-03-26 21:18:59'),
(380, 5, '2', 'clE4cZ5xHfA:APA91bHkB3oVSguiueuo-YuPJRjGZUU8NhKL0_1buuwLr-Y9vNfw0u51IW1L1w-uy4c03PtjpYMCnpbm7YtS7qowfsDuLvYID_U3p7KK_CPC1q9HDtxyFYeyzWkIvqjpf1WXJQS9y83Y', 'e1dc36125e715e9861116ec629738443', 0, '2019-03-29 14:19:24'),
(381, 5, '2', 'clE4cZ5xHfA:APA91bHkB3oVSguiueuo-YuPJRjGZUU8NhKL0_1buuwLr-Y9vNfw0u51IW1L1w-uy4c03PtjpYMCnpbm7YtS7qowfsDuLvYID_U3p7KK_CPC1q9HDtxyFYeyzWkIvqjpf1WXJQS9y83Y', '35831174dc7f113fc243028e5b8a9f54', 0, '2019-03-29 14:26:30'),
(382, 5, '1', 'ciGfl5ie1mA:APA91bGY0WtUJIa12Gt8AgtPTVGe1SaI7yoUSsMF_Nqxmy5Y3_4jeaQzZBor7DNsF_0wbMzPhcbeDmG4qmr-7eM1d4FC30qA0fF4EzKYRfw3QkqHd1V7nFV1DTKMHJJC402ZJw8nBZeO', '1c9baf2e9f60e4a09f5dddc57e909029', 0, '2019-03-29 15:01:20'),
(383, 5, '1', 'dTVFHOvIjhI:APA91bEddNNXgSYMW94W0ILvi-IWomz7nJ1Vclf341dN8EGThCT7BhBIBhpJiKn_rJcSIlXpQ5T8Lc28pTNoBLV7pvyl_WRCZiZQAealxRvRHtGk84v8OdhYdNUs7BzkVwDaHyl2DUoY', 'aefb93f6152a8e00ba9c40109bb6d2f1', 1, '2019-03-30 05:54:36'),
(384, 13, '1', 'dPQiHPX9_W8:APA91bFX6cNYH1e3PF9rWJXH086tYk2QlVfnNQXuQtWbYXimHhz8nlD1eqen-04fDo7U42OXK_oocGOKNDwdyPOETD2sFbE9sOvgP9DsPzl98x6IjKtetbJyYPb747wVOuWIeEFMF-MQ', 'd136fc5ae2e97bb858a79835392b19bc', 0, '2019-03-30 11:00:12'),
(385, 5, '2', 'faiFX36NLf0:APA91bEHhr0bdfEHYCLNq-ri5dwnlKrte6MjlKkavj7USt5ZwSPMNNlAsv4Gf4UpR5zxyKiHeaVVOtfQw2mDZ1Ghr3YRaqwsugUlsyQ1hKJjVJx5Bvc4GJ-dMMG9QKjXbM0MgOjSXayD', 'ac136df0d9423de2e796291f4cbb044a', 1, '2019-04-01 10:35:20'),
(386, 5, '1', 'djlF5ZI__54:APA91bGtrZ1qlQBi49z_dcfMUmBii-_ev8LtIBS_qe3JrKmX1rp1BbZgOzwoEDod7VO--TagVN_hg-4jsPXeJGkJhQMWN-mtKwrhMiWX3fY3kE_g2YkGEq9dK3cqYdgMkh-2EZS25Wwq', '8c2d06d28b0bb0d9b1b1621616d165a4', 1, '2019-04-03 09:48:06'),
(387, 5, '2', 'e_0FEb9aYho:APA91bEEKpvDKtJ55K5ahUEO7dggindsE08qdCcXD_LisEhJELQnFaUXDiyDONjV1bpBNg2Q-h_NKiV6POVv-QErHDqRIHQ1u_Ibjb0xXS8ytjG1I-NnUEiu3Y4DhlXipP-ID7asoLK_', 'f45a0294e5cf9883d38a33e2e1c6e3f7', 1, '2019-04-03 11:17:32'),
(388, 5, '1', 'cEYKO7HztbI:APA91bGR_q1J0bHQ0jv1Olh31TPTa05Btf6oflrCwDjg24X8yRPHCuv9XBaIx57txj3YtlFaCymFlJ1AyAQUYZfStWjh74uQktvjxVgkunXxxw6SgtIvIM8RcUkH-fRMlxWPraxrYMsx', '3b32e50f49ee9d3d66c6dc924c775113', 0, '2019-04-03 12:00:10'),
(389, 5, '1', 'dPQiHPX9_W8:APA91bFX6cNYH1e3PF9rWJXH086tYk2QlVfnNQXuQtWbYXimHhz8nlD1eqen-04fDo7U42OXK_oocGOKNDwdyPOETD2sFbE9sOvgP9DsPzl98x6IjKtetbJyYPb747wVOuWIeEFMF-MQ', 'bfbf7c6709d0429901c85327470f94b3', 0, '2019-04-03 12:15:44'),
(390, 5, '2', 'e6WmZmbxa4c:APA91bHyko2ls1cQntKwluzmdzdllXEsYhZuEyK1TUIVtyzFbrEvpf9bAE6dyF7I3moEkX9o1CtV-QohHYjd8u1KvfQkZQUIFzN3lUj90wiIlCpg51lpcIRtif4FPXb16JHlQmBcBBec', '7556b130ab93d23945a21055866f60da', 0, '2019-04-03 13:38:43'),
(391, 5, '1', 'cEYKO7HztbI:APA91bGR_q1J0bHQ0jv1Olh31TPTa05Btf6oflrCwDjg24X8yRPHCuv9XBaIx57txj3YtlFaCymFlJ1AyAQUYZfStWjh74uQktvjxVgkunXxxw6SgtIvIM8RcUkH-fRMlxWPraxrYMsx', '0e69ae10ef9de72dd4aee1cea2688aec', 1, '2019-04-03 13:41:02'),
(392, 5, '1', 'fPJ6cmZO0dg:APA91bGBNQs1TYFU07FnAdhisxnLD9xJ5U1f44ZfkXfK1_DM9PwBXjYOpxDd_ZS5cjpFXekD4fAiZp_I8TlW4q5wG61n5yXIjqKZXE-x5Iuu4V0g8A_4x_vhT-laau9UpP80TG4PqwPq', 'cf1f38849bbcdc983b7ca1c360dac365', 1, '2019-04-05 13:05:09'),
(393, 5, '2', 'eepJapLENSA:APA91bGvCo8WtoEAY-cjcduwpTyGIpCDBAuMYHmD58QqM0BRvQ7KwnfmdxS_RlKEMl-zMmdkfWUnBeIAuQEzQLpaO6KcwLrQTUdbLIciRxc0gWjtqbX9Wg1BsvtZM08acd6Sk32VzbSe', '61a05b21446ed00d9f34fb12644e4a93', 1, '2019-04-06 12:58:30'),
(394, 5, '1', 'cn61es9IGww:APA91bFcWoCzgee-1_Bg3THdcuLEyjYwrq19TmQXCobIXaa1ZslpbF1w46W3-vnhriKdgcVDmta_GXMsSfO2XqQpP4GvdceFKP_dsDRj4eeOuN_F2KvEln1oBl6vsxhVn555Ad36K0jX', '9bcafdadeaf4351daa66181d3c82f672', 1, '2019-04-08 06:23:00'),
(395, 5, '2', 'e6WmZmbxa4c:APA91bHyko2ls1cQntKwluzmdzdllXEsYhZuEyK1TUIVtyzFbrEvpf9bAE6dyF7I3moEkX9o1CtV-QohHYjd8u1KvfQkZQUIFzN3lUj90wiIlCpg51lpcIRtif4FPXb16JHlQmBcBBec', '31abadce07ac749cd1e28fb6fc6ffa97', 1, '2019-04-18 09:09:23'),
(396, 5, '2', 'emR7XREfDkA:APA91bEyojNqF9A2TBVCo4Y0jrlQ3893zZkxR8N0bBeTkhsuS0z-spFkW5pUZ99LMXNh24zSOtxJNcU6tfVXUdkUJ7PO0tf2ivcPQZnZnmogj_vU5WORLSB-l919EOfVuLLdgKrdez2m', '3ecf07d3aee2a993beb95815040e1d11', 1, '2019-04-22 12:43:14'),
(397, 5, '2', 'clE4cZ5xHfA:APA91bHkB3oVSguiueuo-YuPJRjGZUU8NhKL0_1buuwLr-Y9vNfw0u51IW1L1w-uy4c03PtjpYMCnpbm7YtS7qowfsDuLvYID_U3p7KK_CPC1q9HDtxyFYeyzWkIvqjpf1WXJQS9y83Y', '3c94390bb702b2a4ef23ae44f71fc4fb', 1, '2019-04-25 08:33:19'),
(398, 5, '1', 'dPQiHPX9_W8:APA91bFX6cNYH1e3PF9rWJXH086tYk2QlVfnNQXuQtWbYXimHhz8nlD1eqen-04fDo7U42OXK_oocGOKNDwdyPOETD2sFbE9sOvgP9DsPzl98x6IjKtetbJyYPb747wVOuWIeEFMF-MQ', 'dba37aee44b7973a5458b0a9c0abded7', 0, '2019-04-29 14:27:33'),
(399, 13, '1', 'eBvuK-7sDQM:APA91bFYAClBYHtCcA95PCtE81IdnUNiu0zJTMw0vPHInjGlVAxw_LflsV5rWSCyfTAzXKjjpirQbkGp-spn4AuU_W62JfFpTfNnKTzFR_VLWeYomEJ-B_LlaIDclBGugPOBgGxk9csD', 'a983d38c7f6e6bb0783346fbf79b81b3', 1, '2019-04-29 14:34:48'),
(400, 13, '1', 'dPQiHPX9_W8:APA91bFX6cNYH1e3PF9rWJXH086tYk2QlVfnNQXuQtWbYXimHhz8nlD1eqen-04fDo7U42OXK_oocGOKNDwdyPOETD2sFbE9sOvgP9DsPzl98x6IjKtetbJyYPb747wVOuWIeEFMF-MQ', 'c10d833c199faf752feb3e5f640bdd0d', 0, '2019-04-29 14:36:58'),
(401, 17, '2', 'ehngiZ1mcpo:APA91bE96fIWNDNgQukrOkntAp-rOEZQzKMU8cSsk3LDzKqGb3JTMr2Vnq9kE6ZSa1U4iVcEqYo53i8C5VjplDtxjMN5qNC6t7cB_ptGwVQQiae2vi3eLSnLfC31fshre_dQzd3cH-8h', '2c931aaef39740faaf2521ad1de6559f', 1, '2019-04-30 18:04:00'),
(402, 5, '1', 'dPQiHPX9_W8:APA91bFX6cNYH1e3PF9rWJXH086tYk2QlVfnNQXuQtWbYXimHhz8nlD1eqen-04fDo7U42OXK_oocGOKNDwdyPOETD2sFbE9sOvgP9DsPzl98x6IjKtetbJyYPb747wVOuWIeEFMF-MQ', '0ba11df51b874d873c90bba57cb0a66b', 0, '2019-05-01 07:08:21'),
(403, 5, '1', 'dPQiHPX9_W8:APA91bFX6cNYH1e3PF9rWJXH086tYk2QlVfnNQXuQtWbYXimHhz8nlD1eqen-04fDo7U42OXK_oocGOKNDwdyPOETD2sFbE9sOvgP9DsPzl98x6IjKtetbJyYPb747wVOuWIeEFMF-MQ', 'f5474a6acaf589dec91f5e5ae8130f38', 0, '2019-05-01 12:08:12'),
(404, 5, '1', 'ciGfl5ie1mA:APA91bGY0WtUJIa12Gt8AgtPTVGe1SaI7yoUSsMF_Nqxmy5Y3_4jeaQzZBor7DNsF_0wbMzPhcbeDmG4qmr-7eM1d4FC30qA0fF4EzKYRfw3QkqHd1V7nFV1DTKMHJJC402ZJw8nBZeO', '1ef5c885381f073226f0674e8bfbc1e5', 1, '2019-05-01 12:16:24'),
(405, 13, '1', 'dPQiHPX9_W8:APA91bFX6cNYH1e3PF9rWJXH086tYk2QlVfnNQXuQtWbYXimHhz8nlD1eqen-04fDo7U42OXK_oocGOKNDwdyPOETD2sFbE9sOvgP9DsPzl98x6IjKtetbJyYPb747wVOuWIeEFMF-MQ', '30029356bdb0eb96b1e8655e784c195a', 1, '2019-05-01 12:21:32'),
(406, 5, '1', 'efLh8nndG1c:APA91bE-B2MvsZTht0JAbTuuhgg2ksoyWi1df23bxOgjbVCYk6wHPFrrkLedN75UElCNJ_TfGU0qj745_lRn69woKFnO9xzDVEXtK737_aKHD9PtJFBNbGjtKfUH-c6mSBvz2TxpU4bn', 'bb9f66ce13237ce409b970262a0adccc', 0, '2019-05-01 13:20:27'),
(407, 5, '2', 'ciIH6e1JKPk:APA91bFEWjrKGeqH2uZTMph2foBMd9O6A5JFz2yi5tgw3MIpdYTTDbDXvB1HXaEmjor0A3sRkPOR0ekMSk8ZEtkVB1NS9BWg_LJ-6RgAtO-93FmoK_472zij7YVcCxNBXDVSBAhxM2yJ', 'c0528acfd5941d1b35c1120366dcf589', 0, '2019-05-01 13:36:13'),
(408, 13, '2', 'ciIH6e1JKPk:APA91bFEWjrKGeqH2uZTMph2foBMd9O6A5JFz2yi5tgw3MIpdYTTDbDXvB1HXaEmjor0A3sRkPOR0ekMSk8ZEtkVB1NS9BWg_LJ-6RgAtO-93FmoK_472zij7YVcCxNBXDVSBAhxM2yJ', 'cc6d3693dcaff0cdabac3bb98c4ca840', 0, '2019-05-01 13:47:51'),
(409, 5, '2', 'ciIH6e1JKPk:APA91bFEWjrKGeqH2uZTMph2foBMd9O6A5JFz2yi5tgw3MIpdYTTDbDXvB1HXaEmjor0A3sRkPOR0ekMSk8ZEtkVB1NS9BWg_LJ-6RgAtO-93FmoK_472zij7YVcCxNBXDVSBAhxM2yJ', 'a90350fc4498ad5dd37f90837645adb2', 0, '2019-05-01 13:49:58'),
(410, 5, '1', 'efLh8nndG1c:APA91bE-B2MvsZTht0JAbTuuhgg2ksoyWi1df23bxOgjbVCYk6wHPFrrkLedN75UElCNJ_TfGU0qj745_lRn69woKFnO9xzDVEXtK737_aKHD9PtJFBNbGjtKfUH-c6mSBvz2TxpU4bn', '086133857383ea935290245146598892', 1, '2019-05-01 13:50:27'),
(411, 5, '2', 'ciIH6e1JKPk:APA91bFEWjrKGeqH2uZTMph2foBMd9O6A5JFz2yi5tgw3MIpdYTTDbDXvB1HXaEmjor0A3sRkPOR0ekMSk8ZEtkVB1NS9BWg_LJ-6RgAtO-93FmoK_472zij7YVcCxNBXDVSBAhxM2yJ', '835a5abbf53ccbeaa523224fd8d3810c', 1, '2019-05-01 14:05:21');

-- --------------------------------------------------------

--
-- Table structure for table `tbl_user_tour`
--

CREATE TABLE `tbl_user_tour` (
  `tour_id` int(11) NOT NULL,
  `tour_name` varchar(255) NOT NULL,
  `tour_type` tinyint(4) DEFAULT NULL COMMENT '1=>Image,2Video',
  `tour_data` varchar(255) NOT NULL,
  `tour_description` text NOT NULL,
  `tour_order` int(11) DEFAULT NULL,
  `is_active` tinyint(4) NOT NULL DEFAULT '1',
  `created_date` datetime NOT NULL,
  `created_by` int(11) NOT NULL,
  `updated_date` datetime NOT NULL,
  `updated_by` int(11) NOT NULL
) ENGINE=InnoDB DEFAULT CHARSET=latin1;

--
-- Dumping data for table `tbl_user_tour`
--

INSERT INTO `tbl_user_tour` (`tour_id`, `tour_name`, `tour_type`, `tour_data`, `tour_description`, `tour_order`, `is_active`, `created_date`, `created_by`, `updated_date`, `updated_by`) VALUES
(1, 'Tour 3', 1, '53a169e97fa2d6ab95fd31f9b44fe9a2.png', 'Tour English', 1, 0, '2019-01-26 06:21:55', 1, '2019-05-01 01:50:56', 0),
(2, 'test', 1, '947313d44e10d14cbb47cc9443540a2f.jpg', 'Image', 3, 0, '2019-01-26 06:42:55', 1, '2019-04-24 02:09:05', 0),
(4, 'Tour', 2, '7e40b993fbfc8a36625039a1f21f07f9.mp4', 'It can be considered similar to Windows\' WordPad application. In later versions it also gained additional read only display capabilities for PICT files, as well as other Mac OS built-in formats like Quickdraw GX and QTIF, 3DMF and even QuickTime movies.[2', 2, 1, '2019-01-26 02:28:29', 1, '2019-03-01 11:09:22', 0);

-- --------------------------------------------------------

--
-- Table structure for table `user_tour_setting`
--

CREATE TABLE `user_tour_setting` (
  `id` int(11) NOT NULL,
  `user_tour_is_active` tinyint(4) NOT NULL
) ENGINE=InnoDB DEFAULT CHARSET=latin1;

--
-- Dumping data for table `user_tour_setting`
--

INSERT INTO `user_tour_setting` (`id`, `user_tour_is_active`) VALUES
(1, 1);

-- --------------------------------------------------------

--
-- Table structure for table `user_tour_translation`
--

CREATE TABLE `user_tour_translation` (
  `translation_id` int(11) NOT NULL,
  `tour_id` int(11) NOT NULL,
  `language_id` int(11) NOT NULL,
  `tour_description` varchar(255) NOT NULL,
  `is_default` tinyint(4) NOT NULL,
  `created_date` datetime NOT NULL
) ENGINE=InnoDB DEFAULT CHARSET=latin1;

--
-- Dumping data for table `user_tour_translation`
--

INSERT INTO `user_tour_translation` (`translation_id`, `tour_id`, `language_id`, `tour_description`, `is_default`, `created_date`) VALUES
(11, 4, 1, 'It can be considered similar to Windows\' WordPad application. In later versions it also gained additional read only display capabilities for PICT files, as well as other Mac OS built-in formats like Quickdraw GX and QTIF, 3DMF and even QuickTime movies.[2', 1, '2019-03-01 11:09:22'),
(19, 5, 1, 'test user tour', 1, '2019-03-16 07:58:49'),
(20, 6, 1, 'test', 0, '2019-03-18 06:23:08'),
(21, 6, 4, 'test', 0, '2019-03-18 06:23:08'),
(22, 7, 1, '           ', 1, '2019-04-24 02:07:34'),
(23, 2, 1, 'Image', 1, '2019-04-24 02:09:05'),
(31, 1, 1, 'Tour English', 1, '2019-05-01 01:50:56'),
(32, 1, 2, 'Tour French', 0, '2019-05-01 01:50:56'),
(33, 1, 3, 'Tour portuguese', 0, '2019-05-01 01:50:56'),
(34, 1, 4, 'Tour Spanish', 0, '2019-05-01 01:50:56'),
(35, 1, 5, 'Tour Italian', 0, '2019-05-01 01:50:56'),
(36, 1, 7, 'Tour Russian', 0, '2019-05-01 01:50:56');

--
-- Indexes for dumped tables
--

--
-- Indexes for table `app_version`
--
ALTER TABLE `app_version`
  ADD PRIMARY KEY (`id`);

--
-- Indexes for table `keys`
--
ALTER TABLE `keys`
  ADD PRIMARY KEY (`id`);

--
-- Indexes for table `logs`
--
ALTER TABLE `logs`
  ADD PRIMARY KEY (`id`);

--
-- Indexes for table `tbl_activity`
--
ALTER TABLE `tbl_activity`
  ADD PRIMARY KEY (`activity_id`),
  ADD KEY `index_name` (`user_id`,`contact_id`);

--
-- Indexes for table `tbl_contact_statics`
--
ALTER TABLE `tbl_contact_statics`
  ADD PRIMARY KEY (`statics_id`),
  ADD KEY `user_id` (`user_id`);

--
-- Indexes for table `tbl_content_type`
--
ALTER TABLE `tbl_content_type`
  ADD PRIMARY KEY (`content_type_id`);

--
-- Indexes for table `tbl_country`
--
ALTER TABLE `tbl_country`
  ADD PRIMARY KEY (`country_id`);

--
-- Indexes for table `tbl_guest_pass`
--
ALTER TABLE `tbl_guest_pass`
  ADD PRIMARY KEY (`guest_id`);

--
-- Indexes for table `tbl_label`
--
ALTER TABLE `tbl_label`
  ADD PRIMARY KEY (`label_id`);

--
-- Indexes for table `tbl_label_translation`
--
ALTER TABLE `tbl_label_translation`
  ADD PRIMARY KEY (`translation_id`),
  ADD KEY `label_id` (`label_id`),
  ADD KEY `language_id` (`language_id`);

--
-- Indexes for table `tbl_label_type`
--
ALTER TABLE `tbl_label_type`
  ADD PRIMARY KEY (`label_type`);

--
-- Indexes for table `tbl_language`
--
ALTER TABLE `tbl_language`
  ADD PRIMARY KEY (`language_id`);

--
-- Indexes for table `tbl_media`
--
ALTER TABLE `tbl_media`
  ADD PRIMARY KEY (`media_id`),
  ADD KEY `section_id` (`section_id`);

--
-- Indexes for table `tbl_media_tags`
--
ALTER TABLE `tbl_media_tags`
  ADD PRIMARY KEY (`tag_id`);

--
-- Indexes for table `tbl_media_tag_translation`
--
ALTER TABLE `tbl_media_tag_translation`
  ADD PRIMARY KEY (`translation_id`),
  ADD KEY `tag_id` (`tag_id`);

--
-- Indexes for table `tbl_media_translation`
--
ALTER TABLE `tbl_media_translation`
  ADD PRIMARY KEY (`translation_id`);

--
-- Indexes for table `tbl_notification`
--
ALTER TABLE `tbl_notification`
  ADD PRIMARY KEY (`id`),
  ADD KEY `user_id` (`user_id`);

--
-- Indexes for table `tbl_push_notification`
--
ALTER TABLE `tbl_push_notification`
  ADD PRIMARY KEY (`alert_id`);

--
-- Indexes for table `tbl_push_notification_translation`
--
ALTER TABLE `tbl_push_notification_translation`
  ADD PRIMARY KEY (`translation_id`);

--
-- Indexes for table `tbl_rank`
--
ALTER TABLE `tbl_rank`
  ADD PRIMARY KEY (`rank_id`);

--
-- Indexes for table `tbl_role`
--
ALTER TABLE `tbl_role`
  ADD PRIMARY KEY (`role_id`);

--
-- Indexes for table `tbl_section`
--
ALTER TABLE `tbl_section`
  ADD PRIMARY KEY (`section_id`);

--
-- Indexes for table `tbl_section_translation`
--
ALTER TABLE `tbl_section_translation`
  ADD PRIMARY KEY (`translation_id`),
  ADD KEY `section_id` (`section_id`);

--
-- Indexes for table `tbl_shortLink`
--
ALTER TABLE `tbl_shortLink`
  ADD PRIMARY KEY (`id`),
  ADD KEY `media_id` (`media_id`);

--
-- Indexes for table `tbl_users`
--
ALTER TABLE `tbl_users`
  ADD PRIMARY KEY (`user_id`),
  ADD KEY `rank_id` (`rank_id`),
  ADD KEY `country_id` (`country_id`);

--
-- Indexes for table `tbl_users_contacts`
--
ALTER TABLE `tbl_users_contacts`
  ADD PRIMARY KEY (`contact_id`),
  ADD KEY `index_name` (`user_id`);

--
-- Indexes for table `tbl_user_contact_numbers`
--
ALTER TABLE `tbl_user_contact_numbers`
  ADD PRIMARY KEY (`user_contact_number_id`);

--
-- Indexes for table `tbl_user_meta`
--
ALTER TABLE `tbl_user_meta`
  ADD PRIMARY KEY (`id`);

--
-- Indexes for table `tbl_user_tour`
--
ALTER TABLE `tbl_user_tour`
  ADD PRIMARY KEY (`tour_id`);

--
-- Indexes for table `user_tour_setting`
--
ALTER TABLE `user_tour_setting`
  ADD PRIMARY KEY (`id`);

--
-- Indexes for table `user_tour_translation`
--
ALTER TABLE `user_tour_translation`
  ADD PRIMARY KEY (`translation_id`);

--
-- AUTO_INCREMENT for dumped tables
--

--
-- AUTO_INCREMENT for table `app_version`
--
ALTER TABLE `app_version`
  MODIFY `id` int(11) NOT NULL AUTO_INCREMENT, AUTO_INCREMENT=2;
--
-- AUTO_INCREMENT for table `keys`
--
ALTER TABLE `keys`
  MODIFY `id` int(11) NOT NULL AUTO_INCREMENT, AUTO_INCREMENT=166;
--
-- AUTO_INCREMENT for table `logs`
--
ALTER TABLE `logs`
  MODIFY `id` int(11) NOT NULL AUTO_INCREMENT;
--
-- AUTO_INCREMENT for table `tbl_activity`
--
ALTER TABLE `tbl_activity`
  MODIFY `activity_id` int(11) NOT NULL AUTO_INCREMENT, AUTO_INCREMENT=3;
--
-- AUTO_INCREMENT for table `tbl_contact_statics`
--
ALTER TABLE `tbl_contact_statics`
  MODIFY `statics_id` int(11) NOT NULL AUTO_INCREMENT, AUTO_INCREMENT=6;
--
-- AUTO_INCREMENT for table `tbl_content_type`
--
ALTER TABLE `tbl_content_type`
  MODIFY `content_type_id` int(11) NOT NULL AUTO_INCREMENT, AUTO_INCREMENT=8;
--
-- AUTO_INCREMENT for table `tbl_country`
--
ALTER TABLE `tbl_country`
  MODIFY `country_id` int(11) NOT NULL AUTO_INCREMENT, AUTO_INCREMENT=246;
--
-- AUTO_INCREMENT for table `tbl_guest_pass`
--
ALTER TABLE `tbl_guest_pass`
  MODIFY `guest_id` int(11) NOT NULL AUTO_INCREMENT, AUTO_INCREMENT=10796;
--
-- AUTO_INCREMENT for table `tbl_label`
--
ALTER TABLE `tbl_label`
  MODIFY `label_id` int(11) NOT NULL AUTO_INCREMENT, AUTO_INCREMENT=167;
--
-- AUTO_INCREMENT for table `tbl_label_translation`
--
ALTER TABLE `tbl_label_translation`
  MODIFY `translation_id` int(11) NOT NULL AUTO_INCREMENT, AUTO_INCREMENT=1304;
--
-- AUTO_INCREMENT for table `tbl_label_type`
--
ALTER TABLE `tbl_label_type`
  MODIFY `label_type` int(11) NOT NULL AUTO_INCREMENT, AUTO_INCREMENT=13;
--
-- AUTO_INCREMENT for table `tbl_language`
--
ALTER TABLE `tbl_language`
  MODIFY `language_id` int(11) NOT NULL AUTO_INCREMENT, AUTO_INCREMENT=9;
--
-- AUTO_INCREMENT for table `tbl_media`
--
ALTER TABLE `tbl_media`
  MODIFY `media_id` int(11) NOT NULL AUTO_INCREMENT, AUTO_INCREMENT=5;
--
-- AUTO_INCREMENT for table `tbl_media_tags`
--
ALTER TABLE `tbl_media_tags`
  MODIFY `tag_id` int(11) NOT NULL AUTO_INCREMENT, AUTO_INCREMENT=3;
--
-- AUTO_INCREMENT for table `tbl_media_tag_translation`
--
ALTER TABLE `tbl_media_tag_translation`
  MODIFY `translation_id` int(11) NOT NULL AUTO_INCREMENT, AUTO_INCREMENT=6;
--
-- AUTO_INCREMENT for table `tbl_media_translation`
--
ALTER TABLE `tbl_media_translation`
  MODIFY `translation_id` int(11) NOT NULL AUTO_INCREMENT, AUTO_INCREMENT=14;
--
-- AUTO_INCREMENT for table `tbl_notification`
--
ALTER TABLE `tbl_notification`
  MODIFY `id` int(11) NOT NULL AUTO_INCREMENT, AUTO_INCREMENT=5;
--
-- AUTO_INCREMENT for table `tbl_push_notification`
--
ALTER TABLE `tbl_push_notification`
  MODIFY `alert_id` int(11) NOT NULL AUTO_INCREMENT, AUTO_INCREMENT=80;
--
-- AUTO_INCREMENT for table `tbl_push_notification_translation`
--
ALTER TABLE `tbl_push_notification_translation`
  MODIFY `translation_id` int(11) NOT NULL AUTO_INCREMENT, AUTO_INCREMENT=80;
--
-- AUTO_INCREMENT for table `tbl_rank`
--
ALTER TABLE `tbl_rank`
  MODIFY `rank_id` int(11) NOT NULL AUTO_INCREMENT, AUTO_INCREMENT=9;
--
-- AUTO_INCREMENT for table `tbl_role`
--
ALTER TABLE `tbl_role`
  MODIFY `role_id` int(11) NOT NULL AUTO_INCREMENT;
--
-- AUTO_INCREMENT for table `tbl_section`
--
ALTER TABLE `tbl_section`
  MODIFY `section_id` int(11) NOT NULL AUTO_INCREMENT, AUTO_INCREMENT=9;
--
-- AUTO_INCREMENT for table `tbl_section_translation`
--
ALTER TABLE `tbl_section_translation`
  MODIFY `translation_id` int(11) NOT NULL AUTO_INCREMENT, AUTO_INCREMENT=17;
--
-- AUTO_INCREMENT for table `tbl_shortLink`
--
ALTER TABLE `tbl_shortLink`
  MODIFY `id` int(11) NOT NULL AUTO_INCREMENT, AUTO_INCREMENT=704;
--
-- AUTO_INCREMENT for table `tbl_users`
--
ALTER TABLE `tbl_users`
  MODIFY `user_id` int(11) NOT NULL AUTO_INCREMENT, AUTO_INCREMENT=21;
--
-- AUTO_INCREMENT for table `tbl_users_contacts`
--
ALTER TABLE `tbl_users_contacts`
  MODIFY `contact_id` int(11) NOT NULL AUTO_INCREMENT, AUTO_INCREMENT=9;
--
-- AUTO_INCREMENT for table `tbl_user_contact_numbers`
--
ALTER TABLE `tbl_user_contact_numbers`
  MODIFY `user_contact_number_id` int(11) NOT NULL AUTO_INCREMENT, AUTO_INCREMENT=28;
--
-- AUTO_INCREMENT for table `tbl_user_meta`
--
ALTER TABLE `tbl_user_meta`
  MODIFY `id` int(11) NOT NULL AUTO_INCREMENT, AUTO_INCREMENT=412;
--
-- AUTO_INCREMENT for table `tbl_user_tour`
--
ALTER TABLE `tbl_user_tour`
  MODIFY `tour_id` int(11) NOT NULL AUTO_INCREMENT, AUTO_INCREMENT=5;
--
-- AUTO_INCREMENT for table `user_tour_setting`
--
ALTER TABLE `user_tour_setting`
  MODIFY `id` int(11) NOT NULL AUTO_INCREMENT, AUTO_INCREMENT=2;
--
-- AUTO_INCREMENT for table `user_tour_translation`
--
ALTER TABLE `user_tour_translation`
  MODIFY `translation_id` int(11) NOT NULL AUTO_INCREMENT, AUTO_INCREMENT=37;
/*!40101 SET CHARACTER_SET_CLIENT=@OLD_CHARACTER_SET_CLIENT */;
/*!40101 SET CHARACTER_SET_RESULTS=@OLD_CHARACTER_SET_RESULTS */;
/*!40101 SET COLLATION_CONNECTION=@OLD_COLLATION_CONNECTION */;
